id,name,elevation_mean,slope_mean
relation/10091503,Bahalda,259.2103741972280,3.349405252175820
relation/10091504,Tiring,276.08960069083500,4.510903257545260
relation/10091539,Badampahar,322.5815414451570,4.396368352298900
relation/10091540,Rairangpur,294.9106340741770,3.4741244693394400
relation/10091541,Rairangpur Town,256.52207362942100,2.499315541772730
relation/10091542,Jamda,278.7871743916620,4.0622775166203600
relation/10091640,Ghagarbeda,376.9976964591290,3.045488407776840
relation/10091641,Raruan,379.2537846090860,2.705859594942760
relation/10091642,Jashipur,586.2772919677930,8.51410697952375
relation/10091643,Gorumahisani,396.31654110460700,9.14695982683141
relation/10091644,Bisoi,351.70487154968500,5.479569198499460
relation/10091699,Thakurmunda,547.0769456415660,7.752522864098430
relation/10091700,Karanjia,538.4671041504580,6.3111565883781200
relation/10092482,Baisinga,24.12275213575800,1.9931092917333700
relation/10092483,Rasagobindapur,27.052155360313600,2.1107348417187700
relation/10092484,Betanati,50.76772559777930,2.169650422869020
relation/10092485,Barsahi,38.764892517466500,2.5739012296141000
relation/10092486,Khunta,59.21534639433920,2.3466056829916900
relation/10092487,Muruda,40.1992668075059,2.1859395799505600
relation/10092488,Suliapada,59.82320688700100,2.1798078202500400
relation/10092489,Chandua,80.20150363628920,2.4921785637460600
relation/10092490,Koliana,70.94419981471300,3.312897472050080
relation/10092491,Bangiriposi,389.0532090013700,10.300208509641500
relation/10092492,Jharpokharia,121.00562129235900,4.082133441928570
relation/10092493,Baripada (M),40.715172900494000,2.8282391275582200
relation/10092494,Baripada Town,53.403689666703800,2.7705667045201200
relation/10092495,Baripada Sadar,484.99486443690500,10.576118453312700
relation/10092496,Udala,272.0132704259770,7.418461892597120
relation/10092497,Kaptipada,72.15207645819250,3.0515542374060700
relation/10092498,Sharata,159.27302374902500,3.8565713304389
relation/10092499,Mahuldiha,242.83552306223200,5.801072150522690
relation/10093118,Raibania,30.433175372416400,2.070517762497560
relation/10093130,Jaleswar,10.650529138533700,2.606841894934910
relation/10093221,Basta,6.498600040874720,2.2943196068984100
relation/10093222,Rupsa,10.856211489786000,2.0539568445913100
relation/10093223,Singla,4.503986708290420,2.4412573927496600
relation/10093224,Baliapal,4.847708197385300,2.58561851093427
relation/10093225,Bhograi,4.199410408101880,2.535347098490210
relation/10093226,Kamarda,5.601032224487140,2.5146885347040500
relation/10093627,Remuna,16.28404756400620,2.0054070735566100
relation/10093628,Bampada,18.836543156295800,1.8836576215211800
relation/10093629,Sahadevkhunta,7.28856145792943,2.1247525082396300
relation/10093630,Chandipur,6.363731971153850,2.5021843848201000
relation/10093631,Baleshwar (M),13.684831074004200,2.253656447317230
relation/10093632,Baleshwar Sadar,8.365544192528000,2.111093532104530
relation/10093633,Balaramgadi Marine,3.2748074738038100,2.26048905208729
relation/10093725,Similia,13.812414015880200,1.8598042446232000
relation/10093726,Khaira,35.019366320272000,2.1113738201925800
relation/10093727,Oupada,187.86290782037000,8.547679249373550
relation/10093728,Berhampur,107.8405404345300,4.970018203472390
relation/10093729,Soro,15.377237958447500,1.9907367263377400
relation/10093730,Nilagiri,86.75795685548710,6.119959267574870
relation/10095628,Joda,497.59246357662300,6.632993759499960
relation/10095629,Barbil,546.4306190224320,8.239907108905900
relation/10095630,Rugudi,570.9933458182250,6.593759131237470
relation/10095631,Bolani,574.9131824350950,9.216321436718080
relation/10095669,Champua,411.48386057965500,3.290600780702250
relation/10095791,Nayakote,611.3949896530590,8.280502011658440
relation/10095792,Bamebari,556.6701331562280,7.028420225528390
relation/10095924,Baria,397.21762024445500,2.8475836431226800
relation/10095925,Jhumpura,414.4024508705070,2.8584240051960300
relation/10096359,Turumunga,369.8507743258700,2.8432401950576600
relation/10096360,Kanjipani,587.5147279715630,11.435165787762800
relation/10096361,Kendujhar Town,565.621519209303,6.204986549424980
relation/10096363,Kendujhar Sadar,505.16847515371500,5.2178432842015700
relation/10096420,Patana,339.9246764059840,3.2185946278554700
relation/10097234,Telkoi,208.1488776863790,6.58336233868192
relation/10097235,Pandapara,512.6804553629260,5.73092629622328
relation/10097236,Ghatgaon,318.4657508638340,4.5335297833449800
relation/10097307,Nandipada,29.531060112004800,1.7548969752492200
relation/10097308,Soso,121.47687496644700,7.405510985397540
relation/10097309,Anandapur,157.59988011422800,4.628494423291070
relation/10097310,Ghasipura,101.2885638270930,4.364842466155910
relation/10097311,Daitari,320.60570555121000,8.428562400934970
relation/10097312,Harichandanpur,396.52386390264000,6.401697657656590
relation/10098001,Dhamara Marine,2.2075748678802100,1.591290626070420
relation/10098002,Bansada,2.454178378151610,1.7802123150744900
relation/10098003,Chandabali,2.2962534198943100,1.9261793430055100
relation/10098004,Tihidi,3.3456958601361400,1.9138993982424800
relation/10098005,Naikanidihi,2.5978131568512500,1.8640254953978100
relation/10098006,Basudebpur,4.560947921101180,2.0644939381369800
relation/10098007,Dhusuri,3.711076728538160,1.9105556033884500
relation/10098008,Dhamanagar,9.41292671042449,1.6538975393390500
relation/10098009,Bhandari Pokhari,16.17942426169790,1.6628593895247100
relation/10098010,Bhadrak Rural,14.57401457986430,1.8575174716955400
relation/10098011,Bant,26.799623342873100,1.6656718251422700
relation/10098012,Agarpada,29.486662956779800,1.7906349993044000
relation/10098511,Bari - Ramachandrapur,9.22041633930874,1.6915810413280600
relation/10098512,Binjharpur,6.912746609720030,1.7527019723509100
relation/10098513,Mangalpur,5.0120988435746500,1.8799544475759500
relation/10098514,Jajapur,11.00579256241070,1.6584611700672000
relation/10098515,Jajpur Sadar,12.967137068013600,1.5609445253102700
relation/10098516,Balichandrapur,15.429090794926500,2.7557867245384900
relation/10098517,Badachana,40.78933377745990,3.1442980758868700
relation/10098518,Dharmasala,19.00766241130830,2.305421374992510
relation/10098519,Kuakhia,16.330254818901300,1.630642019053950
relation/10098520,Panikoili,19.0262966757889,1.5718424534052700
relation/10098521,Korai,33.25709000978500,1.726552984637110
relation/10098522,Jajapur Road,28.71972887551880,1.7814984673089400
relation/10098523,Jenapur,30.329848528578600,3.081694820361520
relation/10098524,Jakhapura,32.518070882232700,2.096764550612090
relation/10098525,Kalinganagar,64.63036426840310,2.8209092098337800
relation/10098526,Sukinda,59.960810214087800,2.581416827816180
relation/10098527,Tomka,171.77251134854800,7.945413125488340
relation/10098528,Kaliapani,234.57294365072500,9.591059130936810
relation/10098771,Hemgir,302.59944861691300,4.787733775285130
relation/10098772,Lephripara,342.4245496858700,6.622880192059340
relation/10098773,Kinjirkela,338.13814072237300,3.95096666455519
relation/10098774,Talasara,343.8341447268160,4.625344051224770
relation/10099085,Rajagangapur,287.37947195006800,5.622448243869390
relation/10099086,Raiboga,236.44674013162300,3.7746351647028100
relation/10099087,Kutra,268.1431762789110,4.437064069976270
relation/10099088,Baragaon,287.9131179877580,4.6512698703398500
relation/10099089,Dharuadihi,243.13556674563000,3.231679039753530
relation/10099090,Sundargarh,266.48706257287500,4.255402552364820
relation/10099091,Sundargarh Town,242.0269599279110,3.3866237103922600
relation/10099092,Bhasma,223.25274861817600,3.145110606078830
relation/10100604,Koida,677.4204070913290,9.207939298296260
relation/10100605,Kamarposh Balang,337.25577815324400,7.574879698037600
relation/10100606,Chandiposh,308.59930823260200,11.417866491299400
relation/10100607,Biramitrapur,229.92889843399600,4.806666329154690
relation/10100608,Hatibari,237.09471329894900,4.268739730558300
relation/10100609,Bisra,240.32402221071000,4.9656982850920200
relation/10100610,Bondamunda,217.95231645481700,3.513388748524000
relation/10100611,Lathikata,249.55818711637400,7.233131318894100
relation/10100612,Tangarapali,213.91354363720000,5.087772892274660
relation/10100613,Raghunathapali,185.7851016671490,3.7502552218849400
relation/10100614,Raurkela (M),203.05105940806900,3.237643100709460
relation/10100615,Rourkela,204.66390706867300,3.465501237623760
relation/10100616,Brahmani Tarang,239.79681642152400,5.819161401462520
relation/10100694,Mahulapada,365.6260587977430,11.594658992887100
relation/10100695,Lahunipara,350.4578437404650,8.65994534234401
relation/10100696,Banei,185.42315541899000,5.514795847400830
relation/10100697,Tikaetpali,289.5202103890270,7.093795768700360
relation/10100698,Gurundia,441.3439538384350,10.664233451618800
relation/10102953,Reamal,292.9586569032950,7.4313246203914700
relation/10102954,Kundheigola,167.92030677488900,5.509538470189650
relation/10102955,Barkot,199.55359530960400,6.7404739631639900
relation/10102956,Debagarh,321.77804408048400,8.776347129660160
relation/10103478,Bantala,289.95819472766100,10.41367958135760
relation/10103479,Purunakot,300.67989192575600,11.692974529592200
relation/10103480,Thakurgarh,300.69912018313300,9.981261879955040
relation/10103481,Athmallik,180.43695521356500,8.654083328864820
relation/10103482,Kiakata,123.1017316017320,4.660238435806620
relation/10103483,Kishorenagar,199.5986553489130,5.2346533270046000
relation/10103484,Handapa,299.2843625469430,7.779608504093070
relation/10103485,Jarapada,233.88886922393800,5.592683241115070
relation/10103486,Chhendipada,184.1856101868970,4.32473156705689
relation/10103487,Industrial,161.0015381577440,3.353993883744380
relation/10103488,Banarpal,91.43065031522580,2.528292058899730
relation/10103489,NALCO,100.56176494444000,2.8720036980898700
relation/10103490,Anugul,125.65135354829200,3.1404860580831100
relation/10103491,Colliery,109.07181937758900,3.6465657096580100
relation/10103492,Bikrampur,113.15587255032700,2.827916486135180
relation/10103493,Talcher Sadar,96.02458123611520,3.580723306351390
relation/10103494,Samal Barrage,108.30719637831600,4.790646047120290
relation/10103495,N.T.P.C.,84.93047443192520,3.352710366657870
relation/10103496,Kaniha,115.27120150348000,4.63346949257539
relation/10103497,Rengali Damsite,117.00899436982300,4.882670681832860
relation/10103498,Khamar,160.66663394960400,6.122452530516100
relation/10103499,Palalahada,268.9941944198130,7.124026858757180
relation/10103705,Dhenkanal Sadar,89.98885181455280,4.7361697222660400
relation/10103706,Rasol,168.67940426830900,6.647062113580430
relation/10103707,Hindol,184.4308113616600,6.739639115021270
relation/10103708,Motunga,66.3334430713128,3.494098681878040
relation/10103709,Balimi,107.5547564495700,3.2394223248215900
relation/10103710,Bhusan Steel Limited,75.21124337453040,2.7093221464624100
relation/10103711,Tumusingha,77.44061688930600,4.742963858380870
relation/10103712,Gandia,104.23664638705900,5.702255170976960
relation/10103713,Nihalprasad,53.3610229466009,2.9279531015440700
relation/10103714,Bhuban,41.95973234422470,2.3339257422974400
relation/10103715,Kamakshyanagar,76.2157390626955,4.077732913425870
relation/10103716,Parajang,116.86680547983100,4.4373713248757000
relation/10103717,Kankadahad,156.51773608204700,6.85322806691352
relation/10104745,Laikera,245.9886896827910,3.1362232745378100
relation/10104746,Kolabira,218.54633288694300,2.7928398970562900
relation/10104747,Jharsuguda,215.42703150460200,2.9923789625988400
relation/10104748,Badmal,205.71390537516500,2.968416374041410
relation/10104749,Orient,214.0110831393780,3.379182648157820
relation/10104750,Brajarajnagar,229.40182752102400,4.079620902939660
relation/10104751,Belpahar,225.52445652173900,3.2143636116177800
relation/10104752,Banaharapali,191.95701712095100,1.476827121719220
relation/10104753,Lakhanpur,228.5046699070100,3.9486263427684500
relation/10104754,Rengali,202.3894543462310,2.6374938898253600
relation/10104933,Kisinda,321.0357318220490,10.647849643731300
relation/10104934,Naktideul,238.92803919944900,7.739777714739790
relation/10104935,Rairakhol,237.1035268766770,7.237768908117350
relation/10104936,Charamal,192.87784831251000,5.314053017784950
relation/10104937,Jujomura,229.959824885663,5.5132745571550000
relation/10104938,Dhama,195.53987278675600,6.921004928460100
relation/10104939,Burla,153.76336685029000,2.8383156639961300
relation/10104940,Hirakud,181.03449236792800,1.3940947669274600
relation/10104941,Sadar,172.7508725278380,3.50227443374724
relation/10104942,Dhanupali,150.16647156675500,2.3703503326966900
relation/10104943,Sambalpur,154.61378469359700,2.940649206083400
relation/10104944,Ainthapali,170.53496490912400,3.1079879543818600
relation/10104945,Sasan,184.08761731094900,2.800227123936580
relation/10104946,Rengali,207.37182506663700,3.463612989549690
relation/10104947,Katarbaga,232.6071806442940,3.9481078031928300
relation/10104948,Jamankira,322.82558396131200,7.501159706082590
relation/10104949,Kochinda,281.67611794757,5.525351797394140
relation/10104950,Mahulpalli,304.74064662375100,5.469247683998460
relation/10104951,Govindpur,324.99347544364100,5.849114017745660
relation/10104984,Thelkoloi,209.7614353966960,2.877431501374280
relation/10105553,Bhatli,202.1700867303250,2.3846227355111400
relation/10105554,Bargarh,169.2254047870470,2.298428700281590
relation/10105555,Bargarh Sadar,177.91161214953300,2.2759988317757000
relation/10105556,Sohela,225.34046676014800,2.777290147914950
relation/10105557,Paikamal,318.59170003329300,6.80629826375692
relation/10105558,Gaisilet,191.73931830472300,4.2635563808026
relation/10105559,Burden P.S.,265.90285780695300,7.415371724843760
relation/10105561,Jharbandha,266.971516936523,5.404099393034130
relation/10105562,Padmapur,226.74719809450900,4.847462847841040
relation/10105563,Melchhamunda,222.8590753711910,4.492064882431970
relation/10105564,Bijepur,184.96611252876400,2.495540660453500
relation/10105565,Barapali,171.0925325992470,2.273022674587080
relation/10105566,Bheden,145.26315612336900,2.278858742477890
relation/10105567,Attabira,208.55339573821800,3.898762102507390
relation/10105568,Ambabhona,257.7696655394660,5.805822330884100
relation/10105754,Athagad,43.2423646960866,2.8324779697474300
relation/10105755,Banki,57.31928653930510,3.6678034159828400
relation/10105756,Tigiria,64.47079235698890,3.941170336079860
relation/10105757,Baidyeswar,51.400025878033600,3.0171464716918600
relation/10105758,Badamba,105.62341457819600,7.121745139645580
relation/10105759,Kanpur,145.09259510835400,8.112264587641570
relation/10105760,Narasinghpur,181.94975642015200,8.399277549121490
relation/10105847,Choudwar,60.60050016147600,3.950413678671090
relation/10105848,Gurudijhatia,65.85609981928110,3.3092419011177800
relation/10105849,Khuntuni,50.07293721264870,2.8533512617134000
relation/10105893,Tangi,35.04022371817580,2.5123233221136800
relation/10105894,Jagatpur,17.075845588582500,1.6065502713156300
relation/10105895,Cuttack Sadar,16.99480478218920,1.9663331278976700
relation/10105896,Cuttack (M.Corp.) P.S,21.221814393780500,2.6332373334312100
relation/10105897,C.R.R.I.,18.095626631853800,1.9395302555891000
relation/10106023,Niali,9.41261173411344,2.2357059056557800
relation/10106024,Gobindpur,13.496093710002800,1.8450087929922300
relation/10106025,Olatapur,13.585122316525200,1.884638596083150
relation/10106026,Kandarpur,16.833333333333300,1.912905497523210
relation/10106027,Kishannagar,12.959538379078500,1.704800490486190
relation/10106028,Nemalo,10.66911007175220,1.554520470355480
relation/10106029,Nischintakoili,10.135471872016900,1.4186175843098900
relation/10106030,Mahanga,10.359296001066200,1.4484785091664800
relation/10106031,Salepur,13.379961103088500,1.432314442661990
relation/10106198,Mahakalapada,2.205726925776130,1.8058674410738200
relation/10106199,Marsaghai,2.92064981648315,1.7880935948969800
relation/10106200,Patkura,6.080034377590680,1.7177685131311700
relation/10106201,Kendrapara Sadar,4.816493887127360,1.7940938022367600
relation/10106202,Kendrapara,5.35914346895075,1.986972363490360
relation/10106203,Derabish,6.120079394567540,1.5643504214169800
relation/10106204,Nikirai,5.134727139135660,1.8657242543918200
relation/10106205,Pattamundai,3.8151027681155800,2.02710813717471
relation/10106206,Aali,4.100473958469720,2.0519624199937900
relation/10106207,Rajkanika,2.9864044177444300,1.9495734164721000
relation/10106209,Rajnagar,3.1057739765118200,1.7856754588837000
relation/10106210,Jamboo Marine,2.5941081679927500,1.7867442106936600
relation/10106300,Abhyachandpur,2.6929517372877400,1.633080733327630
relation/10106301,Paradip,2.1358876062793100,2.2693097430106800
relation/10106302,Paradeep Lock,2.1730787373346700,1.7730589551217900
relation/10106303,Kujang,3.3154068129043900,1.797222147857160
relation/10106304,Tirtol,5.975217958771670,1.713809889480730
relation/10106305,Ersama,2.4359587548097300,1.55274954114094
relation/10106306,Balikuda,3.783881618092710,1.59778691599172
relation/10106307,Naugaon,5.633058734410090,2.3637820675405100
relation/10106308,Jagatsinghapur,9.941515029582270,1.7622911730078500
relation/10106309,Biridi,13.34579918408000,1.8134833932089700
relation/10108005,Banapur,146.85241140532600,8.917366231945880
relation/10108006,Balugaon,18.470931495794100,2.887672527961430
relation/10108007,Tangi,16.52337190310780,2.2743729296542500
relation/10108008,Nirakarpur,20.92622286898860,3.454920434576680
relation/10108009,Jankia,27.411373885017200,2.3465183144616700
relation/10108010,Bolagad,88.81127933924800,4.522660708634090
relation/10108011,Begunia,55.15503551727960,2.5180265387544100
relation/10108012,Khordha Sadar,40.26864109106300,2.4458773354995900
relation/10108013,Khordha,51.07627796346040,2.7111239123897000
relation/10108014,Jatani,26.809028559605200,2.087643125125520
relation/10108015,Tamando,24.73054224264270,1.82501633857488
relation/10108016,LINGARAJ,14.56797583081570,1.6109646009791800
relation/10108017,Airfield (Kapila Prasad),13.130540993055700,1.7714017640257500
relation/10108018,Khandagiri,23.76156712555640,1.8397968475054300
relation/10108019,Uttara P.S,12.50893340552250,1.8682345345251000
relation/10108020,Balianta,15.028829702083300,1.850677118902330
relation/10108021,Balipatna,11.699327359951300,1.884589721298580
relation/10108022,Saheednagar,16.042261846123500,2.262255373546940
relation/10108023,Bhubaneswar (M.Corp.),35.02704482974500,2.230132318517110
relation/10108025,Mancheswar,20.120994616764900,1.8326838771308600
relation/10108026,Nandankanan,20.56316924590410,2.2340952114627900
relation/10108027,Chandaka,66.08733440299420,3.0322809144611800
relation/10108129,Barang,27.32850804079230,2.8683684147627000
relation/10108740,Konark,4.761452210687170,2.4660672756640100
relation/10108741,Ramachandi,5.941692440925400,2.3874427311480700
relation/10108742,Astaranga,2.2581628853536700,1.8556007494238900
relation/10108743,Kakatpur,4.33233304397282,2.4225431328015100
relation/10108744,Gop,4.670347391039670,2.348277961209280
relation/10108745,Nimapada,7.652403388036000,2.1732502316040200
relation/10108746,Pipili,9.87953209211171,1.9387035817818100
relation/10108747,Delanga,8.118200807943240,2.073669176919330
relation/10108748,Puri (M),10.617515249595400,2.895333847488490
relation/10108749,Sadar,5.743009301530370,2.1803924637639000
relation/10108750,Chandanpur,5.458670126910780,2.0986501883090200
relation/10108751,Satyabadi,5.103199946910880,1.8634313823080500
relation/10108752,Gadisagada,3.2756589685709300,1.659406363952080
relation/10108753,Brahmagiri,3.4276803610372300,1.7381845102936700
relation/10108755,Krushna Prasad,-0.34108381487301400,0.6819456255860140
relation/10109370,Banigochha,322.8933750913170,12.551029519196900
relation/10109371,Gania,223.44179592006600,11.87250569547170
relation/10109372,Dasapalla,210.03161697583600,8.702697361997330
relation/10109373,Nuagaon,153.10040910211100,5.687036884909230
relation/10109374,Fategarh,66.48313483582030,4.1936727684648700
relation/10109375,Khandapada,127.2836638714010,7.627022420185630
relation/10109376,Itamati,109.26130102943400,6.1873662662376000
relation/10109377,Nayagarh,95.52584981965240,4.222119989206470
relation/10109378,Nayagarh Sadar,185.78955175031200,8.919368850232930
relation/10109379,Odagaon,180.89598040266300,5.686800932313500
relation/10109383,Sarankul,167.5444461112780,7.395015890477940
relation/10109384,Ranapur,112.86495649569800,6.5104909187871600
relation/10109935,Harbhanga,218.09916987844600,11.176015778094300
relation/10109936,Puruna Katak,330.54563437938300,12.90174691702410
relation/10109937,Baunsuni,118.53156445892400,2.7930824836069000
relation/10109938,Baudh Sadar,187.67844810425700,6.831052182828030
relation/10109939,Manamunda,172.20225731680500,5.163465809936830
relation/10109940,Kantamal,199.3746249900320,6.003343810238770
relation/10110118,Sonapur,123.81628295327,2.003840441840730
relation/10110119,Tarbha,142.34368855095800,2.547590718225450
relation/10110120,Dunguripali,153.2222886471670,3.268031074376030
relation/10110121,Rampur,155.70121400022400,2.1140709629823300
relation/10110122,Binika,135.96458432206600,2.2842788182665100
relation/10110123,Ulunda,151.50802124950600,3.721692935856350
relation/10110124,Biramaharajpur,123.52543747849700,2.0682704938541900
relation/10110125,Subalaya,116.57899745316000,2.61900875599692
relation/10110302,Patnagarh,264.1709489094520,4.798906091798390
relation/10110303,Khaprakhol,352.158994789125,6.553372204553490
relation/10110304,Belpara,281.85017670664000,3.761197100215770
relation/10110305,Turekela,330.6843606166660,6.169818442682080
relation/10110306,Kantabanji,269.6942176441460,3.7281031863149600
relation/10110307,Bangomunda,237.31123878469900,3.4640725715026100
relation/10110308,Sindhekela,219.5571169381460,4.2595227193128500
relation/10110309,Titlagarh,216.66362134103700,3.928098726576640
relation/10110310,Saintala,220.95403904242000,4.044695618834330
relation/10110311,Tushura,201.853629410029,3.974093703088100
relation/10110312,Balangir,186.4552662656920,3.6710874442904800
relation/10110313,Loisinga,163.96556605716200,3.3301517499245000
relation/10111292,Jonk,311.0401136159250,4.06729001671998
relation/10111293,Nuapada,355.59317300340600,5.215324605302020
relation/10111294,Komna,449.70729218716700,7.420318522778290
relation/10111295,Khariar,264.6236624429100,6.304102318773030
relation/10111296,Boden,447.05392586226800,7.530011867968510
relation/10111297,Sinapali,326.35637747873600,6.391378842665060
relation/10113992,Madanpur Rampur,313.60274570421300,8.409386903154960
relation/10113993,Narala,282.34418188148400,5.993868094322030
relation/10113994,Kesinga,203.91963996757300,3.7680056267082800
relation/10113995,Kegaon,263.5365782429630,7.388946091356330
relation/10113996,Sadar,343.23335760336200,9.203866531346320
relation/10113997,Biswanathpur,589.3432652841880,12.216129091849600
relation/10113998,Lanjigarh,613.7647990164660,11.507827428555300
relation/10113999,Junagarh,260.7844784024170,5.468117918966610
relation/10114000,Golamunda,246.10096358325700,4.196454545454550
relation/10114001,Dharamgarh,236.73372184708100,2.867711749729660
relation/10114002,Kokasara,323.970400901739,4.880925395273570
relation/10114003,Jayapatna,284.7036445751760,4.7697047228593700
relation/10114004,Thuamul Rampur,712.6304538050230,13.99572778965340
relation/10114723,Gochhapada,485.1033235626050,11.364147737457700
relation/10114724,Phiringia,689.136071241296,11.229900887772400
relation/10114725,Tikabali,653.187678924818,11.23110241704610
relation/10114726,Sarangagarh,745.8974836153830,12.584444763857300
relation/10114727,Nuagaon,658.3190857415970,11.928812112728900
relation/10114728,Baliguda,596.337574265387,12.167946798462500
relation/10114729,Belaghar,638.7126441731,15.376481202390800
relation/10114730,Tumudibandha,502.7229154476300,12.748917495611500
relation/10114731,Brahmanigaon,733.5130808807910,14.82744388850870
relation/10114732,Kotagarh,615.1570459156440,14.01868821252480
relation/10114733,Daringbadi,838.6311795636360,13.660624922110500
relation/10114734,Raikia,554.6267341130710,13.855515706269100
relation/10114735,G.Udayagiri,701.948130769623,13.128144285204300
relation/10114736,Chakapada,350.00080997195000,12.332509253265600
relation/10114737,Khajuripada,571.3073526109630,10.459702227988300
relation/10114738,Phulabani Town,501.046641520383,7.60336176646598
relation/10114739,Phulabani,547.7561131913510,13.069470303550500
relation/10115621,Brahmapur (M.Corp.),19.99115469666380,1.8824070777449300
relation/10115622,Chamakhandi,25.98946700403020,1.9428233975110500
relation/10115623,Brahmapur Sadar,39.232559083345700,2.143218351348060
relation/10115624,Gopalpur,17.814706379740400,1.9765640689243300
relation/10115625,Hinjili,33.859487719492700,2.2545291298343800
relation/10115626,Purusottampur,27.410914249494400,2.8721743063730200
relation/10115627,Ganjam,7.700403279846970,2.3249866983866800
relation/10115628,Chhatrapur,17.41254101005760,2.3943759916366400
relation/10115629,Rambha,40.632202453631000,5.5564213399034800
relation/10115630,Khalikote,46.775671494661200,4.395935102676220
relation/10115631,Kodala,57.173124507072800,3.826396105324800
relation/10115632,Kabisuryanagar,53.87855369981910,3.534535781197460
relation/10115633,Asika,52.03594415759000,3.509703901273510
relation/10115634,Polasara,156.39099135582000,7.953976688932310
relation/10115635,Buguda,140.37239816466900,5.550722417585610
relation/10115636,Bellaguntha,94.93650711939790,4.478239763613340
relation/10115637,Golanthara,25.264023507041300,2.8919375389433000
relation/10115638,Ramagiri (Pt),424.56459105211200,17.651703698163300
relation/10115639,Jarada,85.26582047587160,6.953365423583460
relation/10115640,Nuagaon,111.76306846870100,7.685137507520490
relation/10115641,Digapahandi,152.89745018110000,8.020326242250270
relation/10115642,Seragad,69.86633346445460,4.766284101163890
relation/10115643,Patapur,155.89589373974600,6.962035537028060
relation/10115644,Dharakote,56.824676551138000,2.4165470210832000
relation/10115645,Badagada,312.57749485910200,11.656775762484600
relation/10115646,Surada,186.11501715559500,9.337513567853840
relation/10115647,Bhanjanagar,223.68321072435000,9.483541038198120
relation/10115648,Jagannath Prasad,126.95257762013500,3.367518304784470
relation/10115649,Tarasingi,222.49165360859900,8.176621080293390
relation/10116364,Khatiguda,652.3599498825670,9.161233903585870
relation/10116365,Tentulikhunti,592.6398174958320,4.232065690845960
relation/10116366,Nabarangapur P.S,574.1659193102470,2.610155761963370
relation/10116367,Paparahandi,611.9544399459220,4.1555018276239500
relation/10116368,Kodinga,581.573148306901,2.7528592477496800
relation/10116369,Kosagumuda,572.9017563817570,2.6854862940272400
relation/10116370,Dabugan,616.0170380191570,3.3991783023562900
relation/10116371,Jharigan,580.8976803710570,6.003357511062450
relation/10116372,Chandahandi,316.1774561994610,4.020796026695530
relation/10116373,Umarkote,613.6986064615900,3.746389871047340
relation/10116374,Raighar,640.405336077387,3.199449316169960
relation/10116375,Kundei,641.2391855648200,3.101245078380120
relation/10116755,Doraguda,868.3561210577380,13.04869300041460
relation/10116756,Andirakanch,849.4844435786070,12.54495891729600
relation/10116758,Kashipur,814.1074610574900,15.057019007375300
relation/10116759,Tikiri,849.918220107775,11.60989429348890
relation/10116760,Seskhal,370.3261610436850,13.493960160561000
relation/10116761,Rayagada,492.80786094438000,14.64266593123740
relation/10116762,Gunupur,194.07071994807800,8.327917035089350
relation/10116763,Puttasing,313.587716438896,14.396769775667400
relation/10116764,Padmapur,313.00861100897400,11.643085354825200
relation/10116765,Gudari,288.8110762855580,12.563586694732400
relation/10116766,Chandrapur,390.5666523361120,13.498567406770500
relation/10116767,Bishamakatak,476.7977570544740,12.54868990493440
relation/10116768,Kalyanasingpur,521.7453320136070,13.975459345363900
relation/10116769,Muniguda,449.45346530595500,12.99772429197920
relation/10116770,Ambadala,449.7198273816330,11.369353208469200
relation/10117114,Kashinagar,157.18317762760600,9.319497567423820
relation/10117115,Serango,496.2744217725690,16.308579050429900
relation/10117116,Paralakhemundi,140.52439522200300,7.61955263516274
relation/10117117,Gurandi,83.11742581015240,5.0984614744703700
relation/10117118,Garabandha,387.9639897205270,16.41243061496530
relation/10117119,Rayagada,404.35637680982500,16.193362856166200
relation/10117120,Ramagiri,768.178892868308,15.955668935484000
relation/10117121,R.Udayagiri,623.003047029774,16.768693114933000
relation/10117122,Mohana,590.2664007879060,12.402386860171700
relation/10117123,Adava,564.0129070265640,15.817366256699800
relation/10117466,Pottangi,949.6059559786970,14.752454179610400
relation/10117467,Kotiya,1118.98844772619,17.5037874267986
relation/10117468,Similiguda,927.739403110813,9.52598259463226
relation/10117469,Narayanpatana,689.3704159842360,17.688037238368200
relation/10117470,Bandhugaon,430.60090587042400,13.501601932490000
relation/10117471,Kakiriguma,941.8854172297600,12.438733174766200
relation/10117472,Lakshmipur,887.3627004196340,14.7735521261909
relation/10117473,Dasamantapur,838.6578633808740,13.204225744217100
relation/10117474,Bhairabsingipur,635.9217604572260,6.29858393522633
relation/10117475,Boriguma,597.5843644778230,3.8504811622718900
relation/10117476,Damonjodi,978.3252313578500,12.1865016168345
relation/10117477,Sunabeda,887.3013255240440,6.319012503853270
relation/10117478,Koraput,855.5355081660090,9.522026570376750
relation/10117479,Koraput Town,867.889778428278,6.9445916397012800
relation/10117480,Nandapur,939.086276161938,9.303082211483140
relation/10117481,Padua,932.0018056835680,10.152510887971400
relation/10117482,Machh kund,883.4590298637540,9.678857325261820
relation/10117483,Boipariguda,579.6105762550520,7.490642210243350
relation/10117484,Jeypore,626.6391829703910,5.927308632796180
relation/10117485,Kundura,577.806153372733,4.18281734681822
relation/10117486,Kotpad,565.2303922614840,2.8318474223960400
relation/10117689,Jodamba,566.0897882598780,13.667684705645100
relation/10117690,Paparmetla,690.74993988549,15.314976925248300
relation/10117691,Chitrakonda,529.3437446630870,12.231886047620000
relation/10117692,Orkel,284.1850443834080,6.73634164488832
relation/10117693,Mudulipada,590.9118449587700,12.394746138006500
relation/10117694,Mathili,314.84734483207900,5.8199708424158700
relation/10117695,Malkangiri,238.3586609300650,5.448586458661480
relation/10117696,Podia,180.52299126661700,5.239150079401820
relation/10117697,Kalimela,293.9480067283750,10.468606171930300
relation/10117698,M.V. 79,113.97385785174800,3.8740821722052800
relation/10117699,Motu,99.82251288256810,4.728607458832300
relation/10118202,Arjyapalli Marine,8.938378378378380,1.999246727195950
relation/10118219,Sainkul,50.670686333761400,2.124080613290400
way/86201454,,0.96875,1.5986870659722200
way/22062135,Abdul Kalam Island,5.393106893106890,2.62091651119403