Tender Fee in ₹,Fee Payable To,Fee Payable At,Tender Fee Exemption Allowed,Title,Work Description,Pre Qualification Details,Independent External Monitor/Remarks,Tender Value in ₹,Product Category,Sub category,Contract Type,Bid Validity(Days),Period Of Work(Days),Location,Pincode,Pre Bid Meeting Place,Pre Bid Meeting Address,Pre Bid Meeting Date,Bid Opening Place,Should Allow NDA Tender,Allow Preferential Bidder,Cover No,Cover,Document Type,Description,Name,Address,Organisation Chain,Tender Reference Number,Tender ID,Withdrawal Allowed,Tender Type,Form of contract,Tender Category,No. of Covers,General Technical Evaluation Allowed,ItemWise Technical Evaluation Allowed,Payment Mode,Is Multi Currency Allowed For BOQ,Is Multi Currency Allowed For Fee,Allow Two Stage Bidding,Publish Date,Bid Opening Date,Document Download / Sale Start Date,Document Download / Sale End Date,Clarification Start Date,Clarification End Date,Bid Submission Start Date,Bid Submission End Date,Financial Bid Opening Date,S.No,Bank Name,EMD Amount in ₹,EMD Exemption Allowed,EMD Fee Type,EMD Percentage,EMD Payable To,EMD Payable At,Tender Stage,Committee Chairperson/Co-ordinator Name :,Committee Chairperson/Co-ordinator Type :,Committee Members :,Updated By :,Updated On :,Financial Bid Opening Date:,Document :,Organisation Chain :,Tender ID :,Tender Ref No :,Tender Title :,S.No,Bid Number,Bidder Name,Awarded Currency,Awarded Value,Type :,Summary :,Updated By :.1,Updated On :.1,Document :.1,Type :.1,Summary :.1,Updated By :.2,Updated On :.2,Document :.2,S.No.1,Bid Number.1,Bidder Name.1,Submitted Date,Status,Remarks,Status Updated On,Committee Chairperson/Co-ordinator Name :.1,Committee Chairperson/Co-ordinator Type :.1,Committee Members :.1,Updated By :.3,Updated on :,Document :.3,Contract Date :,Total Contract Value :,Work Completion Period in days :,Updated By :.4,Updated on :.1,AOC document :,AOC Description :,Tender Stage
"10,000",Nil,Nil,Yes,"RFP for SELECTION OF ORSAC EMPANELLED DGPS ETS SURVEYORS HAVING OFFICE IN CUTTACK, PURI and BHUBANESWAR FOR SITE VERIFICATION OF HEIGHT CLEARANCE CASES FOR SHRI JAGANNATH INTERNATIONAL AIRPORT (SJIA), PURI","RFP for SELECTION OF ORSAC EMPANELLED DGPS ETS SURVEYORS HAVING OFFICE IN CUTTACK, PURI and BHUBANESWAR FOR SITE VERIFICATION OF HEIGHT CLEARANCE CASES FOR SHRI JAGANNATH INTERNATIONAL AIRPORT (SJIA), PURI",Please refer Tender documents. ,NA ,,Miscellaneous Services,NA ,Empanelment,180.0,NA ,Puri,752002.0,NA ,NA ,NA ,(Online) Bhubaneswar,No ,No,1.0,Fee/PreQual/Technical,.pdf,Technical Bid RFP,"Director of Aviation, Govt of Odisha","Director of Aviation, Odisha, BPI Airport, Bhubaneswar",Commerce and Transport (Transport) Department,993.0,2026_CTTD_128233_1,Yes,Open Tender,Empanelment,Services,2.0,No,No,Online,No,No,No,18-Apr-2026 05:00 PM,08-May-2026 03:30 PM,19-Apr-2026 09:00 AM,08-May-2026 03:00 PM,19-Apr-2026 09:00 AM ,27-Apr-2026 05:00 PM ,19-Apr-2026 09:00 AM,08-May-2026 03:00 PM,26-May-2026 03:30 PM,1.0,ICICI BANK,0.0,No,fixed,,Nil,Nil,AOC,Sanjit Kumar Dash Officer on special Duty,Internal,"AFA cum Under Secretary CandT Dept,Radio Technician,Sr Mechanics cum fligt Despatcher,Aircrfat Tech Supervisor",Debadutta Suranjita Jena,26-May-2026 01:45 PM,26-May-2026 03:30 PM,techsummary_588130.pdf (2331.42 KB),Commerce and Transport (Transport) Department,2026_CTTD_128233_1,993.0,"RFP for SELECTION OF ORSAC EMPANELLED DGPS ETS SURVEYORS HAVING OFFICE IN CUTTACK, PURI and BHUBANESWAR FOR SITE VERIFICATION OF HEIGHT CLEARANCE CASES FOR SHRI JAGANNATH INTERNATIONAL AIRPORT (SJIA), PURI",1.0,3461874.0,M/s. Tecnoglance Consulting Private Limited,INR,0.142,Finance,financial bid of 13 technically qualified bidders were opened in presence of the committee and admitted for evaluation,Debadutta Suranjita Jena,02-Jul-2026 01:46 PM,finance_588130.pdf,Technical,Tech Bid of the tender was opened in presence of the committee on 8.5.2026 14 bidder participated documents of all the bidders were forwarded for technical evaluation,Debadutta Suranjita Jena,26-May-2026 01:34 PM,technical_588130.pdf,1,3474640,ARDRA CONSULTING SERVICES PRIVATE LIMITED,07-May-2026 07:33 PM,Rejected-Finance,rejected as the bidder did not agree to provide the service at L-1 rate,02-Jul-2026 06:08 PM,Director of aviation,Internal,"Director (Technical), OSD, AFA-cum-Under Secretary , Radio technician, Aircraft Tech Supervisor",Debadutta Suranjita Jena,02-Jul-2026 06:08 PM,finsummary_588130.pdf (926.25 KB),02-Jul-2026,INR 1,303.0,Debadutta Suranjita Jena,02-Jul-2026 06:38 PM,LoARFP993av.pdf (302.00 KB),charges applied as per reduced (L-1 Bid)AAI base rate i.e. 60 percentage of AAI base rate,AOC
,,,,,,,,,,,,,,,,,,,,,,2.0,Finance,.pdf,Financial Bid Format,,,,,,,,,,,,,,,,,,,,,,,,,,2.0,ICICI NEFT/RTGS,,,,,,,AOC,,,,,,,,,,,,2.0,3475427.0,AVIPLANNERS PRIVATE LIMITED,INR,0.142,,,,,,,,,,,2,3476800,Areal Constructions and Geo-India Services,06-May-2026 05:14 PM,Rejected-Technical,technically not qualified online tender fee not submitted,26-May-2026 01:45 PM,,,,,,,,,,,,,,AOC
,,,,,,,,,,,,,,,,,,,,,,,,,,,,,,,,,,,,,,,,,,,,,,,,,,,,,,,,,,,AOC,,,,,,,,,,,,3.0,3477091.0,M/s. CADD CONSULTING ENGINEERS PRIVATE LIMITED,INR,0.148,,,,,,,,,,,3,3475427,AVIPLANNERS PRIVATE LIMITED,05-May-2026 01:16 PM,Accepted-AOC,Bidder agreed to provide service at L-1 Bid rate i.e 60 percentage of AAI base rate,02-Jul-2026 06:39 PM,,,,,,,,,,,,,,AOC
,,,,,,,,,,,,,,,,,,,,,,,,,,,,,,,,,,,,,,,,,,,,,,,,,,,,,,,,,,,AOC,,,,,,,,,,,,4.0,3478565.0,IDAX CONSULTING AND RESEARCH PRIVATE LIMITED,INR,0.142,,,,,,,,,,,4,3479520,BNB Land Consultancy Pvt Ltd,08-May-2026 02:56 PM,Rejected-Finance,rejected as the bidder did not agree to provide the service at L-1 rate,02-Jul-2026 06:08 PM,,,,,,,,,,,,,,AOC
,,,,,,,,,,,,,,,,,,,,,,,,,,,,,,,,,,,,,,,,,,,,,,,,,,,,,,,,,,,AOC,,,,,,,,,,,,5.0,3478604.0,IIC Technologies Private Limited,INR,0.142,,,,,,,,,,,5,3478199,EDALL SYSTEMS AND SERVICES PRIVATE LIMITED,07-May-2026 05:19 PM,Rejected-Finance,rejected as the bidder did not agree to provide the service at L-1 rate,02-Jul-2026 06:08 PM,,,,,,,,,,,,,,AOC
,,,,,,,,,,,,,,,,,,,,,,,,,,,,,,,,,,,,,,,,,,,,,,,,,,,,,,,,,,,AOC,,,,,,,,,,,,6.0,3478631.0,ZEOTEK MINING SOLUTIONS PVT LTD,INR,0.142,,,,,,,,,,,6,3478565,IDAX CONSULTING AND RESEARCH PRIVATE LIMITED,07-May-2026 04:34 PM,Accepted-AOC,Bidder agreed to provide service at L-1 Bid rate i.e 60 percentage of AAI base rate,02-Jul-2026 06:39 PM,,,,,,,,,,,,,,AOC
,,,,,,,,,,,,,,,,,,,,,,,,,,,,,,,,,,,,,,,,,,,,,,,,,,,,,,,,,,,AOC,,,,,,,,,,,,7.0,3479344.0,Spacetex Infoways Pvt Ltd,INR,0.142,,,,,,,,,,,7,3478604,IIC Technologies Private Limited,08-May-2026 11:11 AM,Accepted-AOC,Bidder agreed to provide service at L-1 Bid rate i.e 60 percentage of AAI base rate,02-Jul-2026 06:39 PM,,,,,,,,,,,,,,AOC
,,,,,,,,,,,,,,,,,,,,,,,,,,,,,,,,,,,,,,,,,,,,,,,,,,,,,,,,,,,AOC,,,,,,,,,,,,,,,,,,,,,,,,,,,8,3477091,M/s. CADD CONSULTING ENGINEERS PRIVATE LIMITED,08-May-2026 02:05 PM,Accepted-AOC,L-1 Bid rate i.e 60 percentage of AAI base rate,02-Jul-2026 06:39 PM,,,,,,,,,,,,,,AOC
,,,,,,,,,,,,,,,,,,,,,,,,,,,,,,,,,,,,,,,,,,,,,,,,,,,,,,,,,,,AOC,,,,,,,,,,,,,,,,,,,,,,,,,,,9,3478295,M/s Suvadra Consultants,07-May-2026 09:44 PM,Rejected-Finance,rejected as the bidder did not agree to provide the service at L-1 rate,02-Jul-2026 06:08 PM,,,,,,,,,,,,,,AOC
,,,,,,,,,,,,,,,,,,,,,,,,,,,,,,,,,,,,,,,,,,,,,,,,,,,,,,,,,,,AOC,,,,,,,,,,,,,,,,,,,,,,,,,,,10,3461874,M/s. Tecnoglance Consulting Private Limited,08-May-2026 01:21 PM,Accepted-AOC,Bidder agreed to provide service at L-1 Bid rate i.e 60 percentage of AAI base rate,02-Jul-2026 06:39 PM,,,,,,,,,,,,,,AOC
,,,,,,,,,,,,,,,,,,,,,,,,,,,,,,,,,,,,,,,,,,,,,,,,,,,,,,,,,,,AOC,,,,,,,,,,,,,,,,,,,,,,,,,,,11,3478419,PIONEER SURVEYORS,07-May-2026 03:43 PM,Rejected-Finance,rejected as the bidder did not agree to provide the service at L-1 rate,02-Jul-2026 06:08 PM,,,,,,,,,,,,,,AOC
,,,,,,,,,,,,,,,,,,,,,,,,,,,,,,,,,,,,,,,,,,,,,,,,,,,,,,,,,,,AOC,,,,,,,,,,,,,,,,,,,,,,,,,,,12,3477929,S.M. Consultants Pvt. Ltd.,08-May-2026 10:09 AM,Rejected-Finance,rejected as the bidder did not agree to provide the service at L-1 rate,02-Jul-2026 06:08 PM,,,,,,,,,,,,,,AOC
,,,,,,,,,,,,,,,,,,,,,,,,,,,,,,,,,,,,,,,,,,,,,,,,,,,,,,,,,,,AOC,,,,,,,,,,,,,,,,,,,,,,,,,,,13,3479344,Spacetex Infoways Pvt Ltd,08-May-2026 12:47 PM,Accepted-AOC,Bidder agreed to provide service at L-1 Bid rate i.e 60 percentage of AAI base rate,02-Jul-2026 06:39 PM,,,,,,,,,,,,,,AOC
,,,,,,,,,,,,,,,,,,,,,,,,,,,,,,,,,,,,,,,,,,,,,,,,,,,,,,,,,,,AOC,,,,,,,,,,,,,,,,,,,,,,,,,,,14,3478631,ZEOTEK MINING SOLUTIONS PVT LTD,07-May-2026 05:14 PM,Accepted-AOC,Bidder agreed to provide service at L-1 Bid rate i.e 60 percentage of AAI base rate,02-Jul-2026 06:39 PM,,,,,,,,,,,,,,AOC
