Name,Address,Publish Date,Bid Opening Date,Document Download / Sale Start Date,Document Download / Sale End Date,Clarification Start Date,Clarification End Date,Bid Submission Start Date,Bid Submission End Date,Organisation Chain,Tender Reference Number,Tender ID,Withdrawal Allowed,Tender Type,Form of contract,Tender Category,No. of Covers,General Technical Evaluation Allowed,ItemWise Technical Evaluation Allowed,Payment Mode,Is Multi Currency Allowed For BOQ,Is Multi Currency Allowed For Fee,Allow Two Stage Bidding,S.No,Bank Name,Tender Fee in ₹,Fee Payable To,Fee Payable At,Tender Fee Exemption Allowed,Title,Work Description,Pre Qualification Details,Independent External Monitor/Remarks,Tender Value in ₹,Product Category,Sub category,Contract Type,Bid Validity(Days),Period Of Work(Days),Location,Pincode,Pre Bid Meeting Place,Pre Bid Meeting Address,Pre Bid Meeting Date,Bid Opening Place,Should Allow NDA Tender,Allow Preferential Bidder,EMD Amount in ₹,EMD Exemption Allowed,EMD Fee Type,EMD Percentage,EMD Payable To,EMD Payable At,S.No.1,Corrigendum Title,Corrigendum Type,View,Cover No,Cover,Document Type,Description,Tender Stage,Committee Chairperson/Co-ordinator Name :,Committee Chairperson/Co-ordinator Type :,Committee Members :,Updated By :,Updated on :,Document :,Organisation Chain :,Tender ID :,Tender Ref No :,Tender Title :,S.No,Bid Number,Bidder Name,Awarded Currency,Awarded Value,Type :,Summary :,Updated By :.1,Updated On :,Document :.1,BOQ Comparative Chart :,S.No.1,Bid Number.1,Bidder Name.1,Submitted Date,Status,Remarks,Status Updated On,Contract Date :,Total Contract Value :,Work Completion Period in days :,Updated By :.2,Updated on :.1,AOC document :,AOC Description :,Committee Chairperson/Co-ordinator Name :.1,Committee Chairperson/Co-ordinator Type :.1,Committee Members :.1,Updated By :.3,Updated On :.1,Document :.2,Tender Stage
"BDO, Ramanaguda","BDO, Ramanaguda",02-May-2026 10:00 AM,25-May-2026 11:30 AM,02-May-2026 10:00 AM,22-May-2026 04:00 PM,02-May-2026 10:00 AM ,10-May-2026 04:00 PM ,02-May-2026 10:00 AM,22-May-2026 04:00 PM,Panchayati Raj and Drinking Water Department Odisha||Zilla Parisad Rayagada||RAMANAGUDA Block,"BDO, Ramanaguda-online-01/2026-27",2026_PZPRM_128688_5,Yes,Open Tender,Percentage,Works,1.0,No,No,Online,No,No,No,1.0,ICICI BANK,"6,000",Nil,Nil,No,Renovation of Amrit Sarvar Tank at Gulunthi,Renovation of Amrit Sarvar Tank at Gulunthi,Please refer Tender documents. ,NA ,"15,55,529",Civil Works - Buildings,NA ,Tender,90.0,90.0,Gulunthi,765029.0,NA ,NA ,NA ,"BDO, Ramanaguda",No ,No,"15,555",Yes,percentage,1.0%,Nil,Nil,1.0,Change of date and class of contractor,Date,,1.0,Fee/PreQual/Technical/Finance,.pdf,"License, PAN, GSTN, affidavit and other documents as per DTCN",AOC,"BDO, Ramanguda",Internal,"Asst. Executive Engineer, Junior Engineer, Section Officer, Dealing Clerk",Pradyumna Mandal,01-Jul-2026 04:53 PM,finsummary_589340.pdf (1855.83 KB),Panchayati Raj and Drinking Water Department Odisha||Zilla Parisad Rayagada||RAMANAGUDA Block,2026_PZPRM_128688_5,"BDO, Ramanaguda-online-01/2026-27",Renovation of Amrit Sarvar Tank at Gulunthi,1.0,3496659.0,DURJADHANA MAJHI,INR,"1,555,528",Finance,"BDO, Ramanguda Asst. Executive Engineer, Junior Engineer, Section Officer, Dealing Clerk",Pradyumna Mandal,01-Jul-2026 04:03 PM,finance_589340.pdf,BOQ Comparative Chart,1,3488808,Balaram Panigrahi,14-May-2026 09:48 PM,Rejected-Finance,Not qualify in the Lottery Process,01-Jul-2026 04:53 PM,01-Jul-2026,"INR 1,555,528",90.0,Pradyumna Mandal,01-Jul-2026 05:06 PM,Gulunthi.pdf (336.00 KB),Qualified in the Lottery Process as 1st Lowest,"BDO, Ramanguda",Internal,"Asst. Executive Engineer, Junior Engineer, Section Officer, Dealing Clerk",Pradyumna Mandal,01-Jul-2026 04:22 PM,techsummary_589340.pdf (207.87 KB),AOC
,,,,,,,,,,,,,,,,,,,,,,,,2.0,ICICI NEFT/RTGS,,,,,,,,,,,,,,,,,,,,,,,,,,,,,,,,,,,.xls,BOQ,AOC,,,,,,,,,,,,,,,,,,,,,,2,3488790,B TRINATH RAO,15-May-2026 07:26 PM,Rejected-Finance,Not qualify in the Lottery Process,01-Jul-2026 04:53 PM,,,,,,,,,,,,,,AOC
,,,,,,,,,,,,,,,,,,,,,,,,,,,,,,,,,,,,,,,,,,,,,,,,,,,,,,,,,,,,,,AOC,,,,,,,,,,,,,,,,,,,,,,3,3489013,DEBARAJ BAURI,15-May-2026 01:22 PM,Rejected-Finance,Not qualify in the Lottery Process,01-Jul-2026 04:53 PM,,,,,,,,,,,,,,AOC
,,,,,,,,,,,,,,,,,,,,,,,,,,,,,,,,,,,,,,,,,,,,,,,,,,,,,,,,,,,,,,AOC,,,,,,,,,,,,,,,,,,,,,,4,3489677,DIPAK KUMAR SETHY,16-May-2026 12:22 PM,Rejected-Technical,Non submission of valid PH Certificate,01-Jul-2026 04:22 PM,,,,,,,,,,,,,,AOC
,,,,,,,,,,,,,,,,,,,,,,,,,,,,,,,,,,,,,,,,,,,,,,,,,,,,,,,,,,,,,,AOC,,,,,,,,,,,,,,,,,,,,,,5,3496659,DURJADHANA MAJHI,20-May-2026 06:55 PM,Accepted-AOC,Qualified in the Lottery Process as 1st Lowest,01-Jul-2026 05:06 PM,,,,,,,,,,,,,,AOC
,,,,,,,,,,,,,,,,,,,,,,,,,,,,,,,,,,,,,,,,,,,,,,,,,,,,,,,,,,,,,,AOC,,,,,,,,,,,,,,,,,,,,,,6,3496562,JAGADISH PANDA,20-May-2026 07:00 PM,Rejected-Finance,Not qualify in the Lottery Process,01-Jul-2026 04:53 PM,,,,,,,,,,,,,,AOC
,,,,,,,,,,,,,,,,,,,,,,,,,,,,,,,,,,,,,,,,,,,,,,,,,,,,,,,,,,,,,,AOC,,,,,,,,,,,,,,,,,,,,,,7,3488858,NANDA KISHOR PRASAD CHOURASIA,19-May-2026 12:36 PM,Rejected-Finance,Not qualify in the Lottery Process,01-Jul-2026 04:53 PM,,,,,,,,,,,,,,AOC
,,,,,,,,,,,,,,,,,,,,,,,,,,,,,,,,,,,,,,,,,,,,,,,,,,,,,,,,,,,,,,AOC,,,,,,,,,,,,,,,,,,,,,,8,3489069,PRABHAT KUMAR MISHRA,15-May-2026 11:37 AM,Rejected-Technical,Non submission of valid PH Certificate,01-Jul-2026 04:22 PM,,,,,,,,,,,,,,AOC
,,,,,,,,,,,,,,,,,,,,,,,,,,,,,,,,,,,,,,,,,,,,,,,,,,,,,,,,,,,,,,AOC,,,,,,,,,,,,,,,,,,,,,,9,3488047,PRASANT KUMAR MISHRA,13-May-2026 06:41 PM,Rejected-Technical,Non submission of valid PH Certificate,01-Jul-2026 04:22 PM,,,,,,,,,,,,,,AOC
,,,,,,,,,,,,,,,,,,,,,,,,,,,,,,,,,,,,,,,,,,,,,,,,,,,,,,,,,,,,,,AOC,,,,,,,,,,,,,,,,,,,,,,10,3488845,RAINA KADRAKA,19-May-2026 01:13 PM,Rejected-Technical,Non submission of valid PH Certificate,01-Jul-2026 04:22 PM,,,,,,,,,,,,,,AOC
,,,,,,,,,,,,,,,,,,,,,,,,,,,,,,,,,,,,,,,,,,,,,,,,,,,,,,,,,,,,,,AOC,,,,,,,,,,,,,,,,,,,,,,11,3491099,RANJAN KUMAR NAIK BEHERA,18-May-2026 01:16 PM,Rejected-Finance,Not qualify in the Lottery Process,01-Jul-2026 04:53 PM,,,,,,,,,,,,,,AOC
,,,,,,,,,,,,,,,,,,,,,,,,,,,,,,,,,,,,,,,,,,,,,,,,,,,,,,,,,,,,,,AOC,,,,,,,,,,,,,,,,,,,,,,12,3501312,SABITA MISHRA,22-May-2026 02:21 PM,Rejected-Finance,Not qualify in the Lottery Process,01-Jul-2026 04:53 PM,,,,,,,,,,,,,,AOC
,,,,,,,,,,,,,,,,,,,,,,,,,,,,,,,,,,,,,,,,,,,,,,,,,,,,,,,,,,,,,,AOC,,,,,,,,,,,,,,,,,,,,,,13,3496794,SAMIT KUMAR TULO,20-May-2026 07:18 PM,Rejected-Finance,Not qualify in the Lottery Process,01-Jul-2026 04:53 PM,,,,,,,,,,,,,,AOC
,,,,,,,,,,,,,,,,,,,,,,,,,,,,,,,,,,,,,,,,,,,,,,,,,,,,,,,,,,,,,,AOC,,,,,,,,,,,,,,,,,,,,,,14,3492480,SHYAM KUMAR DASH,22-May-2026 07:02 AM,Rejected-Finance,Not qualify in the Lottery Process,01-Jul-2026 04:53 PM,,,,,,,,,,,,,,AOC
,,,,,,,,,,,,,,,,,,,,,,,,,,,,,,,,,,,,,,,,,,,,,,,,,,,,,,,,,,,,,,AOC,,,,,,,,,,,,,,,,,,,,,,15,3489964,Simadri Trinath Rao,18-May-2026 11:01 AM,Rejected-Finance,Not qualify in the Lottery Process,01-Jul-2026 04:53 PM,,,,,,,,,,,,,,AOC
,,,,,,,,,,,,,,,,,,,,,,,,,,,,,,,,,,,,,,,,,,,,,,,,,,,,,,,,,,,,,,AOC,,,,,,,,,,,,,,,,,,,,,,16,3498388,SURESH LABALA,21-May-2026 02:29 PM,Rejected-Finance,Not qualify in the Lottery Process,01-Jul-2026 04:53 PM,,,,,,,,,,,,,,AOC
