Organisation Chain,Tender Reference Number,Tender ID,Withdrawal Allowed,Tender Type,Form of contract,Tender Category,No. of Covers,General Technical Evaluation Allowed,ItemWise Technical Evaluation Allowed,Payment Mode,Is Multi Currency Allowed For BOQ,Is Multi Currency Allowed For Fee,Allow Two Stage Bidding,Title,Work Description,Pre Qualification Details,Independent External Monitor/Remarks,Tender Value in ₹,Product Category,Sub category,Contract Type,Bid Validity(Days),Period Of Work(Days),Location,Pincode,Pre Bid Meeting Place,Pre Bid Meeting Address,Pre Bid Meeting Date,Bid Opening Place,Should Allow NDA Tender,Allow Preferential Bidder,Name,Address,Tender Fee in ₹,VAT Charges in ₹,Fee Payable To,Fee Payable At,Tender Fee Exemption Allowed,Publish Date,Bid Opening Date,Document Download / Sale Start Date,Document Download / Sale End Date,Clarification Start Date,Clarification End Date,Bid Submission Start Date,Bid Submission End Date,Cover No,Cover,Document Type,Description,EMD Amount in ₹,EMD Exemption Allowed,EMD Fee Type,EMD Percentage,EMD Payable To,EMD Payable At,S.No,Bank Name,Tender Stage,Committee Chairperson/Co-ordinator Name :,Committee Chairperson/Co-ordinator Type :,Committee Members :,Updated By :,Updated On :,Document :,Committee Chairperson/Co-ordinator Name :.1,Committee Chairperson/Co-ordinator Type :.1,Committee Members :.1,Updated By :.1,Updated on :,Document :.1,Type :,Summary :,Updated By :.2,Updated On :.1,Document :.2,BOQ Comparative Chart :,S.No,Bid Number,Bidder Name,Submitted Date,Status,Remarks,Status Updated On,Organisation Chain :,Tender ID :,Tender Ref No :,Tender Title :,S.No.1,Bid Number.1,Bidder Name.1,Awarded Currency,Awarded Value,Contract Date :,Total Contract Value :,Work Completion Period in days :,Updated By :.3,Updated on :.1,AOC document :,AOC Description :,Tender Stage
"CE,Minor Irrigation,BBSR||SENMIC-SAMBALPUR||SAMBALPUR","SE,MID,SBP/02/2026-27",2026_CEMIB_128417_10,Yes,Open Tender,Percentage,Works,1.0,No,No,Online,No,No,No,Construction of Murgamal Check Dam over local nalla in Bamra Block of Sambalpur District under MATY 2026-27.,Construction of Murgamal Check Dam over local nalla in Bamra Block of Sambalpur District under MATY 2026-27.,"ScanCopy of Licence,GST PAN,BidCost,EMD,Afidavit,NoRelation other as per DTCN ",NA ,"39,46,256",Civil Works - Others,NA ,Tender,90.0,90.0,Sambalpur,768001.0,NA ,NA ,NA ,"SE, M.I.DIVISION, SAMBALPUR",No ,No,"SE, M.I.DIVISION, SAMBALPUR",At Motijharan PO B.S.S.Nagar Dist Sambalpur PIN 768001,"6,000",0.0,Nil,Nil,No,24-Apr-2026 11:00 AM,05-May-2026 10:00 AM,24-Apr-2026 11:00 AM,04-May-2026 05:30 PM,NA ,NA ,24-Apr-2026 11:00 AM,04-May-2026 05:30 PM,1.0,Fee/PreQual/Technical/Finance,.pdf,"ScanCopy of Licence,GST PAN,BidCost,EMD,Afidavit,NoRelation other as per DTCN","39,463",Yes,percentage,1.0%,Nil,Nil,1.0,ICICI BANK,AOC,SE KS NAIK,Internal,AEE DAO AE,Kundan Singh Naik,20-May-2026 10:10 AM,techsummary_588588.pdf (310.09 KB),SE KS NAIK,Internal,AEE DAO AE,Kundan Singh Naik,20-May-2026 10:32 AM,finsummary_588588.pdf (489.35 KB),Finance,Admitted,Kundan Singh Naik,09-May-2026 12:36 PM,,BOQ Comparative Chart,1,3470090,Abhilash Patel,01-May-2026 01:30 PM,Rejected-AOC,Not Selected vide transparent lottery,03-Jul-2026 12:32 PM,"CE,Minor Irrigation,BBSR||SENMIC-SAMBALPUR||SAMBALPUR",2026_CEMIB_128417_10,"SE,MID,SBP/02/2026-27",Construction of Murgamal Check Dam over local nalla in Bamra Block of Sambalpur District under MATY 2026-27.,1.0,3472510.0,SANDHYARANI SAHU,INR,"3,946,255.05",04-Jun-2026,"INR 3,946,255.05",90.0,Kundan Singh Naik,03-Jul-2026 12:32 PM,AOC10.pdf (309.00 KB),Work awarded to Sandhyarani Sahu C Class Contractor,AOC
,,,,,,,,,,,,,,,,,,,,,,,,,,,,,,,,,,,,,,,,,,,,,,,,,.xls,BILL OF QUANTITY,,,,,,,2.0,ICICI NEFT/RTGS,AOC,,,,,,,,,,,,,,,,,,,2,3471919,AMIT KUMAR PATEL,03-May-2026 12:17 PM,Rejected-AOC,Not Selected vide transparent lottery,03-Jul-2026 12:32 PM,,,,,,,,,,,,,,,,,AOC
,,,,,,,,,,,,,,,,,,,,,,,,,,,,,,,,,,,,,,,,,,,,,,,,,,,,,,,,,,,AOC,,,,,,,,,,,,,,,,,,,3,3470985,ASHUTOH PANDA,04-May-2026 09:43 AM,Rejected-AOC,Not Selected vide transparent lottery,03-Jul-2026 12:32 PM,,,,,,,,,,,,,,,,,AOC
,,,,,,,,,,,,,,,,,,,,,,,,,,,,,,,,,,,,,,,,,,,,,,,,,,,,,,,,,,,AOC,,,,,,,,,,,,,,,,,,,4,3473778,ATISH KUMAR AGARWAL,04-May-2026 02:34 PM,Rejected-AOC,Not Selected vide transparent lottery,03-Jul-2026 12:32 PM,,,,,,,,,,,,,,,,,AOC
,,,,,,,,,,,,,,,,,,,,,,,,,,,,,,,,,,,,,,,,,,,,,,,,,,,,,,,,,,,AOC,,,,,,,,,,,,,,,,,,,5,3474195,ATULYA KUMAR PUJHARI,04-May-2026 03:25 PM,Rejected-AOC,Not Selected vide transparent lottery,03-Jul-2026 12:32 PM,,,,,,,,,,,,,,,,,AOC
,,,,,,,,,,,,,,,,,,,,,,,,,,,,,,,,,,,,,,,,,,,,,,,,,,,,,,,,,,,AOC,,,,,,,,,,,,,,,,,,,6,3472834,Bikash Kumar Naik,03-May-2026 10:12 PM,Rejected-AOC,Not Selected vide transparent lottery,03-Jul-2026 12:32 PM,,,,,,,,,,,,,,,,,AOC
,,,,,,,,,,,,,,,,,,,,,,,,,,,,,,,,,,,,,,,,,,,,,,,,,,,,,,,,,,,AOC,,,,,,,,,,,,,,,,,,,7,3470648,CHUDAMANI JAYAPURIA,02-May-2026 03:07 AM,Rejected-AOC,Not Selected vide transparent lottery,03-Jul-2026 12:32 PM,,,,,,,,,,,,,,,,,AOC
,,,,,,,,,,,,,,,,,,,,,,,,,,,,,,,,,,,,,,,,,,,,,,,,,,,,,,,,,,,AOC,,,,,,,,,,,,,,,,,,,8,3472982,Debadatta Meher,04-May-2026 07:13 AM,Rejected-AOC,Not Selected vide transparent lottery,03-Jul-2026 12:32 PM,,,,,,,,,,,,,,,,,AOC
,,,,,,,,,,,,,,,,,,,,,,,,,,,,,,,,,,,,,,,,,,,,,,,,,,,,,,,,,,,AOC,,,,,,,,,,,,,,,,,,,9,3473109,DEBASHIS SARANGI,04-May-2026 02:44 PM,Rejected-AOC,Not Selected vide transparent lottery,03-Jul-2026 12:32 PM,,,,,,,,,,,,,,,,,AOC
,,,,,,,,,,,,,,,,,,,,,,,,,,,,,,,,,,,,,,,,,,,,,,,,,,,,,,,,,,,AOC,,,,,,,,,,,,,,,,,,,10,3473852,DEEPAK DANDAPAT,04-May-2026 01:19 PM,Rejected-Technical,Rejected due to Non submission of valid licence,20-May-2026 10:10 AM,,,,,,,,,,,,,,,,,AOC
,,,,,,,,,,,,,,,,,,,,,,,,,,,,,,,,,,,,,,,,,,,,,,,,,,,,,,,,,,,AOC,,,,,,,,,,,,,,,,,,,11,3468993,DHIRAJ CHOUDHARY,30-Apr-2026 01:03 PM,Rejected-AOC,Not Selected vide transparent lottery,03-Jul-2026 12:32 PM,,,,,,,,,,,,,,,,,AOC
,,,,,,,,,,,,,,,,,,,,,,,,,,,,,,,,,,,,,,,,,,,,,,,,,,,,,,,,,,,AOC,,,,,,,,,,,,,,,,,,,12,3471773,DIBYALOCHAN BISWAL,03-May-2026 01:42 AM,Rejected-AOC,Not Selected vide transparent lottery,03-Jul-2026 12:32 PM,,,,,,,,,,,,,,,,,AOC
,,,,,,,,,,,,,,,,,,,,,,,,,,,,,,,,,,,,,,,,,,,,,,,,,,,,,,,,,,,AOC,,,,,,,,,,,,,,,,,,,13,3473977,DWARIKA PRADHAN,04-May-2026 01:53 PM,Rejected-AOC,Not Selected vide transparent lottery,03-Jul-2026 12:32 PM,,,,,,,,,,,,,,,,,AOC
,,,,,,,,,,,,,,,,,,,,,,,,,,,,,,,,,,,,,,,,,,,,,,,,,,,,,,,,,,,AOC,,,,,,,,,,,,,,,,,,,14,3470549,GAGAN BIHARI DASH,01-May-2026 08:48 PM,Rejected-AOC,Not Selected vide transparent lottery,03-Jul-2026 12:32 PM,,,,,,,,,,,,,,,,,AOC
,,,,,,,,,,,,,,,,,,,,,,,,,,,,,,,,,,,,,,,,,,,,,,,,,,,,,,,,,,,AOC,,,,,,,,,,,,,,,,,,,15,3472125,GANESH RAM AGARWALA,03-May-2026 01:39 PM,Rejected-AOC,Not Selected vide transparent lottery,03-Jul-2026 12:32 PM,,,,,,,,,,,,,,,,,AOC
,,,,,,,,,,,,,,,,,,,,,,,,,,,,,,,,,,,,,,,,,,,,,,,,,,,,,,,,,,,AOC,,,,,,,,,,,,,,,,,,,16,3474166,GOVIND MEHER,04-May-2026 04:16 PM,Rejected-AOC,Not Selected vide transparent lottery,03-Jul-2026 12:32 PM,,,,,,,,,,,,,,,,,AOC
,,,,,,,,,,,,,,,,,,,,,,,,,,,,,,,,,,,,,,,,,,,,,,,,,,,,,,,,,,,AOC,,,,,,,,,,,,,,,,,,,17,3472304,INDRADEB CHOUDHURY,04-May-2026 01:10 PM,Rejected-AOC,Not Selected vide transparent lottery,03-Jul-2026 12:32 PM,,,,,,,,,,,,,,,,,AOC
,,,,,,,,,,,,,,,,,,,,,,,,,,,,,,,,,,,,,,,,,,,,,,,,,,,,,,,,,,,AOC,,,,,,,,,,,,,,,,,,,18,3472362,KAPILASH NAYAK,03-May-2026 05:45 PM,Rejected-AOC,Not Selected vide transparent lottery,03-Jul-2026 12:32 PM,,,,,,,,,,,,,,,,,AOC
,,,,,,,,,,,,,,,,,,,,,,,,,,,,,,,,,,,,,,,,,,,,,,,,,,,,,,,,,,,AOC,,,,,,,,,,,,,,,,,,,19,3474403,LIZA CHOUDHARY,04-May-2026 04:43 PM,Rejected-AOC,Not Selected vide transparent lottery,03-Jul-2026 12:32 PM,,,,,,,,,,,,,,,,,AOC
,,,,,,,,,,,,,,,,,,,,,,,,,,,,,,,,,,,,,,,,,,,,,,,,,,,,,,,,,,,AOC,,,,,,,,,,,,,,,,,,,20,3471836,MANOJ KUMAR DASH,03-May-2026 11:18 AM,Rejected-AOC,Not Selected vide transparent lottery,03-Jul-2026 12:32 PM,,,,,,,,,,,,,,,,,AOC
,,,,,,,,,,,,,,,,,,,,,,,,,,,,,,,,,,,,,,,,,,,,,,,,,,,,,,,,,,,AOC,,,,,,,,,,,,,,,,,,,21,3472410,MILAN KUMAR PATEL,03-May-2026 05:29 PM,Rejected-AOC,Not Selected vide transparent lottery,03-Jul-2026 12:32 PM,,,,,,,,,,,,,,,,,AOC
,,,,,,,,,,,,,,,,,,,,,,,,,,,,,,,,,,,,,,,,,,,,,,,,,,,,,,,,,,,AOC,,,,,,,,,,,,,,,,,,,22,3472452,NARESH BEHERA,03-May-2026 06:56 PM,Rejected-AOC,Not Selected vide transparent lottery,03-Jul-2026 12:32 PM,,,,,,,,,,,,,,,,,AOC
,,,,,,,,,,,,,,,,,,,,,,,,,,,,,,,,,,,,,,,,,,,,,,,,,,,,,,,,,,,AOC,,,,,,,,,,,,,,,,,,,23,3471644,PARSURAM KHAMARI,02-May-2026 11:43 PM,Rejected-AOC,Not Selected vide transparent lottery,03-Jul-2026 12:32 PM,,,,,,,,,,,,,,,,,AOC
,,,,,,,,,,,,,,,,,,,,,,,,,,,,,,,,,,,,,,,,,,,,,,,,,,,,,,,,,,,AOC,,,,,,,,,,,,,,,,,,,24,3472658,RAJESH BEHERA,03-May-2026 08:20 PM,Rejected-AOC,Not Selected vide transparent lottery,03-Jul-2026 12:32 PM,,,,,,,,,,,,,,,,,AOC
,,,,,,,,,,,,,,,,,,,,,,,,,,,,,,,,,,,,,,,,,,,,,,,,,,,,,,,,,,,AOC,,,,,,,,,,,,,,,,,,,25,3472088,RAJIB KUMAR NAYAK,03-May-2026 02:51 PM,Rejected-AOC,Not Selected vide transparent lottery,03-Jul-2026 12:32 PM,,,,,,,,,,,,,,,,,AOC
,,,,,,,,,,,,,,,,,,,,,,,,,,,,,,,,,,,,,,,,,,,,,,,,,,,,,,,,,,,AOC,,,,,,,,,,,,,,,,,,,26,3473100,RAKESH RANJAN SAHU,04-May-2026 11:12 AM,Rejected-AOC,Not Selected vide transparent lottery,03-Jul-2026 12:32 PM,,,,,,,,,,,,,,,,,AOC
,,,,,,,,,,,,,,,,,,,,,,,,,,,,,,,,,,,,,,,,,,,,,,,,,,,,,,,,,,,AOC,,,,,,,,,,,,,,,,,,,27,3472361,Rohit Kisan,03-May-2026 05:42 PM,Rejected-AOC,Not Selected vide transparent lottery,03-Jul-2026 12:32 PM,,,,,,,,,,,,,,,,,AOC
,,,,,,,,,,,,,,,,,,,,,,,,,,,,,,,,,,,,,,,,,,,,,,,,,,,,,,,,,,,AOC,,,,,,,,,,,,,,,,,,,28,3471530,SAMBIT KUMAR BEHERA,02-May-2026 08:56 PM,Rejected-AOC,Not Selected vide transparent lottery,03-Jul-2026 12:32 PM,,,,,,,,,,,,,,,,,AOC
,,,,,,,,,,,,,,,,,,,,,,,,,,,,,,,,,,,,,,,,,,,,,,,,,,,,,,,,,,,AOC,,,,,,,,,,,,,,,,,,,29,3472510,SANDHYARANI SAHU,03-May-2026 11:51 PM,Accepted-AOC,Selected vide transparent lottery,03-Jul-2026 12:32 PM,,,,,,,,,,,,,,,,,AOC
,,,,,,,,,,,,,,,,,,,,,,,,,,,,,,,,,,,,,,,,,,,,,,,,,,,,,,,,,,,AOC,,,,,,,,,,,,,,,,,,,30,3472497,SITARAM KHAMARI,03-May-2026 11:18 PM,Rejected-AOC,Not Selected vide transparent lottery,03-Jul-2026 12:32 PM,,,,,,,,,,,,,,,,,AOC
,,,,,,,,,,,,,,,,,,,,,,,,,,,,,,,,,,,,,,,,,,,,,,,,,,,,,,,,,,,AOC,,,,,,,,,,,,,,,,,,,31,3473073,SOMANATH SAHU,04-May-2026 12:52 AM,Rejected-AOC,Not Selected vide transparent lottery,03-Jul-2026 12:32 PM,,,,,,,,,,,,,,,,,AOC
,,,,,,,,,,,,,,,,,,,,,,,,,,,,,,,,,,,,,,,,,,,,,,,,,,,,,,,,,,,AOC,,,,,,,,,,,,,,,,,,,32,3472613,SUSANTA KUMAR BEHERA,03-May-2026 07:09 PM,Rejected-AOC,Not Selected vide transparent lottery,03-Jul-2026 12:32 PM,,,,,,,,,,,,,,,,,AOC
,,,,,,,,,,,,,,,,,,,,,,,,,,,,,,,,,,,,,,,,,,,,,,,,,,,,,,,,,,,AOC,,,,,,,,,,,,,,,,,,,33,3473070,SUSHANTA KUMAR MOHAPATRA,04-May-2026 01:32 AM,Rejected-AOC,Not Selected vide transparent lottery,03-Jul-2026 12:32 PM,,,,,,,,,,,,,,,,,AOC
,,,,,,,,,,,,,,,,,,,,,,,,,,,,,,,,,,,,,,,,,,,,,,,,,,,,,,,,,,,AOC,,,,,,,,,,,,,,,,,,,34,3470655,TILOTAMA JAYAPURIA,02-May-2026 02:24 AM,Rejected-AOC,Not Selected vide transparent lottery,03-Jul-2026 12:32 PM,,,,,,,,,,,,,,,,,AOC
,,,,,,,,,,,,,,,,,,,,,,,,,,,,,,,,,,,,,,,,,,,,,,,,,,,,,,,,,,,AOC,,,,,,,,,,,,,,,,,,,35,3473142,YASH MOHAPATRA,04-May-2026 07:51 AM,Rejected-AOC,Not Selected vide transparent lottery,03-Jul-2026 12:32 PM,,,,,,,,,,,,,,,,,AOC
