Organisation Chain,Tender Reference Number,Tender ID,Withdrawal Allowed,Tender Type,Form of contract,Tender Category,No. of Covers,General Technical Evaluation Allowed,ItemWise Technical Evaluation Allowed,Payment Mode,Is Multi Currency Allowed For BOQ,Is Multi Currency Allowed For Fee,Allow Two Stage Bidding,Publish Date,Bid Opening Date,Document Download / Sale Start Date,Document Download / Sale End Date,Clarification Start Date,Clarification End Date,Bid Submission Start Date,Bid Submission End Date,Name,Address,Tender Fee in ₹,VAT Charges in ₹,Fee Payable To,Fee Payable At,Tender Fee Exemption Allowed,Title,Work Description,Pre Qualification Details,Independent External Monitor/Remarks,Tender Value in ₹,Product Category,Sub category,Contract Type,Bid Validity(Days),Period Of Work(Days),Location,Pincode,Pre Bid Meeting Place,Pre Bid Meeting Address,Pre Bid Meeting Date,Bid Opening Place,Should Allow NDA Tender,Allow Preferential Bidder,S.No,Bank Name,Cover No,Cover,Document Type,Description,EMD Amount in ₹,EMD Exemption Allowed,EMD Fee Type,EMD Percentage,EMD Payable To,EMD Payable At,Tender Stage,Committee Chairperson/Co-ordinator Name :,Committee Chairperson/Co-ordinator Type :,Committee Members :,Updated By :,Updated On :,Document :,Committee Chairperson/Co-ordinator Name :.1,Committee Chairperson/Co-ordinator Type :.1,Committee Members :.1,Updated By :.1,Updated on :,Document :.1,Type :,Summary :,Updated By :.2,Updated On :.1,Document :.2,BOQ Comparative Chart :,Contract Date :,Total Contract Value :,Work Completion Period in days :,Updated By :.3,Updated on :.1,AOC document :,Organisation Chain :,Tender ID :,Tender Ref No :,Tender Title :,S.No,Bid Number,Bidder Name,Awarded Currency,Awarded Value,S.No.1,Bid Number.1,Bidder Name.1,Submitted Date,Status,Remarks,Status Updated On,Tender Stage
"CE-BM,RVN Basin,Berhampur||SE Southern Irr Circle II Paralakhemundi||EE Harabhangi Irr Divn Adava",SE-HID-ADV-02/2026-27,2026_CEBMB_128949_25,Yes,National Competitive Bid,Percentage,Works,1.0,No,No,Online,No,No,No,11-May-2026 11:00 AM,25-May-2026 11:00 AM,11-May-2026 11:00 AM,22-May-2026 05:30 PM,11-May-2026 11:00 AM ,13-May-2026 05:30 PM ,11-May-2026 11:00 AM,22-May-2026 05:30 PM,"SE,HARABHANGI IRRI DIVN","O/O SE,HARABHANGI IRRI DIVN","6,000",0.0,Nil,Nil,No,Repair and Renovation of Saurasingipur S/M In Between RD 00m to 180m of BIP,MAINTENANCE WORK,Please refer Tender documents. ,NA ,"16,08,234",Civil Works - Others,NA ,Tender,90.0,90.0,ADAVA,761217.0,NA ,NA ,NA ,"O/O SE,HARABHANGI IRRI DIVN",No ,No,1.0,ICICI BANK,1.0,Fee/PreQual/Technical/Finance,.pdf,"TENDER PAPER COST,EMD,GSTIN,PAN,CONTRACTOR RC,","16,100",Yes,fixed,,Nil,Nil,AOC,"Bishnu Prasad Panigrahi, Superintending Engineer, Harabhangi Irrigation Division, Adava",Internal,"Sangita kumari Bishoyi AE Estimator, Nityananda Behera AEE Estimator, Arun kumar Singh Accountant",Nityananda Behera,04-Jul-2026 01:23 PM,techsummary_590228.pdf (939.25 KB),"Bishnu Prasad Panigrahi, Superintending Engineer, Harabhangi Irrigation Division, Adava",Internal,"Sangita kumari Bishoyi AE Estimator, Nityananda Behera AEE Estimator, Arun kumar Singh Accountant",Nityananda Behera,04-Jul-2026 02:16 PM,finsummary_590228.pdf (599.61 KB),Finance,All the Bidders Documents are successfully Downloaded,Nityananda Behera,30-May-2026 04:03 PM,finance_590228.pdf,BOQ Comparative Chart,20-Jul-2026,"INR 1,608,234",90.0,BISHNU PRASAD PANIGRAHI,24-Jul-2026 11:25 AM,ParamaeswariMohapatraBID29.pdf (362.00 KB),"CE-BM,RVN Basin,Berhampur||SE Southern Irr Circle II Paralakhemundi||EE Harabhangi Irr Divn Adava",2026_CEBMB_128949_25,SE-HID-ADV-02/2026-27,Repair and Renovation of Saurasingipur S/M In Between RD 00m to 180m of BIP,1.0,3500637.0,PARAMESWARI MOHAPATRO,INR,"1,608,234",1,3492985,Abani Ranjan Panigrahi,20-May-2026 10:11 AM,Rejected-AOC,Rejected by transparency lottery system,24-Jul-2026 11:25 AM,AOC
,,,,,,,,,,,,,,,,,,,,,,,,,,,,,,,,,,,,,,,,,,,,,,,2.0,ICICI NEFT/RTGS,,,.pdf,AFFIDAVIT UNDER TAKING DECLARATION NO RELATIONSHIP WITH DEPARTMENTAL OFFICIALS,,,,,,,AOC,,,,,,,,,,,,,,,,,,,,,,,,,,,,,,,,,,2,3489708,DIPAK KUMAR SETHY,16-May-2026 01:00 PM,Rejected-AOC,Rejected by transparency lottery system,24-Jul-2026 11:25 AM,AOC
,,,,,,,,,,,,,,,,,,,,,,,,,,,,,,,,,,,,,,,,,,,,,,,,,,,.pdf,ANY OTHER DOCUMENTS AS PER SBD AND DTCN,,,,,,,AOC,,,,,,,,,,,,,,,,,,,,,,,,,,,,,,,,,,3,3495551,GOPAL KRUSHNA PANDA,21-May-2026 07:51 PM,Rejected-AOC,Rejected by transparency lottery system,24-Jul-2026 11:25 AM,AOC
,,,,,,,,,,,,,,,,,,,,,,,,,,,,,,,,,,,,,,,,,,,,,,,,,,,.xls,BOQ,,,,,,,AOC,,,,,,,,,,,,,,,,,,,,,,,,,,,,,,,,,,4,3496378,JAGADISH PANDA,20-May-2026 07:30 PM,Rejected-AOC,Rejected by transparency lottery system,24-Jul-2026 11:25 AM,AOC
,,,,,,,,,,,,,,,,,,,,,,,,,,,,,,,,,,,,,,,,,,,,,,,,,,,,,,,,,,,AOC,,,,,,,,,,,,,,,,,,,,,,,,,,,,,,,,,,5,3501226,JAYADEBA PANIGRAHY,22-May-2026 03:49 PM,Rejected-AOC,Rejected by transparency lottery system,24-Jul-2026 11:25 AM,AOC
,,,,,,,,,,,,,,,,,,,,,,,,,,,,,,,,,,,,,,,,,,,,,,,,,,,,,,,,,,,AOC,,,,,,,,,,,,,,,,,,,,,,,,,,,,,,,,,,6,3494474,JHUNITA BEHERA,20-May-2026 12:05 PM,Rejected-AOC,Rejected by transparency lottery system,24-Jul-2026 11:25 AM,AOC
,,,,,,,,,,,,,,,,,,,,,,,,,,,,,,,,,,,,,,,,,,,,,,,,,,,,,,,,,,,AOC,,,,,,,,,,,,,,,,,,,,,,,,,,,,,,,,,,7,3500690,JOHAN MAJHI,22-May-2026 01:16 PM,Rejected-AOC,Rejected by transparency lottery system,24-Jul-2026 11:25 AM,AOC
,,,,,,,,,,,,,,,,,,,,,,,,,,,,,,,,,,,,,,,,,,,,,,,,,,,,,,,,,,,AOC,,,,,,,,,,,,,,,,,,,,,,,,,,,,,,,,,,8,3500904,NIRUPAMA GOUDA,22-May-2026 12:39 PM,Rejected-AOC,Rejected by transparency lottery system,24-Jul-2026 11:25 AM,AOC
,,,,,,,,,,,,,,,,,,,,,,,,,,,,,,,,,,,,,,,,,,,,,,,,,,,,,,,,,,,AOC,,,,,,,,,,,,,,,,,,,,,,,,,,,,,,,,,,9,3500637,PARAMESWARI MOHAPATRO,22-May-2026 11:38 AM,Accepted-AOC,Accepted by transparency lottery system,24-Jul-2026 11:25 AM,AOC
,,,,,,,,,,,,,,,,,,,,,,,,,,,,,,,,,,,,,,,,,,,,,,,,,,,,,,,,,,,AOC,,,,,,,,,,,,,,,,,,,,,,,,,,,,,,,,,,10,3500167,PRABHAS CHANDRA PADHY,21-May-2026 08:16 PM,Rejected-AOC,Rejected by transparency lottery system,24-Jul-2026 11:25 AM,AOC
,,,,,,,,,,,,,,,,,,,,,,,,,,,,,,,,,,,,,,,,,,,,,,,,,,,,,,,,,,,AOC,,,,,,,,,,,,,,,,,,,,,,,,,,,,,,,,,,11,3499873,PRAMILA PATTNAIK,21-May-2026 05:56 PM,Rejected-AOC,Rejected by transparency lottery system,24-Jul-2026 11:25 AM,AOC
,,,,,,,,,,,,,,,,,,,,,,,,,,,,,,,,,,,,,,,,,,,,,,,,,,,,,,,,,,,AOC,,,,,,,,,,,,,,,,,,,,,,,,,,,,,,,,,,12,3496898,PRIYANKA PANDA,22-May-2026 08:39 AM,Rejected-AOC,Rejected by transparency lottery system,24-Jul-2026 11:25 AM,AOC
,,,,,,,,,,,,,,,,,,,,,,,,,,,,,,,,,,,,,,,,,,,,,,,,,,,,,,,,,,,AOC,,,,,,,,,,,,,,,,,,,,,,,,,,,,,,,,,,13,3493014,RAJENDRA PRASAD SAHU,19-May-2026 12:47 PM,Rejected-AOC,Rejected by transparency lottery system,24-Jul-2026 11:25 AM,AOC
,,,,,,,,,,,,,,,,,,,,,,,,,,,,,,,,,,,,,,,,,,,,,,,,,,,,,,,,,,,AOC,,,,,,,,,,,,,,,,,,,,,,,,,,,,,,,,,,14,3498257,RAKESH KUMAR PATRO,21-May-2026 03:09 PM,Rejected-AOC,Rejected by transparency lottery system,24-Jul-2026 11:25 AM,AOC
,,,,,,,,,,,,,,,,,,,,,,,,,,,,,,,,,,,,,,,,,,,,,,,,,,,,,,,,,,,AOC,,,,,,,,,,,,,,,,,,,,,,,,,,,,,,,,,,15,3495997,SANTOSH DAS,21-May-2026 10:37 AM,Rejected-AOC,Rejected by transparency lottery system,24-Jul-2026 11:25 AM,AOC
,,,,,,,,,,,,,,,,,,,,,,,,,,,,,,,,,,,,,,,,,,,,,,,,,,,,,,,,,,,AOC,,,,,,,,,,,,,,,,,,,,,,,,,,,,,,,,,,16,3500517,Simadri Trinath Rao,22-May-2026 12:04 PM,Rejected-AOC,Rejected by transparency lottery system,24-Jul-2026 11:25 AM,AOC
,,,,,,,,,,,,,,,,,,,,,,,,,,,,,,,,,,,,,,,,,,,,,,,,,,,,,,,,,,,AOC,,,,,,,,,,,,,,,,,,,,,,,,,,,,,,,,,,17,3501340,TRIPATI NAYAK,22-May-2026 03:02 PM,Rejected-AOC,Rejected by transparency lottery system,24-Jul-2026 11:25 AM,AOC
