Committee Chairperson/Co-ordinator Name :,Committee Chairperson/Co-ordinator Type :,Committee Members :,Updated By :,Updated On :,Document :,S.No,Bid Number,Bidder Name,Submitted Date,Status,Remarks,Status Updated On,Contract Date :,Total Contract Value :,Work Completion Period in days :,Updated By :.1,Updated on :,AOC document :,Type :,Summary :,Updated By :.2,Updated On :.1,Document :.1,BOQ Comparative Chart :,S.No.1,Bid Number.1,Bidder Name.1,Awarded Currency,Awarded Value,Organisation Chain :,Tender ID :,Tender Ref No :,Tender Title :,Committee Chairperson/Co-ordinator Name :.1,Committee Chairperson/Co-ordinator Type :.1,Committee Members :.1,Updated By :.3,Updated on :.1,Document :.2,Tender Stage,Title,Work Description,Pre Qualification Details,Independent External Monitor/Remarks,Tender Value in ₹,Product Category,Sub category,Contract Type,Bid Validity(Days),Period Of Work(Days),Location,Pincode,Pre Bid Meeting Place,Pre Bid Meeting Address,Pre Bid Meeting Date,Bid Opening Place,Should Allow NDA Tender,Allow Preferential Bidder,Organisation Chain,Tender Reference Number,Tender ID,Withdrawal Allowed,Tender Type,Form of contract,Tender Category,No. of Covers,General Technical Evaluation Allowed,ItemWise Technical Evaluation Allowed,Payment Mode,Is Multi Currency Allowed For BOQ,Is Multi Currency Allowed For Fee,Allow Two Stage Bidding,Name,Address,EMD Amount in ₹,EMD Exemption Allowed,EMD Fee Type,EMD Percentage,EMD Payable To,EMD Payable At,Tender Fee in ₹,Fee Payable To,Fee Payable At,Tender Fee Exemption Allowed,Publish Date,Bid Opening Date,Document Download / Sale Start Date,Document Download / Sale End Date,Clarification Start Date,Clarification End Date,Bid Submission Start Date,Bid Submission End Date,S.No,Bank Name,Cover No,Cover,Document Type,Description,Tender Stage
Niranjana Parida,Internal,"Bijay Kumar mallick, Md Azharuddin Khan, Pradeepta Khuntia",NIRANJAN PARIDA,25-Jun-2026 02:28 PM,techsummary_588342.pdf (268.41 KB),1,3476492,ABHIJIT DAS,06-May-2026 01:14 PM,Rejected-Finance,Quoted price is higher than L1,07-Jul-2026 12:38 PM,07-Jul-2026,"INR 1,863,940",180.0,NIRANJAN PARIDA,07-Jul-2026 12:47 PM,workorder.pdf (446.00 KB),Finance,Admitted,NIRANJAN PARIDA,07-May-2026 12:13 PM,,BOQ Comparative Chart,1.0,3476545.0,DEBASHISH DAS,INR,"1,863,940",Panchayati Raj and Drinking Water Department Odisha||Zilla Parisad Jagatsinghpur||NAUGAON Block,2026_PRBNA_128323_1,TENDER CALL NOTICE NO. BDO/NPS-01 of 2026-27,"Construction of Meeting Hall at kantunia Government High School, Jamugaon GP, Naugaon Block",Niranjana Parida,Internal,Bijay Kumar Mallick Md Azharuddin Khan Pradeepta Khuntia,NIRANJAN PARIDA,07-Jul-2026 12:38 PM,finsummary_588342.pdf (268.42 KB),AOC,"Construction of Meeting Hall at kantunia Government High School, Jamugaon GP, Naugaon Block","Construction of Meeting Hall at kantunia Government High School, Jamugaon GP, Naugaon Block",Please refer Tender Documents ,NA ,"24,85,256",Civil Works - Buildings,NA ,Tender,90.0,NA ,Naugaon,754113.0,NA ,NA ,NA ,"O/o Panchayat Samiti, Naugaon",No ,No,Panchayati Raj and Drinking Water Department Odisha||Zilla Parisad Jagatsinghpur||NAUGAON Block,TENDER CALL NOTICE NO. BDO/NPS-01 of 2026-27,2026_PRBNA_128323_1,Yes,Open Tender,Percentage,Works,1.0,No,No,Online,No,No,No,BDO,"O/o Panchayat Samiti, Naugaon","24,850",Yes,fixed,,Nil,Nil,"6,000",Nil,Nil,No,22-Apr-2026 10:00 AM,07-May-2026 11:30 AM,22-Apr-2026 10:00 AM,06-May-2026 05:30 PM,22-Apr-2026 10:00 AM ,06-May-2026 01:00 PM ,22-Apr-2026 10:00 AM,06-May-2026 05:30 PM,1.0,ICICI BANK,1.0,Fee/PreQual/Technical/Finance,.pdf,"Checklist, Contractor RC, Affidavit, NRC, GSTIN, PAN, Undertaking and any other document as per DTCN",AOC
,,,,,,2,3471078,BULU MOHAPATRA,02-May-2026 01:16 PM,Rejected-Finance,Quoted price is higher than L1,07-Jul-2026 12:38 PM,,,,,,,,,,,,,,,,,,,,,,,,,,,,AOC,,,,,,,,,,,,,,,,,,,,,,,,,,,,,,,,,,,,,,,,,,,,,,,,,,,,,2.0,ICICI NEFT/RTGS,,,.xls,Bill of Quantity,AOC
,,,,,,3,3476545,DEBASHISH DAS,06-May-2026 12:22 PM,Accepted-AOC,Accepted the L1 bid,07-Jul-2026 12:47 PM,,,,,,,,,,,,,,,,,,,,,,,,,,,,AOC,,,,,,,,,,,,,,,,,,,,,,,,,,,,,,,,,,,,,,,,,,,,,,,,,,,,,,,,,,,AOC
,,,,,,4,3475888,MADHUSUDAN ENTERPRISES,05-May-2026 05:25 PM,Rejected-Finance,Quoted price is higher than L1,07-Jul-2026 12:38 PM,,,,,,,,,,,,,,,,,,,,,,,,,,,,AOC,,,,,,,,,,,,,,,,,,,,,,,,,,,,,,,,,,,,,,,,,,,,,,,,,,,,,,,,,,,AOC
,,,,,,5,3466408,M/S. BISWAJEET KANDI,28-Apr-2026 12:09 PM,Rejected-Finance,Quoted price is higher than L1,07-Jul-2026 12:38 PM,,,,,,,,,,,,,,,,,,,,,,,,,,,,AOC,,,,,,,,,,,,,,,,,,,,,,,,,,,,,,,,,,,,,,,,,,,,,,,,,,,,,,,,,,,AOC
,,,,,,6,3476720,NARESH KUMAR BEHERA,06-May-2026 01:46 PM,Rejected-Finance,Quoted price is higher than L1,07-Jul-2026 12:38 PM,,,,,,,,,,,,,,,,,,,,,,,,,,,,AOC,,,,,,,,,,,,,,,,,,,,,,,,,,,,,,,,,,,,,,,,,,,,,,,,,,,,,,,,,,,AOC
,,,,,,7,3467070,PRABIR KUMAR KUNAR,05-May-2026 10:07 PM,Rejected-Finance,Quoted price is higher than L1,07-Jul-2026 12:38 PM,,,,,,,,,,,,,,,,,,,,,,,,,,,,AOC,,,,,,,,,,,,,,,,,,,,,,,,,,,,,,,,,,,,,,,,,,,,,,,,,,,,,,,,,,,AOC
,,,,,,8,3476892,RAJANIKANTA SWAIN,06-May-2026 04:03 PM,Rejected-Finance,Quoted price is higher than L1,07-Jul-2026 12:38 PM,,,,,,,,,,,,,,,,,,,,,,,,,,,,AOC,,,,,,,,,,,,,,,,,,,,,,,,,,,,,,,,,,,,,,,,,,,,,,,,,,,,,,,,,,,AOC
,,,,,,9,3473020,SAIKRUSHNA TARAI,06-May-2026 01:08 PM,Rejected-Finance,Quoted price is higher than L1,07-Jul-2026 12:38 PM,,,,,,,,,,,,,,,,,,,,,,,,,,,,AOC,,,,,,,,,,,,,,,,,,,,,,,,,,,,,,,,,,,,,,,,,,,,,,,,,,,,,,,,,,,AOC
,,,,,,10,3476004,SAMBIT KUMAR DAS,06-May-2026 08:12 AM,Rejected-Finance,Quoted price is higher than L1,07-Jul-2026 12:38 PM,,,,,,,,,,,,,,,,,,,,,,,,,,,,AOC,,,,,,,,,,,,,,,,,,,,,,,,,,,,,,,,,,,,,,,,,,,,,,,,,,,,,,,,,,,AOC
