S.No,Bid Number,Bidder Name,Awarded Currency,Awarded Value,Type :,Summary :,Updated By :,Updated On :,Document :,BOQ Comparative Chart :,Committee Chairperson/Co-ordinator Name :,Committee Chairperson/Co-ordinator Type :,Committee Members :,Updated By :.1,Updated on :,Document :.1,Organisation Chain :,Tender ID :,Tender Ref No :,Tender Title :,Committee Chairperson/Co-ordinator Name :.1,Committee Chairperson/Co-ordinator Type :.1,Committee Members :.1,Updated By :.2,Updated On :.1,Document :.2,Contract Date :,Total Contract Value :,Work Completion Period in days :,Updated By :.3,Updated on :.1,AOC document :,S.No.1,Bid Number.1,Bidder Name.1,Submitted Date,Status,Remarks,Status Updated On,Tender Stage,S.No,Bank Name,Organisation Chain,Tender Reference Number,Tender ID,Withdrawal Allowed,Tender Type,Form of contract,Tender Category,No. of Covers,General Technical Evaluation Allowed,ItemWise Technical Evaluation Allowed,Payment Mode,Is Multi Currency Allowed For BOQ,Is Multi Currency Allowed For Fee,Allow Two Stage Bidding,Title,Work Description,Pre Qualification Details,Independent External Monitor/Remarks,Tender Value in ₹,Product Category,Sub category,Contract Type,Bid Validity(Days),Period Of Work(Days),Location,Pincode,Pre Bid Meeting Place,Pre Bid Meeting Address,Pre Bid Meeting Date,Bid Opening Place,Should Allow NDA Tender,Allow Preferential Bidder,Name,Address,Cover No,Cover,Document Type,Description,Tender Fee in ₹,VAT Charges in ₹,Fee Payable To,Fee Payable At,Tender Fee Exemption Allowed,EMD Amount in ₹,EMD Exemption Allowed,EMD Fee Type,EMD Percentage,EMD Payable To,EMD Payable At,Publish Date,Bid Opening Date,Document Download / Sale Start Date,Document Download / Sale End Date,Clarification Start Date,Clarification End Date,Bid Submission Start Date,Bid Submission End Date,Tender Stage
1.0,3448986.0,M/s. ASHIRBAD INDUSTRIES Prp. PRAKASH CHANDRA LENKA,INR,"1,784,456",Finance,ALL BID DOCUMENTS ARE DOWNLOADED.,Ranjit Kumar Behera,17-Apr-2026 05:50 PM,,BOQ Comparative Chart,"ADDL.CHIEF ENGINEER, MECHANICAL CIRCLE,BHUBANESWAR",Internal,,Ranjit Kumar Behera,07-Jul-2026 05:17 PM,finsummary_586550.pdf (384.20 KB),Chief Engineer Mech - WR Bhubaneswar||SE Mechanical Circle Bhubaneswar,2026_CEMWR_127665_1,ACEM/MDL-62/2025-26,"Supply, fabrication, and erection of Gate and Hoist of Kunardihi Check Dam of Saraskana Block under Minor Irrigation Division Mayurbhanj for the year-2025-26.","ADDL.CHIEF ENGINEER, MECHANICAL CIRCLE,BHUBANESWAR",Internal,,Ranjit Kumar Behera,07-Jul-2026 12:42 PM,techsummary_586550.pdf (536.45 KB),07-Jul-2026,"INR 1,784,456",60.0,Ranjit Kumar Behera,17-Jul-2026 11:22 AM,mdl62aoc.pdf (454.00 KB),1,3455769,ABHISEKH ENTERPRISERS,16-Apr-2026 02:12 PM,Rejected-Finance,LOOSER OF THE LOTTERY,07-Jul-2026 05:17 PM,AOC,1.0,ICICI BANK,Chief Engineer Mech - WR Bhubaneswar||SE Mechanical Circle Bhubaneswar,ACEM/MDL-62/2025-26,2026_CEMWR_127665_1,Yes,Open Tender,Percentage,Works,1.0,No,No,Online,No,No,No,"Supply, fabrication, and erection of Gate and Hoist of Kunardihi Check Dam of Saraskana Block under Minor Irrigation Division Mayurbhanj for the year-2025-26.","Supply, fabrication, and erection of Gate and Hoist of Kunardihi Check Dam of Saraskana Block under Minor Irrigation Division Mayurbhanj for the year-2025-26.",Please refer Tender documents. ,NA ,"17,84,456",Mechanical Works,NA ,Tender,90.0,60.0,"SARASKANA BLOCK, MAYURBHANJ",757051.0,NA ,NA ,NA ,BHUBANESWAR,No ,No,"ADDL.CHIEF ENGINEER, MECHANICAL CIRCLE,BHUBANESWAR","O/O THE ADDL.CHIEF ENGINEER, MECHANICAL CIRCLE, BHUBANESWAR, DELTA SQUARE",1.0,Fee/PreQual/Technical/Finance,.pdf,"RC, GST, PAN, AFFIDAVIT AND ALL OTHER DOCUMENTS AS PER DTCN.","6,000",0.0,Nil,Nil,No,"17,900",No,fixed,,Nil,Nil,30-Mar-2026 10:00 AM,17-Apr-2026 11:00 AM,30-Mar-2026 10:00 AM,16-Apr-2026 05:30 PM,30-Mar-2026 10:00 AM ,16-Apr-2026 05:30 PM ,30-Mar-2026 10:00 AM,16-Apr-2026 05:30 PM,AOC
,,,,,,,,,,,,,,,,,,,,,,,,,,,,,,,,,2,3448298,"ACHYUTA NANDA SWAIN ,PROPRIETOR M/S. ADITYA ENTERPRISER.",06-Apr-2026 11:32 PM,Rejected-Finance,LOOSER OF THE LOTTERY,07-Jul-2026 05:17 PM,AOC,2.0,ICICI NEFT/RTGS,,,,,,,,,,,,,,,,,,,,,,,,,,,,,,,,,,,,,.xls,BOQ,,,,,,,,,,,,,,,,,,,,AOC
,,,,,,,,,,,,,,,,,,,,,,,,,,,,,,,,,3,3452427,BANASHREE BHUYAN,16-Apr-2026 12:46 PM,Rejected-Finance,LOOSER OF THE LOTTERY,07-Jul-2026 05:17 PM,AOC,,,,,,,,,,,,,,,,,,,,,,,,,,,,,,,,,,,,,,,,,,,,,,,,,,,,,,,,,,,,AOC
,,,,,,,,,,,,,,,,,,,,,,,,,,,,,,,,,4,3452420,LAXMIDHRA BHUYAN,15-Apr-2026 10:56 PM,Rejected-Finance,LOOSER OF THE LOTTERY,07-Jul-2026 05:17 PM,AOC,,,,,,,,,,,,,,,,,,,,,,,,,,,,,,,,,,,,,,,,,,,,,,,,,,,,,,,,,,,,AOC
,,,,,,,,,,,,,,,,,,,,,,,,,,,,,,,,,5,3445428,M/S Abirvab Steel Product,14-Apr-2026 11:37 AM,Rejected-Finance,LOOSER OF THE LOTTERY,07-Jul-2026 05:17 PM,AOC,,,,,,,,,,,,,,,,,,,,,,,,,,,,,,,,,,,,,,,,,,,,,,,,,,,,,,,,,,,,AOC
,,,,,,,,,,,,,,,,,,,,,,,,,,,,,,,,,6,3455366,M/S ADITYA INDUSTRIAL ENTERPRISERS(PROP.SUKANTA SAHOO),16-Apr-2026 11:07 AM,Rejected-Finance,LOOSER OF THE LOTTERY,07-Jul-2026 05:17 PM,AOC,,,,,,,,,,,,,,,,,,,,,,,,,,,,,,,,,,,,,,,,,,,,,,,,,,,,,,,,,,,,AOC
,,,,,,,,,,,,,,,,,,,,,,,,,,,,,,,,,7,3448986,M/s. ASHIRBAD INDUSTRIES Prp. PRAKASH CHANDRA LENKA,16-Apr-2026 08:41 AM,Accepted-AOC,WINNER OF THE LOTTERY,17-Jul-2026 11:23 AM,AOC,,,,,,,,,,,,,,,,,,,,,,,,,,,,,,,,,,,,,,,,,,,,,,,,,,,,,,,,,,,,AOC
,,,,,,,,,,,,,,,,,,,,,,,,,,,,,,,,,8,3445333,M/S Ashreebad Fabricators,14-Apr-2026 04:06 PM,Rejected-Finance,LOOSER OF THE LOTTERY,07-Jul-2026 05:17 PM,AOC,,,,,,,,,,,,,,,,,,,,,,,,,,,,,,,,,,,,,,,,,,,,,,,,,,,,,,,,,,,,AOC
,,,,,,,,,,,,,,,,,,,,,,,,,,,,,,,,,9,3448994,M/s. BHAGABATI INDUSTRIES Prop. NIRANJAN PANDA,16-Apr-2026 08:34 AM,Rejected-Finance,LOOSER OF THE LOTTERY,07-Jul-2026 05:17 PM,AOC,,,,,,,,,,,,,,,,,,,,,,,,,,,,,,,,,,,,,,,,,,,,,,,,,,,,,,,,,,,,AOC
,,,,,,,,,,,,,,,,,,,,,,,,,,,,,,,,,10,3447863,M/S. DASH ENTERPRISERS (PROP - RAJEEB LOCHAN DASH),06-Apr-2026 02:07 PM,Rejected-Finance,LOOSER OF THE LOTTERY,07-Jul-2026 05:17 PM,AOC,,,,,,,,,,,,,,,,,,,,,,,,,,,,,,,,,,,,,,,,,,,,,,,,,,,,,,,,,,,,AOC
,,,,,,,,,,,,,,,,,,,,,,,,,,,,,,,,,11,3455413,M/S JAGANNATH AGRICULTURAL IMPLEMENTS WORKSHOP,16-Apr-2026 12:23 PM,Rejected-Technical,Non Responsive,07-Jul-2026 12:42 PM,AOC,,,,,,,,,,,,,,,,,,,,,,,,,,,,,,,,,,,,,,,,,,,,,,,,,,,,,,,,,,,,AOC
,,,,,,,,,,,,,,,,,,,,,,,,,,,,,,,,,12,3455165,M/S KALINGA METAL PRODUCT (PROP. SMT BASANTILATA MOHANTY,15-Apr-2026 10:24 PM,Rejected-Finance,LOOSER OF THE LOTTERY,07-Jul-2026 05:17 PM,AOC,,,,,,,,,,,,,,,,,,,,,,,,,,,,,,,,,,,,,,,,,,,,,,,,,,,,,,,,,,,,AOC
,,,,,,,,,,,,,,,,,,,,,,,,,,,,,,,,,13,3455140,"M/S MOHANTY INDUSTRIAL ENTERPRISERS -PROPRIETOR ,MALAYA KUMAR MOHANTY",16-Apr-2026 07:32 AM,Rejected-Finance,LOOSER OF THE LOTTERY,07-Jul-2026 05:17 PM,AOC,,,,,,,,,,,,,,,,,,,,,,,,,,,,,,,,,,,,,,,,,,,,,,,,,,,,,,,,,,,,AOC
,,,,,,,,,,,,,,,,,,,,,,,,,,,,,,,,,14,3445188,M/S. SANJEEB ENTERPRISERS,05-Apr-2026 12:52 PM,Rejected-Finance,LOOSER OF THE LOTTERY,07-Jul-2026 05:17 PM,AOC,,,,,,,,,,,,,,,,,,,,,,,,,,,,,,,,,,,,,,,,,,,,,,,,,,,,,,,,,,,,AOC
,,,,,,,,,,,,,,,,,,,,,,,,,,,,,,,,,15,3447954,M/S SHREE INDUSTRIES,08-Apr-2026 12:33 PM,Rejected-Finance,LOOSER OF THE LOTTERY,07-Jul-2026 05:17 PM,AOC,,,,,,,,,,,,,,,,,,,,,,,,,,,,,,,,,,,,,,,,,,,,,,,,,,,,,,,,,,,,AOC
,,,,,,,,,,,,,,,,,,,,,,,,,,,,,,,,,16,3455441,ORIFEB INDUSTRIES,16-Apr-2026 11:47 AM,Rejected-Finance,LOOSER OF THE LOTTERY,07-Jul-2026 05:17 PM,AOC,,,,,,,,,,,,,,,,,,,,,,,,,,,,,,,,,,,,,,,,,,,,,,,,,,,,,,,,,,,,AOC
,,,,,,,,,,,,,,,,,,,,,,,,,,,,,,,,,17,3455098,POOJARINI ENTERPRISERS,16-Apr-2026 11:50 AM,Rejected-Technical,Non Responsive,07-Jul-2026 12:42 PM,AOC,,,,,,,,,,,,,,,,,,,,,,,,,,,,,,,,,,,,,,,,,,,,,,,,,,,,,,,,,,,,AOC
,,,,,,,,,,,,,,,,,,,,,,,,,,,,,,,,,18,3452663,Sarkar Engineering Works,10-Apr-2026 04:59 PM,Rejected-Finance,LOOSER OF THE LOTTERY,07-Jul-2026 05:17 PM,AOC,,,,,,,,,,,,,,,,,,,,,,,,,,,,,,,,,,,,,,,,,,,,,,,,,,,,,,,,,,,,AOC
,,,,,,,,,,,,,,,,,,,,,,,,,,,,,,,,,19,3455045,SHIVAM ENGINEERING WORKS,16-Apr-2026 01:18 PM,Rejected-Finance,LOOSER OF THE LOTTERY,07-Jul-2026 05:17 PM,AOC,,,,,,,,,,,,,,,,,,,,,,,,,,,,,,,,,,,,,,,,,,,,,,,,,,,,,,,,,,,,AOC
,,,,,,,,,,,,,,,,,,,,,,,,,,,,,,,,,20,3448969,SPS INDUSTRY,16-Apr-2026 08:17 AM,Rejected-Finance,LOOSER OF THE LOTTERY,07-Jul-2026 05:17 PM,AOC,,,,,,,,,,,,,,,,,,,,,,,,,,,,,,,,,,,,,,,,,,,,,,,,,,,,,,,,,,,,AOC
,,,,,,,,,,,,,,,,,,,,,,,,,,,,,,,,,21,3448977,SUSHIL KUMAR DAS,16-Apr-2026 08:24 AM,Rejected-Finance,LOOSER OF THE LOTTERY,07-Jul-2026 05:17 PM,AOC,,,,,,,,,,,,,,,,,,,,,,,,,,,,,,,,,,,,,,,,,,,,,,,,,,,,,,,,,,,,AOC
