Type :,Summary :,Updated By :,Updated On :,Document :,BOQ Comparative Chart :,S.No,Bid Number,Bidder Name,Awarded Currency,Awarded Value,Organisation Chain :,Tender ID :,Tender Ref No :,Tender Title :,Committee Chairperson/Co-ordinator Name :,Committee Chairperson/Co-ordinator Type :,Committee Members :,Updated By :.1,Updated on :,Document :.1,Committee Chairperson/Co-ordinator Name :.1,Committee Chairperson/Co-ordinator Type :.1,Committee Members :.1,Updated By :.2,Updated On :.1,Document :.2,S.No.1,Bid Number.1,Bidder Name.1,Submitted Date,Status,Remarks,Status Updated On,Contract Date :,Total Contract Value :,Work Completion Period in days :,Updated By :.3,Updated on :.1,AOC document :,AOC Description :,Tender Stage,Title,Work Description,Pre Qualification Details,Independent External Monitor/Remarks,Tender Value in ₹,Product Category,Sub category,Contract Type,Bid Validity(Days),Period Of Work(Days),Location,Pincode,Pre Bid Meeting Place,Pre Bid Meeting Address,Pre Bid Meeting Date,Bid Opening Place,Should Allow NDA Tender,Allow Preferential Bidder,Name,Address,Cover No,Cover,Document Type,Description,Organisation Chain,Tender Reference Number,Tender ID,Withdrawal Allowed,Tender Type,Form of contract,Tender Category,No. of Covers,General Technical Evaluation Allowed,ItemWise Technical Evaluation Allowed,Payment Mode,Is Multi Currency Allowed For BOQ,Is Multi Currency Allowed For Fee,Allow Two Stage Bidding,EMD Amount in ₹,EMD Exemption Allowed,EMD Fee Type,EMD Percentage,EMD Payable To,EMD Payable At,Publish Date,Bid Opening Date,Document Download / Sale Start Date,Document Download / Sale End Date,Clarification Start Date,Clarification End Date,Bid Submission Start Date,Bid Submission End Date,Tender Fee in ₹,Fee Payable To,Fee Payable At,Tender Fee Exemption Allowed,S.No,Bank Name,Tender Stage
Finance,As per schedule date and time the tenders are opened,Swastik Jamadar,14-Jul-2026 10:29 AM,finance_585554.pdf,BOQ Comparative Chart,1.0,3444479.0,RAMA CHANDRA PANDA,INR,"1,250,017",Panchayati Raj and Drinking Water Department Odisha||Zilla Parisad Rayagada||GUNUPUR Block,2026_PZPGN_127378_3,"BDO, Gunupur-online-04/2025-26","Construction of Additional Class Room Building at Jagannath H.S. Gadiakhola, Gunupur",BDO GUNUPUR,Internal,"TEC for opening of technical bid is AEE, Junior Engineer, Section Officer",Swastik Jamadar,14-Jul-2026 12:43 PM,finsummary_585554.pdf (1655.26 KB),BDO GUNUPUR,Internal,"TEC for opening of technical bid is AEE, Junior Engineer, Section Officer",Swastik Jamadar,14-Jul-2026 11:08 AM,techsummary_585554.pdf (1655.26 KB),1,3443580,BALAJI BAURI (SC),30-Mar-2026 01:10 PM,Rejected-Finance,Not Qualified in the lottery process,14-Jul-2026 12:43 PM,14-Jul-2026,"INR 1,250,017",90.0,Swastik Jamadar,14-Jul-2026 01:19 PM,ordergadiakhala.pdf (1403.00 KB),As per the lottery process he is selected as 1st lowest and deposit the require EMD and signing the agreement,AOC,"Construction of Additional Class Room Building at Jagannath H.S. Gadiakhola, Gunupur","Construction of Additional Class Room Building at Jagannath H.S. Gadiakhola, Gunupur",Please refer Tender documents. ,NA ,"12,50,017",Civil Works - Buildings,NA ,Tender,90.0,90.0,Gadiakhola,765022.0,NA ,NA ,NA ,"Office of the BDO, Gunupur",No ,No,"Block Development Officer, Gunupur","Office of the Block Development Officer, Gunupur",1.0,Fee/PreQual/Technical/Finance,.pdf,"License, PAN, GSTN, affidavit and other documents as per DTCN",Panchayati Raj and Drinking Water Department Odisha||Zilla Parisad Rayagada||GUNUPUR Block,"BDO, Gunupur-online-04/2025-26",2026_PZPGN_127378_3,Yes,Open Tender,Percentage,Works,1.0,No,No,Online,No,No,No,"12,500",Yes,percentage,1.0%,Nil,Nil,18-Mar-2026 10:00 AM,04-Apr-2026 11:00 AM,18-Mar-2026 10:00 AM,02-Apr-2026 05:00 PM,18-Mar-2026 10:00 AM ,25-Mar-2026 05:00 PM ,18-Mar-2026 10:00 AM,02-Apr-2026 05:00 PM,"6,000",Nil,Nil,No,1.0,ICICI BANK,AOC
,,,,,,,,,,,,,,,,,,,,,,,,,,,2,3441498,HARIKRUSHNA PANIGRAHY,27-Mar-2026 04:41 PM,Rejected-Finance,Not Qualified in the lottery process,14-Jul-2026 12:43 PM,,,,,,,,AOC,,,,,,,,,,,,,,,,,,,,,,,.xls,BOQ,,,,,,,,,,,,,,,,,,,,,,,,,,,,,,,,,2.0,ICICI NEFT/RTGS,AOC
,,,,,,,,,,,,,,,,,,,,,,,,,,,3,3442846,JANADI BINOD KUMAR,30-Mar-2026 12:48 PM,Rejected-Finance,Not Qualified in the lottery process,14-Jul-2026 12:43 PM,,,,,,,,AOC,,,,,,,,,,,,,,,,,,,,,,,,,,,,,,,,,,,,,,,,,,,,,,,,,,,,,,,,,,,AOC
,,,,,,,,,,,,,,,,,,,,,,,,,,,4,3445372,Jeetendra Goudo,02-Apr-2026 12:46 PM,Rejected-Finance,Not Qualified in the lottery process,14-Jul-2026 12:43 PM,,,,,,,,AOC,,,,,,,,,,,,,,,,,,,,,,,,,,,,,,,,,,,,,,,,,,,,,,,,,,,,,,,,,,,AOC
,,,,,,,,,,,,,,,,,,,,,,,,,,,5,3437244,NIRUPAMA GOUDA,20-Mar-2026 03:37 PM,Rejected-Finance,Not Qualified in the lottery process,14-Jul-2026 12:43 PM,,,,,,,,AOC,,,,,,,,,,,,,,,,,,,,,,,,,,,,,,,,,,,,,,,,,,,,,,,,,,,,,,,,,,,AOC
,,,,,,,,,,,,,,,,,,,,,,,,,,,6,3444820,PRABHAT KUMAR NAYAK,31-Mar-2026 08:46 PM,Rejected-Finance,Not Qualified in the lottery process,14-Jul-2026 12:43 PM,,,,,,,,AOC,,,,,,,,,,,,,,,,,,,,,,,,,,,,,,,,,,,,,,,,,,,,,,,,,,,,,,,,,,,AOC
,,,,,,,,,,,,,,,,,,,,,,,,,,,7,3445475,PRIYANKA PANDA,02-Apr-2026 03:19 PM,Rejected-Finance,Not Qualified in the lottery process,14-Jul-2026 12:43 PM,,,,,,,,AOC,,,,,,,,,,,,,,,,,,,,,,,,,,,,,,,,,,,,,,,,,,,,,,,,,,,,,,,,,,,AOC
,,,,,,,,,,,,,,,,,,,,,,,,,,,8,3442687,RAKESH KUMAR PATRO,30-Mar-2026 12:31 PM,Rejected-Finance,Not Qualified in the lottery process,14-Jul-2026 12:43 PM,,,,,,,,AOC,,,,,,,,,,,,,,,,,,,,,,,,,,,,,,,,,,,,,,,,,,,,,,,,,,,,,,,,,,,AOC
,,,,,,,,,,,,,,,,,,,,,,,,,,,9,3444479,RAMA CHANDRA PANDA,31-Mar-2026 06:47 PM,Accepted-AOC,As per the lottery process he is selected as 1st lowest and deposit the require EMD and signing the agreement,14-Jul-2026 01:20 PM,,,,,,,,AOC,,,,,,,,,,,,,,,,,,,,,,,,,,,,,,,,,,,,,,,,,,,,,,,,,,,,,,,,,,,AOC
,,,,,,,,,,,,,,,,,,,,,,,,,,,10,3445196,SAMARENDRA BISWAJIT BISWAL,01-Apr-2026 07:26 PM,Rejected-Finance,Not Qualified in the lottery process,14-Jul-2026 12:43 PM,,,,,,,,AOC,,,,,,,,,,,,,,,,,,,,,,,,,,,,,,,,,,,,,,,,,,,,,,,,,,,,,,,,,,,AOC
,,,,,,,,,,,,,,,,,,,,,,,,,,,11,3443504,SAMIT KUMAR TULO,30-Mar-2026 12:38 PM,Rejected-Finance,Not Qualified in the lottery process,14-Jul-2026 12:43 PM,,,,,,,,AOC,,,,,,,,,,,,,,,,,,,,,,,,,,,,,,,,,,,,,,,,,,,,,,,,,,,,,,,,,,,AOC
,,,,,,,,,,,,,,,,,,,,,,,,,,,12,3441850,Simadri Trinath Rao,28-Mar-2026 10:02 PM,Rejected-Finance,Not Qualified in the lottery process,14-Jul-2026 12:43 PM,,,,,,,,AOC,,,,,,,,,,,,,,,,,,,,,,,,,,,,,,,,,,,,,,,,,,,,,,,,,,,,,,,,,,,AOC
