Committee Chairperson/Co-ordinator Name :,Committee Chairperson/Co-ordinator Type :,Committee Members :,Updated By :,Updated On :,Document :,S.No,Bid Number,Bidder Name,Submitted Date,Status,Remarks,Status Updated On,Contract Date :,Total Contract Value :,Work Completion Period in days :,Updated By :.1,Updated on :,AOC document :,Type :,Summary :,Updated By :.2,Updated On :.1,Document :.1,BOQ Comparative Chart :,S.No.1,Bid Number.1,Bidder Name.1,Awarded Currency,Awarded Value,Organisation Chain :,Tender ID :,Tender Ref No :,Tender Title :,Committee Chairperson/Co-ordinator Name :.1,Committee Chairperson/Co-ordinator Type :.1,Committee Members :.1,Updated By :.3,Updated on :.1,Document :.2,Tender Stage,Publish Date,Bid Opening Date,Document Download / Sale Start Date,Document Download / Sale End Date,Clarification Start Date,Clarification End Date,Bid Submission Start Date,Bid Submission End Date,Title,Work Description,Pre Qualification Details,Independent External Monitor/Remarks,Tender Value in ₹,Product Category,Sub category,Contract Type,Bid Validity(Days),Period Of Work(Days),Location,Pincode,Pre Bid Meeting Place,Pre Bid Meeting Address,Pre Bid Meeting Date,Bid Opening Place,Should Allow NDA Tender,Allow Preferential Bidder,Cover No,Cover,Document Type,Description,EMD Amount in ₹,EMD Exemption Allowed,EMD Fee Type,EMD Percentage,EMD Payable To,EMD Payable At,S.No,Bank Name,Tender Fee in ₹,VAT Charges in ₹,Fee Payable To,Fee Payable At,Tender Fee Exemption Allowed,Name,Address,Organisation Chain,Tender Reference Number,Tender ID,Withdrawal Allowed,Tender Type,Form of contract,Tender Category,No. of Covers,General Technical Evaluation Allowed,ItemWise Technical Evaluation Allowed,Payment Mode,Is Multi Currency Allowed For BOQ,Is Multi Currency Allowed For Fee,Allow Two Stage Bidding,Tender Stage
SE DAO Estimator,Internal,,Pinaki Prasad Swain,13-Sep-2025 09:35 PM,techsummary_551196.pdf (542.81 KB),1,3075822,BASUDEV MOHANTY,11-Sep-2025 03:15 PM,Rejected-AOC,L2 Bidder,02-Jul-2026 12:04 PM,24-Jun-2026,"INR 1,841,175",30.0,SAUMYA RANJAN MALLICK,02-Jul-2026 12:04 PM,Lisarani_Agt.pdf (269.00 KB),Finance,Comparative Statement,Pinaki Prasad Swain,13-Sep-2025 09:31 PM,finance_551196.pdf,BOQ Comparative Chart,1.0,3076921.0,LISARANI SINGHA,INR,"1,841,175",EIC-CIVIL||SERNB-CIRCLE-EASTERN||EERNB-DIVISION-BALASORE II,2025_EICCL_117592_5,SE (R and B) BLS-II- 17 / 2025-26,"S/R to Haldipada to West Bengal Border Road (Such as CC (124) ,Cleaning Gurbing, BUSG, PMC, Seal Coat) from 5.000 Km to 10.000 Km for the year 2025-26.",Er. Abhrankash Panda (S.E),Internal,"Ashok Kumar Singh (D.A.O),,Er.Naliniprabha Sahu(J.E Estimator).",SAUMYA RANJAN MALLICK,24-Jun-2026 09:05 PM,finsummary_551196.pdf (321.55 KB),AOC,06-Sep-2025 10:00 AM,12-Sep-2025 04:30 PM,06-Sep-2025 10:00 AM,12-Sep-2025 04:00 PM,NA ,NA ,06-Sep-2025 10:00 AM,12-Sep-2025 04:00 PM,"S/R to Haldipada to West Bengal Border Road (Such as CC (124) ,Cleaning Gurbing, BUSG, PMC, Seal Coat) from 5.000 Km to 10.000 Km for the year 2025-26.","S/R to Haldipada to West Bengal Border Road (Such as CC (124) ,Cleaning Gurbing, BUSG, PMC, Seal Coat) from 5.000 Km to 10.000 Km for the year 2025-26.",Please refer Tender documents. ,NA ,,Civil Works - Roads,Road work ,Tender,90.0,30.0,Balasore,756001.0,NA ,NA ,NA ,"O/o SE (R and B),Division-II,Balasore",No ,No,1.0,Fee/PreQual/Technical/Finance,.pdf,"BID FEE, EMD , RC,PAN,GSTIN, AFFIDAVITS ETC.AND OTHER DOCUMENTS AS PER DTCN.","21,700",Yes,fixed,,Nil,Nil,1.0,ICICI BANK,"6,000",0.0,Nil,Nil,No,"SE (R and B),Division-II,Balasore","O/o SE (R and B),Division-II,Balasore",EIC-CIVIL||SERNB-CIRCLE-EASTERN||EERNB-DIVISION-BALASORE II,SE (R and B) BLS-II- 17 / 2025-26,2025_EICCL_117592_5,Yes,Open Tender,Percentage,Works,1.0,No,No,Online,No,No,No,AOC
,,,,,,2,3077710,CHANDAN KUMAR SINGH,12-Sep-2025 03:38 PM,Rejected-AOC,L2 Bidder,02-Jul-2026 12:04 PM,,,,,,,,,,,,,,,,,,,,,,,,,,,,AOC,,,,,,,,,,,,,,,,,,,,,,,,,,,,,.xls,Bill of Quantity,,,,,,,2.0,ICICI NEFT/RTGS,,,,,,,,,,,,,,,,,,,,,,AOC
,,,,,,3,3069750,DIPTISMITA JENA,08-Sep-2025 06:15 PM,Rejected-AOC,L2 Bidder,02-Jul-2026 12:04 PM,,,,,,,,,,,,,,,,,,,,,,,,,,,,AOC,,,,,,,,,,,,,,,,,,,,,,,,,,,,,,,,,,,,,,,,,,,,,,,,,,,,,,,,,,,,AOC
,,,,,,4,3067115,KAILASH NAYAK,07-Sep-2025 12:23 PM,Rejected-AOC,L2 Bidder,02-Jul-2026 12:04 PM,,,,,,,,,,,,,,,,,,,,,,,,,,,,AOC,,,,,,,,,,,,,,,,,,,,,,,,,,,,,,,,,,,,,,,,,,,,,,,,,,,,,,,,,,,,AOC
,,,,,,5,3076921,LISARANI SINGHA,11-Sep-2025 11:04 PM,Accepted-AOC,Lisarani Singha become the L1 bidder through transparent lottery system.,02-Jul-2026 12:04 PM,,,,,,,,,,,,,,,,,,,,,,,,,,,,AOC,,,,,,,,,,,,,,,,,,,,,,,,,,,,,,,,,,,,,,,,,,,,,,,,,,,,,,,,,,,,AOC
,,,,,,6,3077530,MADHUSMITA PAL,12-Sep-2025 01:41 PM,Rejected-AOC,L2 Bidder,02-Jul-2026 12:04 PM,,,,,,,,,,,,,,,,,,,,,,,,,,,,AOC,,,,,,,,,,,,,,,,,,,,,,,,,,,,,,,,,,,,,,,,,,,,,,,,,,,,,,,,,,,,AOC
,,,,,,7,3075911,PADMINI ROUT,12-Sep-2025 01:08 PM,Rejected-AOC,L2 Bidder,02-Jul-2026 12:04 PM,,,,,,,,,,,,,,,,,,,,,,,,,,,,AOC,,,,,,,,,,,,,,,,,,,,,,,,,,,,,,,,,,,,,,,,,,,,,,,,,,,,,,,,,,,,AOC
,,,,,,8,3076846,PANKAJ KUMAR PATRA,12-Sep-2025 11:45 AM,Rejected-AOC,L2 Bidder,02-Jul-2026 12:04 PM,,,,,,,,,,,,,,,,,,,,,,,,,,,,AOC,,,,,,,,,,,,,,,,,,,,,,,,,,,,,,,,,,,,,,,,,,,,,,,,,,,,,,,,,,,,AOC
,,,,,,9,3076898,PINTU BAITHA(S.C),11-Sep-2025 11:17 PM,Rejected-AOC,L2 Bidder,02-Jul-2026 12:04 PM,,,,,,,,,,,,,,,,,,,,,,,,,,,,AOC,,,,,,,,,,,,,,,,,,,,,,,,,,,,,,,,,,,,,,,,,,,,,,,,,,,,,,,,,,,,AOC
