Committee Chairperson/Co-ordinator Name :,Committee Chairperson/Co-ordinator Type :,Committee Members :,Updated By :,Updated On :,Document :,S.No,Bid Number,Bidder Name,Submitted Date,Status,Remarks,Status Updated On,Contract Date :,Total Contract Value :,Work Completion Period in days :,Updated By :.1,Updated on :,AOC document :,AOC Description :,S.No.1,Bid Number.1,Bidder Name.1,Awarded Currency,Awarded Value,Type :,Summary :,Updated By :.2,Updated On :.1,Document :.1,BOQ Comparative Chart :,Committee Chairperson/Co-ordinator Name :.1,Committee Chairperson/Co-ordinator Type :.1,Committee Members :.1,Updated By :.3,Updated on :.1,Document :.2,Organisation Chain :,Tender ID :,Tender Ref No :,Tender Title :,Tender Stage,Organisation Chain,Tender Reference Number,Tender ID,Withdrawal Allowed,Tender Type,Form of contract,Tender Category,No. of Covers,General Technical Evaluation Allowed,ItemWise Technical Evaluation Allowed,Payment Mode,Is Multi Currency Allowed For BOQ,Is Multi Currency Allowed For Fee,Allow Two Stage Bidding,Publish Date,Bid Opening Date,Document Download / Sale Start Date,Document Download / Sale End Date,Clarification Start Date,Clarification End Date,Bid Submission Start Date,Bid Submission End Date,Cover No,Cover,Document Type,Description,S.No,Corrigendum Title,Corrigendum Type,View,Name,Address,S.No.1,Bank Name,EMD Amount in ₹,EMD Exemption Allowed,EMD Fee Type,EMD Percentage,EMD Payable To,EMD Payable At,Title,Work Description,Pre Qualification Details,Independent External Monitor/Remarks,Tender Value in ₹,Product Category,Sub category,Contract Type,Bid Validity(Days),Period Of Work(Days),Location,Pincode,Pre Bid Meeting Place,Pre Bid Meeting Address,Pre Bid Meeting Date,Bid Opening Place,Should Allow NDA Tender,Allow Preferential Bidder,Tender Fee in ₹,Fee Payable To,Fee Payable At,Tender Fee Exemption Allowed,Tender Stage
"Managing Director, MARKFED, Odisha",Internal,MDMARKFEDSECRETARYGMEEAEJEOSAMBOARD,Prafulla Kumar Behera,16-Apr-2026 07:00 PM,techsummary_574450.pdf (735.70 KB),1,3375343,AKSHAYA KUMAR SETH,31-Jan-2026 01:45 PM,Rejected-Technical,Technically not qualified,16-Apr-2026 07:00 PM,08-Jun-2026,"INR 3,661,784",120.0,Prafulla Kumar Behera,03-Jul-2026 05:59 PM,Jagatpur.pdf (303.00 KB),Award of contract,1.0,3375551.0,M/s. STANGLOBE INFRATECH. Prop. JYOTIRMAYEE ROUTRAY,INR,"3,661,784",Finance,Bid opening summary,Prafulla Kumar Behera,03-Feb-2026 04:47 PM,,BOQ Comparative Chart,"Managing Director, MARKFED, Odisha",Internal,MDSECRETARYGMMARKFEDEEAEJEOSAMBOARD,Prafulla Kumar Behera,23-Apr-2026 05:25 PM,finsummary_574450.pdf (735.70 KB),Odisha State Co-operative Marketing Federation Ltd,2026_OSCMF_124183_3,MARKFED/05/2025-26,Repair of 4000 MT cold storage at Jagatpur,AOC,Odisha State Co-operative Marketing Federation Ltd,MARKFED/05/2025-26,2026_OSCMF_124183_3,Yes,Open Tender,Item Rate,Works,1.0,No,No,Online,No,No,No,05-Jan-2026 11:00 AM,02-Feb-2026 12:00 PM,05-Jan-2026 11:00 AM,31-Jan-2026 05:30 PM,05-Jan-2026 11:00 AM ,31-Jan-2026 05:30 PM ,05-Jan-2026 11:00 AM,31-Jan-2026 05:30 PM,1.0,Fee/PreQual/Technical/Finance,.pdf,"LICENSE, PAN, GST",1.0,1st Corrigendum to Bid Identification No.MARKFED/05/2025-26 Dated.31.12.2025,Other,,"Managing Director, MARKFED, Odisha, Bhubaneswar","o/o MARKFED, Odisha, Bhubaneswar",1.0,ICICI BANK,"36,504",Yes,fixed,,Nil,Nil,Repair of 4000 MT cold storage at Jagatpur,Repair of 4000 MT cold storage at Jagatpur,Please refer tender documents  ,NA ,"36,50,402",Civil Works - Buildings,NA ,Tender,90.0,120.0,Jagatpur,751006.0,NA ,NA ,NA ,"o/o MARKFED, Odisha, Bhubaneswar",No ,No,"6,000",Nil,Nil,No,AOC
,,,,,,2,3375429,Ashish Kumar Behera,31-Jan-2026 02:44 PM,Rejected-AOC,Rejected through lottery,03-Jul-2026 05:59 PM,,,,,,,,,,,,,,,,,,,,,,,,,,,,,AOC,,,,,,,,,,,,,,,,,,,,,,,,,.pdf,Other documents as per DTCN,,,,,,,2.0,ICICI NEFT/RTGS,,,,,,,,,,,,,,,,,,,,,,,,,,,,,AOC
,,,,,,3,3373768,BIKRAM BALA,30-Jan-2026 12:49 PM,Rejected-AOC,Rejected through lottery,03-Jul-2026 05:59 PM,,,,,,,,,,,,,,,,,,,,,,,,,,,,,AOC,,,,,,,,,,,,,,,,,,,,,,,,,.xls,BOQ,,,,,,,,,,,,,,,,,,,,,,,,,,,,,,,,,,,,,AOC
,,,,,,4,3375518,JYOTI RANJAN RAUT,31-Jan-2026 04:54 PM,Rejected-Technical,Technically not qualified,16-Apr-2026 07:00 PM,,,,,,,,,,,,,,,,,,,,,,,,,,,,,AOC,,,,,,,,,,,,,,,,,,,,,,,,,,,,,,,,,,,,,,,,,,,,,,,,,,,,,,,,,,,,,,,AOC
,,,,,,5,3374653,MANOJ KUMAR BEHERA,31-Jan-2026 01:18 PM,Rejected-AOC,Rejected through lottery,03-Jul-2026 05:59 PM,,,,,,,,,,,,,,,,,,,,,,,,,,,,,AOC,,,,,,,,,,,,,,,,,,,,,,,,,,,,,,,,,,,,,,,,,,,,,,,,,,,,,,,,,,,,,,,AOC
,,,,,,6,3375551,M/s. STANGLOBE INFRATECH. Prop. JYOTIRMAYEE ROUTRAY,31-Jan-2026 03:58 PM,Accepted-AOC,Selected through lottery,03-Jul-2026 05:59 PM,,,,,,,,,,,,,,,,,,,,,,,,,,,,,AOC,,,,,,,,,,,,,,,,,,,,,,,,,,,,,,,,,,,,,,,,,,,,,,,,,,,,,,,,,,,,,,,AOC
,,,,,,7,3372475,RAJAT KUMAR BEHERA,29-Jan-2026 04:08 PM,Rejected-AOC,Rejected through lottery,03-Jul-2026 05:59 PM,,,,,,,,,,,,,,,,,,,,,,,,,,,,,AOC,,,,,,,,,,,,,,,,,,,,,,,,,,,,,,,,,,,,,,,,,,,,,,,,,,,,,,,,,,,,,,,AOC
,,,,,,8,3374027,RAMAKANTA BISWAL,30-Jan-2026 04:24 PM,Rejected-AOC,Rejected through lottery,03-Jul-2026 05:59 PM,,,,,,,,,,,,,,,,,,,,,,,,,,,,,AOC,,,,,,,,,,,,,,,,,,,,,,,,,,,,,,,,,,,,,,,,,,,,,,,,,,,,,,,,,,,,,,,AOC
,,,,,,9,3373816,SANJAYA KUMAR GOUDA,30-Jan-2026 12:44 PM,Rejected-AOC,Rejected through lottery,03-Jul-2026 05:59 PM,,,,,,,,,,,,,,,,,,,,,,,,,,,,,AOC,,,,,,,,,,,,,,,,,,,,,,,,,,,,,,,,,,,,,,,,,,,,,,,,,,,,,,,,,,,,,,,AOC
,,,,,,10,3375387,SHRUTI RANJAN BEHERA,31-Jan-2026 03:42 PM,Rejected-AOC,Rejected through lottery,03-Jul-2026 05:59 PM,,,,,,,,,,,,,,,,,,,,,,,,,,,,,AOC,,,,,,,,,,,,,,,,,,,,,,,,,,,,,,,,,,,,,,,,,,,,,,,,,,,,,,,,,,,,,,,AOC
,,,,,,11,3375261,SMRUTI SOURABHA NAYAK,31-Jan-2026 02:07 PM,Rejected-AOC,Rejected through lottery,03-Jul-2026 05:59 PM,,,,,,,,,,,,,,,,,,,,,,,,,,,,,AOC,,,,,,,,,,,,,,,,,,,,,,,,,,,,,,,,,,,,,,,,,,,,,,,,,,,,,,,,,,,,,,,AOC
,,,,,,12,3374704,SUBRAT KUMAR SAHOO,30-Jan-2026 07:14 PM,Rejected-AOC,Rejected through lottery,03-Jul-2026 05:59 PM,,,,,,,,,,,,,,,,,,,,,,,,,,,,,AOC,,,,,,,,,,,,,,,,,,,,,,,,,,,,,,,,,,,,,,,,,,,,,,,,,,,,,,,,,,,,,,,AOC
,,,,,,13,3375207,swarnaprava behera,31-Jan-2026 12:51 PM,Rejected-AOC,Rejected through lottery,03-Jul-2026 05:59 PM,,,,,,,,,,,,,,,,,,,,,,,,,,,,,AOC,,,,,,,,,,,,,,,,,,,,,,,,,,,,,,,,,,,,,,,,,,,,,,,,,,,,,,,,,,,,,,,AOC
