S.No,Bid Number,Bidder Name,Awarded Currency,Awarded Value,Type :,Summary :,Updated By :,Updated On :,Document :,BOQ Comparative Chart :,Committee Chairperson/Co-ordinator Name :,Committee Chairperson/Co-ordinator Type :,Committee Members :,Updated By :.1,Updated on :,Document :.1,Organisation Chain :,Tender ID :,Tender Ref No :,Tender Title :,Committee Chairperson/Co-ordinator Name :.1,Committee Chairperson/Co-ordinator Type :.1,Committee Members :.1,Updated By :.2,Updated On :.1,Document :.2,Contract Date :,Total Contract Value :,Work Completion Period in days :,Updated By :.3,Updated on :.1,AOC document :,AOC Description :,S.No.1,Bid Number.1,Bidder Name.1,Submitted Date,Status,Remarks,Status Updated On,Tender Stage,Tender Fee in ₹,Fee Payable To,Fee Payable At,Tender Fee Exemption Allowed,Cover No,Cover,Document Type,Description,Name,Address,Publish Date,Bid Opening Date,Document Download / Sale Start Date,Document Download / Sale End Date,Clarification Start Date,Clarification End Date,Bid Submission Start Date,Bid Submission End Date,EMD Amount in ₹,EMD Exemption Allowed,EMD Fee Type,EMD Percentage,EMD Payable To,EMD Payable At,Organisation Chain,Tender Reference Number,Tender ID,Withdrawal Allowed,Tender Type,Form of contract,Tender Category,No. of Covers,General Technical Evaluation Allowed,ItemWise Technical Evaluation Allowed,Payment Mode,Is Multi Currency Allowed For BOQ,Is Multi Currency Allowed For Fee,Allow Two Stage Bidding,Title,Work Description,Pre Qualification Details,Independent External Monitor/Remarks,Tender Value in ₹,Product Category,Sub category,Contract Type,Bid Validity(Days),Period Of Work(Days),Location,Pincode,Pre Bid Meeting Place,Pre Bid Meeting Address,Pre Bid Meeting Date,Bid Opening Place,Should Allow NDA Tender,Allow Preferential Bidder,S.No,Bank Name,Tender Stage
1.0,3518974.0,Rabindra Narayn nath,INR,"2,502,116.96",Finance,approved in technical commetee,Jitendra Murmu,02-Jul-2026 08:45 PM,finance_592135.pdf,BOQ Comparative Chart,BDO kuliana,Internal,AEE SO JE SRA,Jitendra Murmu,04-Jul-2026 11:35 AM,finsummary_592135.pdf (257.24 KB),Panchayati Raj and Drinking Water Department Odisha||Zilla Parisad Mayurbhanj||KULIANA Block,2026_PRDKL_129596_1,01/kuliana/26-27,construction of additional office building at block premises,BDO kuliana,Internal,AEE kuliana JE kuliana SO jra sra,Jitendra Murmu,02-Jul-2026 09:14 PM,techsummary_592135.pdf (257.24 KB),06-Jul-2026,"INR 2,502,116.96",150.0,Jitendra Murmu,06-Jul-2026 07:44 PM,AOCOFFICE.pdf (416.00 KB),award of contract has been given to sri rabindra narayan nath,1,3525650,ANTARJYAMI SAHU,08-Jun-2026 03:41 PM,Rejected-Finance,Rejected in lottery,04-Jul-2026 11:35 AM,AOC,"6,000",Nil,Nil,No,1.0,Fee/PreQual/Technical/Finance,.pdf,"nit GST PAN, REGISTRATION ,AFFIDAVITS..ETC.",Bock development officer kuliana,Panchayat Samiti Kuliana Chandua,25-May-2026 10:00 AM,09-Jun-2026 11:00 AM,25-May-2026 10:00 AM,08-Jun-2026 05:00 PM,25-May-2026 10:00 AM ,07-Jun-2026 05:00 PM ,25-May-2026 10:00 AM,08-Jun-2026 05:00 PM,"29,555",Yes,fixed,,Nil,Nil,Panchayati Raj and Drinking Water Department Odisha||Zilla Parisad Mayurbhanj||KULIANA Block,01/kuliana/26-27,2026_PRDKL_129596_1,Yes,Open Tender,Percentage,Works,1.0,No,No,Online,No,No,No,construction of additional office building at block premises,construction of additional office building at block premises,Please refer Tender documents. ,NA ,"29,55,454",Civil Works - Buildings,NA ,Tender,30.0,150.0,Kuliana Block,757014.0,NA ,NA ,NA ,KULIANA(chandua) block office,No ,No,1.0,ICICI BANK,AOC
,,,,,,,,,,,,,,,,,,,,,,,,,,,,,,,,,,2,3509904,ASHISH KUMAR DALABEHERA,05-Jun-2026 01:53 PM,Rejected-Finance,Rejected in lottery,04-Jul-2026 11:35 AM,AOC,,,,,,,.xls,BOQ,,,,,,,,,,,,,,,,,,,,,,,,,,,,,,,,,,,,,,,,,,,,,,,,,2.0,ICICI NEFT/RTGS,AOC
,,,,,,,,,,,,,,,,,,,,,,,,,,,,,,,,,,3,3512404,ASWINI KUMAR NAIK,04-Jun-2026 06:34 PM,Rejected-Finance,Rejected in lottery,04-Jul-2026 11:35 AM,AOC,,,,,,,,,,,,,,,,,,,,,,,,,,,,,,,,,,,,,,,,,,,,,,,,,,,,,,,,,,,AOC
,,,,,,,,,,,,,,,,,,,,,,,,,,,,,,,,,,4,3524335,BAJINATH MURMU,07-Jun-2026 11:44 PM,Rejected-Finance,Rejected in lottery,04-Jul-2026 11:35 AM,AOC,,,,,,,,,,,,,,,,,,,,,,,,,,,,,,,,,,,,,,,,,,,,,,,,,,,,,,,,,,,AOC
,,,,,,,,,,,,,,,,,,,,,,,,,,,,,,,,,,5,3515155,BHABANI SANKAR DHAL,02-Jun-2026 02:03 PM,Rejected-Finance,Rejected in lottery,04-Jul-2026 11:35 AM,AOC,,,,,,,,,,,,,,,,,,,,,,,,,,,,,,,,,,,,,,,,,,,,,,,,,,,,,,,,,,,AOC
,,,,,,,,,,,,,,,,,,,,,,,,,,,,,,,,,,6,3515202,BHAGYABATI BEHERA,02-Jun-2026 02:23 PM,Rejected-Finance,Rejected in lottery,04-Jul-2026 11:35 AM,AOC,,,,,,,,,,,,,,,,,,,,,,,,,,,,,,,,,,,,,,,,,,,,,,,,,,,,,,,,,,,AOC
,,,,,,,,,,,,,,,,,,,,,,,,,,,,,,,,,,7,3522323,BIRENDRA KUMAR BEHERA,07-Jun-2026 10:14 AM,Rejected-Finance,Rejected in lottery,04-Jul-2026 11:35 AM,AOC,,,,,,,,,,,,,,,,,,,,,,,,,,,,,,,,,,,,,,,,,,,,,,,,,,,,,,,,,,,AOC
,,,,,,,,,,,,,,,,,,,,,,,,,,,,,,,,,,8,3515225,BISESWAR BEHERA,02-Jun-2026 02:40 PM,Rejected-Finance,Rejected in lottery,04-Jul-2026 11:35 AM,AOC,,,,,,,,,,,,,,,,,,,,,,,,,,,,,,,,,,,,,,,,,,,,,,,,,,,,,,,,,,,AOC
,,,,,,,,,,,,,,,,,,,,,,,,,,,,,,,,,,9,3521212,CHINMAY KUMAR BEHERA,05-Jun-2026 07:03 PM,Rejected-Finance,Rejected in lottery,04-Jul-2026 11:35 AM,AOC,,,,,,,,,,,,,,,,,,,,,,,,,,,,,,,,,,,,,,,,,,,,,,,,,,,,,,,,,,,AOC
,,,,,,,,,,,,,,,,,,,,,,,,,,,,,,,,,,10,3524280,HEMANTA KUMAR JENA,07-Jun-2026 10:12 PM,Rejected-Finance,Rejected in lottery,04-Jul-2026 11:35 AM,AOC,,,,,,,,,,,,,,,,,,,,,,,,,,,,,,,,,,,,,,,,,,,,,,,,,,,,,,,,,,,AOC
,,,,,,,,,,,,,,,,,,,,,,,,,,,,,,,,,,11,3506843,MADHAB CHANDRA PALBABU,06-Jun-2026 01:53 PM,Rejected-Finance,Rejected in lottery,04-Jul-2026 11:35 AM,AOC,,,,,,,,,,,,,,,,,,,,,,,,,,,,,,,,,,,,,,,,,,,,,,,,,,,,,,,,,,,AOC
,,,,,,,,,,,,,,,,,,,,,,,,,,,,,,,,,,12,3524323,MAHESH DAS,07-Jun-2026 11:16 PM,Rejected-Finance,Rejected in lottery,04-Jul-2026 11:35 AM,AOC,,,,,,,,,,,,,,,,,,,,,,,,,,,,,,,,,,,,,,,,,,,,,,,,,,,,,,,,,,,AOC
,,,,,,,,,,,,,,,,,,,,,,,,,,,,,,,,,,13,3524196,NARAYANA SENAPATI,07-Jun-2026 09:03 PM,Rejected-Finance,Rejected in lottery,04-Jul-2026 11:35 AM,AOC,,,,,,,,,,,,,,,,,,,,,,,,,,,,,,,,,,,,,,,,,,,,,,,,,,,,,,,,,,,AOC
,,,,,,,,,,,,,,,,,,,,,,,,,,,,,,,,,,14,3518974,Rabindra Narayn nath,05-Jun-2026 09:33 PM,Accepted-AOC,finalized in lottery,06-Jul-2026 07:45 PM,AOC,,,,,,,,,,,,,,,,,,,,,,,,,,,,,,,,,,,,,,,,,,,,,,,,,,,,,,,,,,,AOC
,,,,,,,,,,,,,,,,,,,,,,,,,,,,,,,,,,15,3515624,RAJESH KUMAR PALBABU,02-Jun-2026 07:16 PM,Rejected-Finance,Rejected in lottery,04-Jul-2026 11:35 AM,AOC,,,,,,,,,,,,,,,,,,,,,,,,,,,,,,,,,,,,,,,,,,,,,,,,,,,,,,,,,,,AOC
,,,,,,,,,,,,,,,,,,,,,,,,,,,,,,,,,,16,3522088,RAJIB KUMAR DHIR,06-Jun-2026 12:01 PM,Rejected-Finance,Rejected in lottery,04-Jul-2026 11:35 AM,AOC,,,,,,,,,,,,,,,,,,,,,,,,,,,,,,,,,,,,,,,,,,,,,,,,,,,,,,,,,,,AOC
,,,,,,,,,,,,,,,,,,,,,,,,,,,,,,,,,,17,3512326,RANJAN KUMAR SWAIN,05-Jun-2026 05:41 PM,Rejected-Finance,Rejected in lottery,04-Jul-2026 11:35 AM,AOC,,,,,,,,,,,,,,,,,,,,,,,,,,,,,,,,,,,,,,,,,,,,,,,,,,,,,,,,,,,AOC
,,,,,,,,,,,,,,,,,,,,,,,,,,,,,,,,,,18,3512783,RASMITA SAHU,01-Jun-2026 07:42 PM,Rejected-Finance,Rejected in lottery,04-Jul-2026 11:35 AM,AOC,,,,,,,,,,,,,,,,,,,,,,,,,,,,,,,,,,,,,,,,,,,,,,,,,,,,,,,,,,,AOC
,,,,,,,,,,,,,,,,,,,,,,,,,,,,,,,,,,19,3506839,ROHIT PALBABU,06-Jun-2026 01:03 PM,Rejected-Finance,Rejected in lottery,04-Jul-2026 11:35 AM,AOC,,,,,,,,,,,,,,,,,,,,,,,,,,,,,,,,,,,,,,,,,,,,,,,,,,,,,,,,,,,AOC
,,,,,,,,,,,,,,,,,,,,,,,,,,,,,,,,,,20,3525706,SATYANARAYAN NATH,08-Jun-2026 03:56 PM,Rejected-Finance,Rejected in lottery,04-Jul-2026 11:35 AM,AOC,,,,,,,,,,,,,,,,,,,,,,,,,,,,,,,,,,,,,,,,,,,,,,,,,,,,,,,,,,,AOC
,,,,,,,,,,,,,,,,,,,,,,,,,,,,,,,,,,21,3512349,SIBA HANSDA,05-Jun-2026 06:11 PM,Rejected-Finance,Rejected in lottery,04-Jul-2026 11:35 AM,AOC,,,,,,,,,,,,,,,,,,,,,,,,,,,,,,,,,,,,,,,,,,,,,,,,,,,,,,,,,,,AOC
,,,,,,,,,,,,,,,,,,,,,,,,,,,,,,,,,,22,3523258,SITAKANTA BEHERA,06-Jun-2026 09:27 PM,Rejected-Finance,Rejected in lottery,04-Jul-2026 11:35 AM,AOC,,,,,,,,,,,,,,,,,,,,,,,,,,,,,,,,,,,,,,,,,,,,,,,,,,,,,,,,,,,AOC
,,,,,,,,,,,,,,,,,,,,,,,,,,,,,,,,,,23,3515676,SUMEGHA SAHU,02-Jun-2026 07:31 PM,Rejected-Finance,Rejected in lottery,04-Jul-2026 11:35 AM,AOC,,,,,,,,,,,,,,,,,,,,,,,,,,,,,,,,,,,,,,,,,,,,,,,,,,,,,,,,,,,AOC
,,,,,,,,,,,,,,,,,,,,,,,,,,,,,,,,,,24,3515602,SUPRIYA SAHU,02-Jun-2026 06:44 PM,Rejected-Finance,Rejected in lottery,04-Jul-2026 11:35 AM,AOC,,,,,,,,,,,,,,,,,,,,,,,,,,,,,,,,,,,,,,,,,,,,,,,,,,,,,,,,,,,AOC
,,,,,,,,,,,,,,,,,,,,,,,,,,,,,,,,,,25,3520379,SURAJ KUMAR BEHERA,05-Jun-2026 01:13 PM,Rejected-Finance,Rejected in lottery,04-Jul-2026 11:35 AM,AOC,,,,,,,,,,,,,,,,,,,,,,,,,,,,,,,,,,,,,,,,,,,,,,,,,,,,,,,,,,,AOC
,,,,,,,,,,,,,,,,,,,,,,,,,,,,,,,,,,26,3525383,TAPAN KUMAR PAUL,08-Jun-2026 02:56 PM,Rejected-Finance,Rejected in lottery,04-Jul-2026 11:35 AM,AOC,,,,,,,,,,,,,,,,,,,,,,,,,,,,,,,,,,,,,,,,,,,,,,,,,,,,,,,,,,,AOC
,,,,,,,,,,,,,,,,,,,,,,,,,,,,,,,,,,27,3523115,TAPAS RANJAN TUNG,06-Jun-2026 07:35 PM,Rejected-Finance,Rejected in lottery,04-Jul-2026 11:35 AM,AOC,,,,,,,,,,,,,,,,,,,,,,,,,,,,,,,,,,,,,,,,,,,,,,,,,,,,,,,,,,,AOC
,,,,,,,,,,,,,,,,,,,,,,,,,,,,,,,,,,28,3521490,TARAPADA NATH,07-Jun-2026 11:27 PM,Rejected-Finance,Rejected in lottery,04-Jul-2026 11:35 AM,AOC,,,,,,,,,,,,,,,,,,,,,,,,,,,,,,,,,,,,,,,,,,,,,,,,,,,,,,,,,,,AOC
,,,,,,,,,,,,,,,,,,,,,,,,,,,,,,,,,,29,3525600,UMASANKAR BEHERA,08-Jun-2026 03:29 PM,Rejected-Finance,Rejected in lottery,04-Jul-2026 11:35 AM,AOC,,,,,,,,,,,,,,,,,,,,,,,,,,,,,,,,,,,,,,,,,,,,,,,,,,,,,,,,,,,AOC
