Type :,Summary :,Updated By :,Updated On :,Document :,BOQ Comparative Chart :,S.No,Revocation Title,Revocation Description,Published Date,Document Name,Document Size(in KB),Revocated To,Committee Chairperson/Co-ordinator Name :,Committee Chairperson/Co-ordinator Type :,Committee Members :,Updated By :.1,Updated On :.1,Financial Bid Opening Date:,Document :.1,S.No.1,Bid Number,Bidder Name,Submitted Date,Status,Remarks,Status Updated On,Contract Date :,Total Contract Value :,Work Completion Period in days :,Updated By :.2,Updated on :,AOC document :,S.No.2,Bid Number.1,Bidder Name.1,Awarded Currency,Awarded Value,Committee Chairperson/Co-ordinator Name :.1,Committee Chairperson/Co-ordinator Type :.1,Committee Members :.1,Updated By :.3,Updated on :.1,Document :.2,Organisation Chain :,Tender ID :,Tender Ref No :,Tender Title :,Type :.1,Summary :.1,Updated By :.4,Updated On :.2,Document :.3,Tender Stage,Cover No,Cover,Document Type,Description,EMD Amount in ₹,EMD Exemption Allowed,EMD Fee Type,EMD Percentage,EMD Payable To,EMD Payable At,Name,Address,S.No,Bank Name,Title,Work Description,Pre Qualification Details,Independent External Monitor/Remarks,Tender Value in ₹,Product Category,Sub category,Contract Type,Bid Validity(Days),Period Of Work(Days),Location,Pincode,Pre Bid Meeting Place,Pre Bid Meeting Address,Pre Bid Meeting Date,Bid Opening Place,Should Allow NDA Tender,Allow Preferential Bidder,S.No.1,Corrigendum Title,Corrigendum Type,View,Tender Fee in ₹,Fee Payable To,Fee Payable At,Tender Fee Exemption Allowed,Publish Date,Bid Opening Date,Document Download / Sale Start Date,Document Download / Sale End Date,Clarification Start Date,Clarification End Date,Bid Submission Start Date,Bid Submission End Date,Financial Bid Opening Date,Organisation Chain,Tender Reference Number,Tender ID,Withdrawal Allowed,Tender Type,Form of contract,Tender Category,No. of Covers,General Technical Evaluation Allowed,ItemWise Technical Evaluation Allowed,Payment Mode,Is Multi Currency Allowed For BOQ,Is Multi Currency Allowed For Fee,Allow Two Stage Bidding,Tender Stage
Finance,SUMMARY,Muralidhar Behera,01-Jul-2026 10:38 AM,finance_592273.pdf,BOQ Comparative Chart,1.0,TECHNICAL SUMMARY UPLOAD,TECHNICAL SUMMARY UPLOAD,30-Jun-2026 09:31 AM,TECH8.pdf ,69.96,Technical Opening,DPC SS SNG,Internal,,Biswamanohar Subudhi,30-Jun-2026 10:53 AM,01-Jul-2026 09:00 AM,techsummary_592273.pdf (410.23 KB),1,3531602,AJAY KUMAR AGRAWAL,11-Jun-2026 04:09 PM,Rejected-Technical,REJECTION DETAILS IN BID SUMMARY,30-Jun-2026 10:53 AM,06-Jul-2026,"INR 59,198,799.26",330.0,Biswamanohar Subudhi,04-Jul-2026 11:10 PM,WOT1308.pdf (416.00 KB),1.0,3528380.0,SAHOO AND SONS,INR,"59,198,799.26",DPC SS SNG,Internal,,Biswamanohar Subudhi,04-Jul-2026 11:03 PM,finsummary_592273.pdf (410.23 KB),OPEPA Bhubaneswar||Samagra Shiksha Sundargarh,2026_OPEPA_129643_8,DPC/SS/SNG/13OF2026-27,"INFRASTRUCTURE DEVELOPMENT OF GOVT PRIMARY SCHOOL NADITOLA, GOVT UPPER PRIMARY SCHOOL LUNGEI UNDER LATHIKATA BLOCK (2)",Technical,summary,Biswamanohar Subudhi,30-Jun-2026 09:54 AM,technical_592273.pdf,AOC,1.0,Fee/PreQual/Technical,.pdf,LICENCE PAN GSTN EXPERIENCE TURNOVER BID CAPACITY ELECTRICAL MOU ALL AFFIDAVITS AND ALL REQUIRED DOC,"5,92,000",Yes,fixed,,Nil,Nil,DPC SS SUNDARGARH,DPC SS SUNDARGARH,1.0,ICICI BANK,"INFRASTRUCTURE DEVELOPMENT OF GOVT PRIMARY SCHOOL NADITOLA, GOVT UPPER PRIMARY SCHOOL LUNGEI UNDER LATHIKATA BLOCK (2)","INFRASTRUCTURE DEVELOPMENT OF GOVT PRIMARY SCHOOL NADITOLA, GOVT UPPER PRIMARY SCHOOL LUNGEI UNDER LATHIKATA BLOCK (2)",Please refer Tender documents. ,NA ,"5,91,98,799",Civil Works - Buildings,NA ,Tender,90.0,330.0,SUNDARGARH,770001.0,NA ,NA ,NA ,DPO SS SUNDARGARH,No ,No,1.0,REVISION IN CRITERIA,Technical Bid,,"10,000",Nil,Nil,No,25-May-2026 09:00 AM,16-Jun-2026 05:30 PM,25-May-2026 09:00 AM,16-Jun-2026 05:00 PM,25-May-2026 09:00 AM ,16-Jun-2026 05:00 PM ,25-May-2026 09:00 AM,16-Jun-2026 05:00 PM,01-Jul-2026 09:00 AM,OPEPA Bhubaneswar||Samagra Shiksha Sundargarh,DPC/SS/SNG/13OF2026-27,2026_OPEPA_129643_8,Yes,Open Tender,Percentage,Works,2.0,No,No,Online,No,No,No,AOC
,,,,,,,,,,,,,,,,,,,,2,3538577,AKSHAYA KUMAR MOHAPATRA,16-Jun-2026 04:10 PM,Rejected-Technical,REJECTION DETAILS IN BID SUMMARY,30-Jun-2026 10:53 AM,,,,,,,,,,,,,,,,,,,,,,,,,,,AOC,2.0,Finance,.xls,BOQ,,,,,,,,,2.0,ICICI NEFT/RTGS,,,,,,,,,,,,,,,,,,,,,,,,,,,,,,,,,,,,,,,,,,,,,,,,,,AOC
,,,,,,,,,,,,,,,,,,,,3,3538504,BIJAYA KUMARA JAISWAL,15-Jun-2026 11:53 PM,Rejected-AOC,NOT AWARDED,04-Jul-2026 11:11 PM,,,,,,,,,,,,,,,,,,,,,,,,,,,AOC,,,,,,,,,,,,,,,,,,,,,,,,,,,,,,,,,,,,,,,,,,,,,,,,,,,,,,,,,,,,,,,,AOC
,,,,,,,,,,,,,,,,,,,,4,3539536,ETWA BECK,16-Jun-2026 12:50 PM,Rejected-AOC,NOT AWARDED,04-Jul-2026 11:11 PM,,,,,,,,,,,,,,,,,,,,,,,,,,,AOC,,,,,,,,,,,,,,,,,,,,,,,,,,,,,,,,,,,,,,,,,,,,,,,,,,,,,,,,,,,,,,,,AOC
,,,,,,,,,,,,,,,,,,,,5,3535274,JAY PRAKASH SAHOO,15-Jun-2026 05:06 PM,Rejected-Technical,REJECTION DETAILS IN BID SUMMARY,30-Jun-2026 10:53 AM,,,,,,,,,,,,,,,,,,,,,,,,,,,AOC,,,,,,,,,,,,,,,,,,,,,,,,,,,,,,,,,,,,,,,,,,,,,,,,,,,,,,,,,,,,,,,,AOC
,,,,,,,,,,,,,,,,,,,,6,3538081,KANAK INFRASTRUCTURE,15-Jun-2026 08:38 PM,Rejected-AOC,NOT AWARDED,04-Jul-2026 11:11 PM,,,,,,,,,,,,,,,,,,,,,,,,,,,AOC,,,,,,,,,,,,,,,,,,,,,,,,,,,,,,,,,,,,,,,,,,,,,,,,,,,,,,,,,,,,,,,,AOC
,,,,,,,,,,,,,,,,,,,,7,3539409,M.S GODAVARI CONSTRUCTION PRIVATE LIMITED,16-Jun-2026 04:05 PM,Rejected-Technical,REJECTION DETAILS IN BID SUMMARY,30-Jun-2026 10:53 AM,,,,,,,,,,,,,,,,,,,,,,,,,,,AOC,,,,,,,,,,,,,,,,,,,,,,,,,,,,,,,,,,,,,,,,,,,,,,,,,,,,,,,,,,,,,,,,AOC
,,,,,,,,,,,,,,,,,,,,8,3530009,M/S SARAT KUMAR SAHOO,15-Jun-2026 02:24 PM,Rejected-AOC,NOT AWARDED,04-Jul-2026 11:11 PM,,,,,,,,,,,,,,,,,,,,,,,,,,,AOC,,,,,,,,,,,,,,,,,,,,,,,,,,,,,,,,,,,,,,,,,,,,,,,,,,,,,,,,,,,,,,,,AOC
,,,,,,,,,,,,,,,,,,,,9,3539804,RUTENDRA JENA,16-Jun-2026 01:34 PM,Rejected-Technical,REJECTION DETAILS IN BID SUMMARY,30-Jun-2026 10:53 AM,,,,,,,,,,,,,,,,,,,,,,,,,,,AOC,,,,,,,,,,,,,,,,,,,,,,,,,,,,,,,,,,,,,,,,,,,,,,,,,,,,,,,,,,,,,,,,AOC
,,,,,,,,,,,,,,,,,,,,10,3528380,SAHOO AND SONS,13-Jun-2026 05:46 PM,Accepted-AOC,WON LOTTERY,04-Jul-2026 11:11 PM,,,,,,,,,,,,,,,,,,,,,,,,,,,AOC,,,,,,,,,,,,,,,,,,,,,,,,,,,,,,,,,,,,,,,,,,,,,,,,,,,,,,,,,,,,,,,,AOC
,,,,,,,,,,,,,,,,,,,,11,3539188,Sarada Prasad Swain,16-Jun-2026 12:08 PM,Rejected-Technical,REJECTION DETAILS IN BID SUMMARY,30-Jun-2026 10:53 AM,,,,,,,,,,,,,,,,,,,,,,,,,,,AOC,,,,,,,,,,,,,,,,,,,,,,,,,,,,,,,,,,,,,,,,,,,,,,,,,,,,,,,,,,,,,,,,AOC
,,,,,,,,,,,,,,,,,,,,12,3535547,SRIJAN CONSTRUCTION,14-Jun-2026 11:51 PM,Rejected-AOC,NOT AWARDED,04-Jul-2026 11:11 PM,,,,,,,,,,,,,,,,,,,,,,,,,,,AOC,,,,,,,,,,,,,,,,,,,,,,,,,,,,,,,,,,,,,,,,,,,,,,,,,,,,,,,,,,,,,,,,AOC
,,,,,,,,,,,,,,,,,,,,13,3528513,SUBHADRARANI BISWAL,16-Jun-2026 12:07 PM,Rejected-Technical,REJECTION DETAILS IN BID SUMMARY,30-Jun-2026 10:53 AM,,,,,,,,,,,,,,,,,,,,,,,,,,,AOC,,,,,,,,,,,,,,,,,,,,,,,,,,,,,,,,,,,,,,,,,,,,,,,,,,,,,,,,,,,,,,,,AOC
,,,,,,,,,,,,,,,,,,,,14,3540499,SUMANTA KUMAR SAHOO,16-Jun-2026 04:25 PM,Rejected-Technical,REJECTION DETAILS IN BID SUMMARY,30-Jun-2026 10:53 AM,,,,,,,,,,,,,,,,,,,,,,,,,,,AOC,,,,,,,,,,,,,,,,,,,,,,,,,,,,,,,,,,,,,,,,,,,,,,,,,,,,,,,,,,,,,,,,AOC
,,,,,,,,,,,,,,,,,,,,15,3539049,VISHAL AGRAWAL,16-Jun-2026 11:23 AM,Rejected-Technical,REJECTION DETAILS IN BID SUMMARY,30-Jun-2026 10:53 AM,,,,,,,,,,,,,,,,,,,,,,,,,,,AOC,,,,,,,,,,,,,,,,,,,,,,,,,,,,,,,,,,,,,,,,,,,,,,,,,,,,,,,,,,,,,,,,AOC
