Type :,Summary :,Updated By :,Updated On :,Document :,BOQ Comparative Chart :,S.No,Bid Number,Bidder Name,Awarded Currency,Awarded Value,Organisation Chain :,Tender ID :,Tender Ref No :,Tender Title :,Committee Chairperson/Co-ordinator Name :,Committee Chairperson/Co-ordinator Type :,Committee Members :,Updated By :.1,Updated on :,Document :.1,Committee Chairperson/Co-ordinator Name :.1,Committee Chairperson/Co-ordinator Type :.1,Committee Members :.1,Updated By :.2,Updated On :.1,Document :.2,S.No.1,Bid Number.1,Bidder Name.1,Submitted Date,Status,Remarks,Status Updated On,Contract Date :,Total Contract Value :,Work Completion Period in days :,Updated By :.3,Updated on :.1,AOC document :,Tender Stage,Cover No,Cover,Document Type,Description,EMD Amount in ₹,EMD Exemption Allowed,EMD Fee Type,EMD Percentage,EMD Payable To,EMD Payable At,Organisation Chain,Tender Reference Number,Tender ID,Withdrawal Allowed,Tender Type,Form of contract,Tender Category,No. of Covers,General Technical Evaluation Allowed,ItemWise Technical Evaluation Allowed,Payment Mode,Is Multi Currency Allowed For BOQ,Is Multi Currency Allowed For Fee,Allow Two Stage Bidding,Publish Date,Bid Opening Date,Document Download / Sale Start Date,Document Download / Sale End Date,Clarification Start Date,Clarification End Date,Bid Submission Start Date,Bid Submission End Date,Tender Fee in ₹,Fee Payable To,Fee Payable At,Tender Fee Exemption Allowed,Name,Address,S.No,Bank Name,Title,Work Description,Pre Qualification Details,Independent External Monitor/Remarks,Tender Value in ₹,Product Category,Sub category,Contract Type,Bid Validity(Days),Period Of Work(Days),Location,Pincode,Pre Bid Meeting Place,Pre Bid Meeting Address,Pre Bid Meeting Date,Bid Opening Place,Should Allow NDA Tender,Allow Preferential Bidder,Tender Stage
Finance,10 nos. bidder participated,Himanchal Majhi,24-Apr-2026 01:31 PM,,BOQ Comparative Chart,1.0,3458630.0,PUNYAPRABHA MUND,INR,"1,161,502",Panchayati Raj and Drinking Water Department Odisha||Zilla Parisad Kalahandi||KOKASARA Block,2026_PRKOK_127989_7,PS-KKSR-T-1/2026-27,"Construction of Addl. Class room at Nuapada Upper Primary school, GP- Kasibahal under Koksra Block","Block Development Officer,Koksara",Internal,,Himanchal Majhi,30-Jul-2026 01:59 PM,finsummary_587492.pdf (397.82 KB),"Block Development Officer,Koksara",Internal,,Himanchal Majhi,30-Jul-2026 01:51 PM,techsummary_587492.pdf (397.82 KB),1,3462006,ABHIMANYU CHHATRIA,22-Apr-2026 06:33 PM,Rejected-Finance,Disqualified,30-Jul-2026 01:59 PM,30-Jul-2026,"INR 1,161,502",180.0,Himanchal Majhi,30-Jul-2026 02:01 PM,NuapadaACR2.pdf (398.00 KB),AOC,1.0,Fee/PreQual/Technical/Finance,.pdf,"Affidavit, RC, PAN, GST, No Relation certificate","15,000",Yes,fixed,,Nil,Nil,Panchayati Raj and Drinking Water Department Odisha||Zilla Parisad Kalahandi||KOKASARA Block,PS-KKSR-T-1/2026-27,2026_PRKOK_127989_7,Yes,Open Tender,Percentage,Works,1.0,No,No,Online,No,No,No,09-Apr-2026 11:00 AM,24-Apr-2026 11:00 AM,09-Apr-2026 11:00 AM,23-Apr-2026 05:00 PM,09-Apr-2026 11:00 AM ,15-Apr-2026 05:00 PM ,09-Apr-2026 11:00 AM,23-Apr-2026 05:00 PM,"6,000",Nil,Nil,No,"Block Development officer, Koksara","O/o Panchayat Samiti, Koksara",1.0,ICICI BANK,"Construction of Addl. Class room at Nuapada Upper Primary school, GP- Kasibahal under Koksra Block",Building,Please refer Tender documents. ,NA ,"15,10,406",Civil Works - Buildings,NA ,Tender,90.0,180.0,Koksara,766019.0,NA ,NA ,NA ,"O/o Panchayat Samiti, Koksara",No ,No,AOC
,,,,,,,,,,,,,,,,,,,,,,,,,,,2,3460086,JITENDRA PANDA,22-Apr-2026 11:45 AM,Rejected-Finance,Disqualified,30-Jul-2026 01:59 PM,,,,,,,AOC,,,.xls,BOQ,,,,,,,,,,,,,,,,,,,,,,,,,,,,,,,,,,,2.0,ICICI NEFT/RTGS,,,,,,,,,,,,,,,,,,,AOC
,,,,,,,,,,,,,,,,,,,,,,,,,,,3,3459404,Kamalini Panda,20-Apr-2026 08:01 PM,Rejected-Finance,Disqualified,30-Jul-2026 01:59 PM,,,,,,,AOC,,,,,,,,,,,,,,,,,,,,,,,,,,,,,,,,,,,,,,,,,,,,,,,,,,,,,,,,,,,AOC
,,,,,,,,,,,,,,,,,,,,,,,,,,,4,3460577,Kanchan Prabha Panda,23-Apr-2026 11:06 AM,Rejected-Finance,Disqualified,30-Jul-2026 01:59 PM,,,,,,,AOC,,,,,,,,,,,,,,,,,,,,,,,,,,,,,,,,,,,,,,,,,,,,,,,,,,,,,,,,,,,AOC
,,,,,,,,,,,,,,,,,,,,,,,,,,,5,3461912,MANOJ KUMAR AGRAWAL,22-Apr-2026 05:14 PM,Rejected-Finance,Disqualified,30-Jul-2026 01:59 PM,,,,,,,AOC,,,,,,,,,,,,,,,,,,,,,,,,,,,,,,,,,,,,,,,,,,,,,,,,,,,,,,,,,,,AOC
,,,,,,,,,,,,,,,,,,,,,,,,,,,6,3462533,NANDA KISHOR NAIK,23-Apr-2026 01:28 PM,Rejected-Finance,Disqualified,30-Jul-2026 01:59 PM,,,,,,,AOC,,,,,,,,,,,,,,,,,,,,,,,,,,,,,,,,,,,,,,,,,,,,,,,,,,,,,,,,,,,AOC
,,,,,,,,,,,,,,,,,,,,,,,,,,,7,3462390,PRATAP KISHOR NAIK,23-Apr-2026 12:34 PM,Rejected-Finance,Disqualified,30-Jul-2026 01:59 PM,,,,,,,AOC,,,,,,,,,,,,,,,,,,,,,,,,,,,,,,,,,,,,,,,,,,,,,,,,,,,,,,,,,,,AOC
,,,,,,,,,,,,,,,,,,,,,,,,,,,8,3458630,PUNYAPRABHA MUND,23-Apr-2026 01:55 PM,Accepted-AOC,Qualified,30-Jul-2026 02:02 PM,,,,,,,AOC,,,,,,,,,,,,,,,,,,,,,,,,,,,,,,,,,,,,,,,,,,,,,,,,,,,,,,,,,,,AOC
,,,,,,,,,,,,,,,,,,,,,,,,,,,9,3453521,SANKET KUMAR SAHU,23-Apr-2026 04:30 PM,Rejected-Finance,Disqualified,30-Jul-2026 01:59 PM,,,,,,,AOC,,,,,,,,,,,,,,,,,,,,,,,,,,,,,,,,,,,,,,,,,,,,,,,,,,,,,,,,,,,AOC
,,,,,,,,,,,,,,,,,,,,,,,,,,,10,3462325,Sobhabati Meher,23-Apr-2026 12:48 PM,Rejected-Finance,Disqualified,30-Jul-2026 01:59 PM,,,,,,,AOC,,,,,,,,,,,,,,,,,,,,,,,,,,,,,,,,,,,,,,,,,,,,,,,,,,,,,,,,,,,AOC
