S.No,Bank Name,Publish Date,Bid Opening Date,Document Download / Sale Start Date,Document Download / Sale End Date,Clarification Start Date,Clarification End Date,Bid Submission Start Date,Bid Submission End Date,Name,Address,Organisation Chain,Tender Reference Number,Tender ID,Withdrawal Allowed,Tender Type,Form of contract,Tender Category,No. of Covers,General Technical Evaluation Allowed,ItemWise Technical Evaluation Allowed,Payment Mode,Is Multi Currency Allowed For BOQ,Is Multi Currency Allowed For Fee,Allow Two Stage Bidding,Title,Work Description,Pre Qualification Details,Independent External Monitor/Remarks,Tender Value in ₹,Product Category,Sub category,Contract Type,Bid Validity(Days),Period Of Work(Days),Location,Pincode,Pre Bid Meeting Place,Pre Bid Meeting Address,Pre Bid Meeting Date,Bid Opening Place,Should Allow NDA Tender,Allow Preferential Bidder,EMD Amount in ₹,EMD Exemption Allowed,EMD Fee Type,EMD Percentage,EMD Payable To,EMD Payable At,Tender Fee in ₹,Fee Payable To,Fee Payable At,Tender Fee Exemption Allowed,Cover No,Cover,Document Type,Description,Tender Stage,S.No,Bid Number,Bidder Name,Submitted Date,Status,Remarks,Status Updated On,Contract Date :,Total Contract Value :,Work Completion Period in days :,Updated By :,Updated on :,AOC document :,AOC Description :,Committee Chairperson/Co-ordinator Name :,Committee Chairperson/Co-ordinator Type :,Committee Members :,Updated By :.1,Updated On :,Document :,Committee Chairperson/Co-ordinator Name :.1,Committee Chairperson/Co-ordinator Type :.1,Committee Members :.1,Updated By :.2,Updated on :.1,Document :.1,Organisation Chain :,Tender ID :,Tender Ref No :,Tender Title :,S.No.1,Bid Number.1,Bidder Name.1,Awarded Currency,Awarded Value,Type :,Summary :,Updated By :.3,Updated On :.1,Document :.2,BOQ Comparative Chart :,Tender Stage
1.0,ICICI BANK,25-May-2026 11:00 AM,04-Jun-2026 09:00 AM,25-May-2026 11:00 AM,03-Jun-2026 05:00 PM,25-May-2026 11:00 AM ,30-May-2026 05:00 PM ,25-May-2026 11:00 AM,03-Jun-2026 05:00 PM,"S.E, Angul Irr. Divn. Angul","O.O the S.E, Angul Irr. Divn. Angul, At/P.O- Hakimpada, Dist-Angul",CE and BM Brahmani Basin Samal||SE Angul Irrigation Circle Angul||EE Angul Irrigation Division Angul,SE-AID-3/2026-27,2026_CEBBS_129635_8,Yes,Open Tender,Percentage,Works,1.0,No,No,Online,No,No,No,Construction of CC Guard Wall to Khalary Distributary in between RD 00m to 250m of Derjang Irrigation Project,Construction of CC Guard Wall to Khalary Distributary in between RD 00m to 250m of Derjang Irrigation Project,NA ,NA ,,Civil Works - Canal,Canal Works ,Tender,90.0,60.0,Angul,759143.0,NA ,NA ,NA ,"O.O the S.E, Angul Irr. Divn. Angul",No ,No,"12,700",Yes,fixed,,Nil,Nil,"6,000",Nil,Nil,No,1.0,Fee/PreQual/Technical/Finance,.pdf,"Tender Cost, EMD, GSTIN, PAN, Contractor R.C, Registered under CDMS portal, NRC.",AOC,1,3517348,BAPUJI KUMAR SAHOO,03-Jun-2026 04:56 PM,Rejected-Finance,Not won in the transparent lottery system,29-Jun-2026 01:02 PM,15-Nov-2026,"INR 1,270,414",60.0,Samyak Bikash Subudhi,09-Jul-2026 01:13 PM,8WOBidyadharSahu.pdf (1208.00 KB),Winner in the transparent lottery system.,Superintending Engineer,Internal,Estimator,Samyak Bikash Subudhi,29-Jun-2026 12:47 PM,techsummary_592269.pdf (204.02 KB),Superintending Engineer,Internal,Estimator,Samyak Bikash Subudhi,29-Jun-2026 01:02 PM,finsummary_592269.pdf (271.81 KB),CE and BM Brahmani Basin Samal||SE Angul Irrigation Circle Angul||EE Angul Irrigation Division Angul,2026_CEBBS_129635_8,SE-AID-3/2026-27,Construction of CC Guard Wall to Khalary Distributary in between RD 00m to 250m of Derjang Irrigation Project,1.0,3516062.0,BIDYADHAR SAHU,INR,"1,270,414",Finance,Bid documents of all the bidders have been downloaded successfully.,Samyak Bikash Subudhi,06-Jun-2026 01:32 PM,finance_592269.pdf,BOQ Comparative Chart,AOC
2.0,ICICI NEFT/RTGS,,,,,,,,,,,,,,,,,,,,,,,,,,,,,,,,,,,,,,,,,,,,,,,,,,,,,,,.pdf,"Affidavits, undertakings and any other document as per SBD/DTCN.",AOC,2,3516062,BIDYADHAR SAHU,02-Jun-2026 10:52 PM,Accepted-AOC,Winner in the transparent lottery system for award of contract.,09-Jul-2026 01:13 PM,,,,,,,,,,,,,,,,,,,,,,,,,,,,,,,,,,,AOC
,,,,,,,,,,,,,,,,,,,,,,,,,,,,,,,,,,,,,,,,,,,,,,,,,,,,,,,,.xls,BOQ,AOC,3,3517291,BRAJA MOHAN NAIK (SC),03-Jun-2026 04:42 PM,Rejected-Finance,Not won in the transparent lottery system,29-Jun-2026 01:02 PM,,,,,,,,,,,,,,,,,,,,,,,,,,,,,,,,,,,AOC
,,,,,,,,,,,,,,,,,,,,,,,,,,,,,,,,,,,,,,,,,,,,,,,,,,,,,,,,,,AOC,4,3515116,HEMANT KUMAR SAHU,02-Jun-2026 06:01 PM,Rejected-Finance,Not won in the transparent lottery system,29-Jun-2026 01:02 PM,,,,,,,,,,,,,,,,,,,,,,,,,,,,,,,,,,,AOC
,,,,,,,,,,,,,,,,,,,,,,,,,,,,,,,,,,,,,,,,,,,,,,,,,,,,,,,,,,AOC,5,3516209,KAMALAKANTA SAHU,03-Jun-2026 08:48 AM,Rejected-Finance,Not won in the transparent lottery system,29-Jun-2026 01:02 PM,,,,,,,,,,,,,,,,,,,,,,,,,,,,,,,,,,,AOC
,,,,,,,,,,,,,,,,,,,,,,,,,,,,,,,,,,,,,,,,,,,,,,,,,,,,,,,,,,AOC,6,3516983,KUNU SAMAL,03-Jun-2026 03:27 PM,Rejected-Finance,Not won in the transparent lottery system,29-Jun-2026 01:02 PM,,,,,,,,,,,,,,,,,,,,,,,,,,,,,,,,,,,AOC
,,,,,,,,,,,,,,,,,,,,,,,,,,,,,,,,,,,,,,,,,,,,,,,,,,,,,,,,,,AOC,7,3517030,NRUPESH KUMAR TRIPATHY,03-Jun-2026 03:40 PM,Rejected-Finance,Not won in the transparent lottery system,29-Jun-2026 01:02 PM,,,,,,,,,,,,,,,,,,,,,,,,,,,,,,,,,,,AOC
,,,,,,,,,,,,,,,,,,,,,,,,,,,,,,,,,,,,,,,,,,,,,,,,,,,,,,,,,,AOC,8,3510127,PRASANTA KUMAR SAHU,29-May-2026 11:56 AM,Rejected-Finance,Not won in the transparent lottery system,29-Jun-2026 01:02 PM,,,,,,,,,,,,,,,,,,,,,,,,,,,,,,,,,,,AOC
,,,,,,,,,,,,,,,,,,,,,,,,,,,,,,,,,,,,,,,,,,,,,,,,,,,,,,,,,,AOC,9,3514843,RITIK KUMAR BEHERA,02-Jun-2026 11:42 AM,Rejected-Finance,Not won in the transparent lottery system,29-Jun-2026 01:02 PM,,,,,,,,,,,,,,,,,,,,,,,,,,,,,,,,,,,AOC
,,,,,,,,,,,,,,,,,,,,,,,,,,,,,,,,,,,,,,,,,,,,,,,,,,,,,,,,,,AOC,10,3512373,SANJAYA KUMAR JENA,30-May-2026 05:32 PM,Rejected-Finance,Not won in the transparent lottery system,29-Jun-2026 01:02 PM,,,,,,,,,,,,,,,,,,,,,,,,,,,,,,,,,,,AOC
,,,,,,,,,,,,,,,,,,,,,,,,,,,,,,,,,,,,,,,,,,,,,,,,,,,,,,,,,,AOC,11,3517125,SAROJ KUMAR NAIK,03-Jun-2026 04:06 PM,Rejected-Finance,Not won in the transparent lottery system,29-Jun-2026 01:02 PM,,,,,,,,,,,,,,,,,,,,,,,,,,,,,,,,,,,AOC
,,,,,,,,,,,,,,,,,,,,,,,,,,,,,,,,,,,,,,,,,,,,,,,,,,,,,,,,,,AOC,12,3514096,UMESH CHANDRA SAHU,01-Jun-2026 06:39 PM,Rejected-Finance,Not won in the transparent lottery system,29-Jun-2026 01:02 PM,,,,,,,,,,,,,,,,,,,,,,,,,,,,,,,,,,,AOC
