object_id,count_bhuvan_pixels,count_inundated_pixels,inundation_pct,inundation_intensity_mean,inundation_intensity_mean_nonzero,inundation_intensity_sum
21-384-03276,479715,6,1.2507426284356337e-05,3.1268565710890843e-06,0.25,1.5
21-384-03277,441621,0,0.0,0.0,,0.0
21-384-03278,110500,0,0.0,0.0,,0.0
21-384-03279,410772,0,0.0,0.0,,0.0
21-384-03280,307502,0,0.0,0.0,,0.0
21-384-03281,363291,0,0.0,0.0,,0.0
21-384-03282,507238,14,2.7600455801812956e-05,6.900113950453239e-06,0.25,3.5
21-384-03283,123614,0,0.0,0.0,,0.0
21-393-03284,139126,0,0.0,0.0,,0.0
21-393-03285,193593,0,0.0,0.0,,0.0
21-393-03286,147800,0,0.0,0.0,,0.0
21-393-03287,241923,0,0.0,0.0,,0.0
21-393-03288,210003,0,0.0,0.0,,0.0
21-393-03289,106469,0,0.0,0.0,,0.0
21-393-03290,275636,0,0.0,0.0,,0.0
21-393-03291,164247,0,0.0,0.0,,0.0
21-393-03292,202271,0,0.0,0.0,,0.0
21-393-03293,277439,0,0.0,0.0,,0.0
21-393-03294,147300,0,0.0,0.0,,0.0
21-393-03295,268872,0,0.0,0.0,,0.0
21-393-03296,210044,0,0.0,0.0,,0.0
21-393-03297,227883,0,0.0,0.0,,0.0
21-377-03298,102878,2934,0.02851921693656564,0.0072148564318902,0.2529822767552829,742.25
21-377-03299,185527,27914,0.1504578848361694,0.04745400938946892,0.3153972916815935,8804.0
21-377-03300,130148,8826,0.0678151028060362,0.01695377570150905,0.25,2206.5
21-377-03301,115252,10507,0.09116544615277826,0.02553534862735571,0.28009898163129343,2943.0
21-377-03302,144239,7103,0.04924465643827259,0.012311164109568147,0.25,1775.75
21-377-03303,162979,1568,0.009620871400609894,0.0024052178501524735,0.25,392.0
21-377-03304,142805,6,4.2015335597493083e-05,1.0503833899373271e-05,0.25,1.5
21-377-03305,148060,562,0.0037957584762933947,0.0009489396190733487,0.25,140.5
21-377-03306,143313,0,0.0,0.0,,0.0
21-377-03307,129546,4365,0.03369459497012644,0.00842364874253161,0.25,1091.25
21-377-03308,90167,3171,0.0351680770126543,0.01685483602648419,0.4792652160201829,1519.75
21-377-03309,111344,6263,0.056249101882454376,0.018930072567897686,0.3365399968066422,2107.75
21-370-03310,279047,0,0.0,0.0,,0.0
21-370-03311,271041,0,0.0,0.0,,0.0
21-370-03312,123368,0,0.0,0.0,,0.0
21-370-03313,165520,0,0.0,0.0,,0.0
21-370-03314,168391,0,0.0,0.0,,0.0
21-370-03315,160006,0,0.0,0.0,,0.0
21-370-03316,141565,0,0.0,0.0,,0.0
21-370-03317,169309,0,0.0,0.0,,0.0
21-370-03318,226344,0,0.0,0.0,,0.0
21-370-03319,258234,0,0.0,0.0,,0.0
21-370-03320,300272,0,0.0,0.0,,0.0
21-370-03321,253931,0,0.0,0.0,,0.0
21-378-03322,215279,40240,0.18692022909805414,0.05270834591390707,0.2819831013916501,11347.0
21-378-03323,151372,1858,0.012274396850144016,0.003313030150886558,0.26991388589881593,501.5
21-378-03324,106857,14124,0.13217664729498302,0.03369924291342635,0.2549561030869442,3601.0
21-378-03325,109859,2711,0.024677086083070118,0.006169271520767529,0.25,677.75
21-378-03326,258510,41196,0.15935940582569338,0.04818575683725968,0.30237158947470627,12456.5
21-378-03327,103769,23538,0.2268307490676406,0.06632038470063313,0.2923782819270966,6882.0
21-378-03328,133297,66080,0.4957350878114286,0.15671395455261558,0.3161243946731235,20889.5
21-391-03329,393682,0,0.0,0.0,,0.0
21-391-03330,504365,0,0.0,0.0,,0.0
21-391-03331,434836,0,0.0,0.0,,0.0
21-381-03332,182042,438,0.002406038167016403,0.0007512002724645961,0.3122146118721461,136.75
21-381-03333,157802,0,0.0,0.0,,0.0
21-381-03334,85612,271,0.003165444096621969,0.001019132831846003,0.3219557195571956,87.25
21-381-03335,136740,3524,0.025771537223928623,0.008209009799619716,0.3185300794551646,1122.5
21-381-03336,28962,0,0.0,0.0,,0.0
21-381-03337,155119,1520,0.009798928564521431,0.002449732141130358,0.25,380.0
21-381-03338,51078,666,0.013038881710325384,0.003259720427581346,0.25,166.5
21-381-03339,87021,10239,0.11766125418002552,0.03562645798140679,0.3027883582381092,3100.25
21-381-03340,273521,0,0.0,0.0,,0.0
21-381-03341,87790,159,0.0018111402209818885,0.00045278505524547213,0.25,39.75
21-381-03342,96166,2745,0.02854439198885261,0.007136097997213152,0.25,686.25
21-381-03343,103967,6609,0.06356824761703232,0.01589206190425808,0.25,1652.25
21-381-03344,159015,2084,0.013105681853913153,0.0033330188975882777,0.2543186180422265,530.0
21-381-03345,49234,941,0.019112808221960435,0.004778202055490109,0.25,235.25
21-373-03346,407591,12,2.9441278144021827e-05,7.360319536005457e-06,0.25,3.0
21-373-03347,432365,0,0.0,0.0,,0.0
21-373-03348,436867,0,0.0,0.0,,0.0
21-383-03349,100896,2506,0.02483745639073898,0.007653920869013638,0.30816041500399044,772.25
21-383-03350,202548,0,0.0,0.0,,0.0
21-383-03351,288760,1837,0.006361684443828785,0.0016752666574317773,0.26333696243875887,483.75
21-383-03352,329186,0,0.0,0.0,,0.0
21-383-03353,254031,336,0.001322673217048313,0.00033066830426207826,0.25,84.0
21-383-03354,375594,0,0.0,0.0,,0.0
21-383-03355,162024,0,0.0,0.0,,0.0
21-383-03356,204856,0,0.0,0.0,,0.0
21-389-03357,100031,0,0.0,0.0,,0.0
21-389-03358,166006,0,0.0,0.0,,0.0
21-389-03359,95836,0,0.0,0.0,,0.0
21-389-03360,614830,0,0.0,0.0,,0.0
21-389-03361,222109,0,0.0,0.0,,0.0
21-389-03362,291319,0,0.0,0.0,,0.0
21-389-03363,269597,0,0.0,0.0,,0.0
21-388-03364,74894,66,0.0008812454936309985,0.00022031137340774963,0.25,16.5
21-388-03365,96962,0,0.0,0.0,,0.0
21-388-03366,100012,0,0.0,0.0,,0.0
21-388-03367,313391,0,0.0,0.0,,0.0
21-388-03368,190168,0,0.0,0.0,,0.0
21-388-03369,105369,492,0.004669305013808615,0.0011673262534521538,0.25,123.0
21-388-03370,132534,0,0.0,0.0,,0.0
21-388-03371,195865,0,0.0,0.0,,0.0
21-388-03372,198224,0,0.0,0.0,,0.0
21-388-03373,123068,1084,0.008808138590047778,0.0022020346475119445,0.25,271.0
21-388-03374,95496,136,0.0014241434196196699,0.00035603585490491746,0.25,34.0
21-388-03375,348042,0,0.0,0.0,,0.0
21-388-03376,69657,0,0.0,0.0,,0.0
21-388-03377,156177,0,0.0,0.0,,0.0
21-388-03378,122209,0,0.0,0.0,,0.0
21-388-03379,218841,0,0.0,0.0,,0.0
21-388-03380,185731,0,0.0,0.0,,0.0
21-388-03381,111616,206,0.0018456135321100917,0.00046140338302752293,0.25,51.5
21-388-03382,98406,0,0.0,0.0,,0.0
21-388-03383,153607,0,0.0,0.0,,0.0
21-388-03384,48428,0,0.0,0.0,,0.0
21-388-03385,444095,0,0.0,0.0,,0.0
21-380-03386,131281,293,0.002231853809766836,0.000557963452441709,0.25,73.25
21-380-03387,49118,1203,0.02449203957815872,0.00612300989453968,0.25,300.75
21-380-03388,160838,0,0.0,0.0,,0.0
21-380-03389,80124,1077,0.013441665418601168,0.0036537117467924716,0.27181987000928504,292.75
21-380-03390,121505,0,0.0,0.0,,0.0
21-380-03391,52841,81,0.0015329005885581272,0.0003832251471395318,0.25,20.25
21-380-03392,49115,663,0.01349893108011809,0.0034001832434083275,0.25188536953242835,167.0
21-380-03393,98043,197,0.00200932244015381,0.0005023306100384525,0.25,49.25
21-382-03394,163272,12937,0.0792358763290705,0.026520162673330395,0.3346989255623406,4330.0
21-382-03395,82768,10961,0.13243040788710614,0.03383554030543205,0.255496761244412,2800.5
21-382-03396,77143,2972,0.03852585458175078,0.009926370506721283,0.25765477792732167,765.75
21-382-03397,138080,10361,0.07503621089223639,0.025155706836616453,0.3352475629765467,3473.5
21-382-03398,165893,2775,0.016727649750140152,0.0075199074101981395,0.44954954954954957,1247.5
21-382-03399,103368,3553,0.034372339602197974,0.010936653509790263,0.3181818181818182,1130.5
21-382-03400,91383,14937,0.16345490955648206,0.05058107087751551,0.30944968869250855,4622.25
21-382-03401,139240,10464,0.07515081873024992,0.01878770468256248,0.25,2616.0
21-382-03402,69499,1492,0.02146793479042864,0.00536698369760716,0.25,373.0
21-382-03403,216081,759,0.0035125716745109475,0.000917480019066924,0.2611989459815547,198.25
21-371-03404,187384,0,0.0,0.0,,0.0
21-371-03405,88928,0,0.0,0.0,,0.0
21-371-03406,101034,0,0.0,0.0,,0.0
21-371-03407,130753,0,0.0,0.0,,0.0
21-371-03408,418894,0,0.0,0.0,,0.0
21-395-03409,353127,1209,0.003423697423306629,0.0008559243558266573,0.25,302.25
21-395-03410,167144,270,0.0016153735700952473,0.0004038433925238118,0.25,67.5
21-395-03411,310985,815,0.0026207051787063684,0.0006551762946765921,0.25,203.75
21-395-03412,216609,0,0.0,0.0,,0.0
21-395-03413,272459,5102,0.018725753232596464,0.004681438308149116,0.25,1275.5
21-395-03414,64090,86,0.0013418630051490093,0.0003354657512872523,0.25,21.5
21-395-03415,85494,0,0.0,0.0,,0.0
21-395-03416,251424,56,0.00022273132238767978,5.5682830596919944e-05,0.25,14.0
21-395-03417,211492,0,0.0,0.0,,0.0
21-395-03418,426595,0,0.0,0.0,,0.0
21-395-03419,369877,0,0.0,0.0,,0.0
21-395-03420,173645,0,0.0,0.0,,0.0
21-395-03421,473901,0,0.0,0.0,,0.0
21-390-03422,365024,0,0.0,0.0,,0.0
21-390-03423,183104,0,0.0,0.0,,0.0
21-390-03424,568535,0,0.0,0.0,,0.0
21-390-03425,89692,0,0.0,0.0,,0.0
21-390-03426,272454,0,0.0,0.0,,0.0
21-390-03427,268240,0,0.0,0.0,,0.0
21-390-03428,364333,0,0.0,0.0,,0.0
21-390-03429,469432,0,0.0,0.0,,0.0
21-390-03430,184132,0,0.0,0.0,,0.0
21-390-03431,227446,0,0.0,0.0,,0.0
21-390-03432,117617,0,0.0,0.0,,0.0
21-390-03433,324354,0,0.0,0.0,,0.0
21-379-03434,96907,1129,0.011650345176303053,0.0029125862940757633,0.25,282.25
21-379-03435,73575,3741,0.0508460754332314,0.01271151885830785,0.25,935.25
21-379-03436,58936,11,0.00018664313831953305,4.6660784579883264e-05,0.25,2.75
21-379-03437,106026,412,0.0038858393224303475,0.0009714598306075869,0.25,103.0
21-379-03438,224441,0,0.0,0.0,,0.0
21-379-03439,63364,0,0.0,0.0,,0.0
21-379-03440,120940,479,0.003960641640482884,0.000990160410120721,0.25,119.75
21-379-03441,112707,0,0.0,0.0,,0.0
21-379-03442,230827,5607,0.024290919173233633,0.006072729793308408,0.25,1401.75
21-375-03443,244987,1696,0.006922816312702307,0.0017307040781755767,0.25,424.0
21-375-03444,555773,0,0.0,0.0,,0.0
21-375-03445,194715,3383,0.01737411088000411,0.006087101661402563,0.3503547147502217,1185.25
21-375-03446,159269,121,0.00075972097520547,0.0001899302438013675,0.25,30.25
21-375-03447,364049,28,7.69127232872498e-05,1.922818082181245e-05,0.25,7.0
21-375-03448,437379,29,6.630405209212148e-05,1.657601302303037e-05,0.25,7.25
21-375-03449,187706,9613,0.05121306724345519,0.012803266810863797,0.25,2403.25
21-375-03450,200560,0,0.0,0.0,,0.0
21-375-03451,293547,1442,0.004912330904420757,0.0017016014471277173,0.34639389736477116,499.5
21-375-03452,245886,0,0.0,0.0,,0.0
21-375-03453,184311,357,0.0019369435356544101,0.00048423588391360254,0.25,89.25
21-375-03454,139410,218,0.0015637328742557923,0.0003909332185639481,0.25,54.5
21-375-03455,380268,6,1.5778345798226513e-05,3.944586449556628e-06,0.25,1.5
21-386-03456,57835,1984,0.034304486902394744,0.008576121725598686,0.25,496.0
21-386-03457,60757,801,0.013183666079628684,0.003295916519907171,0.25,200.25
21-386-03458,209316,651,0.0031101301381643064,0.0007775325345410766,0.25,162.75
21-386-03459,166403,3236,0.01944676478188494,0.006258901582303204,0.3218479604449938,1041.5
21-386-03460,194952,157,0.0008053264393286552,0.0002013316098321638,0.25,39.25
21-386-03461,104828,0,0.0,0.0,,0.0
21-386-03462,48907,113,0.002310507698284499,0.0005776269245711248,0.25,28.25
21-386-03463,96454,716,0.007423227652559769,0.0018558069131399423,0.25,179.0
21-386-03464,125261,103,0.0008222830729436936,0.00022752492795043947,0.2766990291262136,28.5
21-386-03465,168334,2494,0.014815782907790464,0.004436121045065168,0.29941860465116277,746.75
21-398-03466,174005,0,0.0,0.0,,0.0
21-398-03467,456190,0,0.0,0.0,,0.0
21-398-03468,272227,0,0.0,0.0,,0.0
21-398-03469,399382,0,0.0,0.0,,0.0
21-398-03470,204677,0,0.0,0.0,,0.0
21-398-03471,229854,0,0.0,0.0,,0.0
21-398-03472,201662,0,0.0,0.0,,0.0
21-398-03473,160010,0,0.0,0.0,,0.0
21-398-03474,273967,0,0.0,0.0,,0.0
21-398-03475,207816,0,0.0,0.0,,0.0
21-398-03476,294412,0,0.0,0.0,,0.0
21-398-03477,231100,0,0.0,0.0,,0.0
21-398-03478,221917,0,0.0,0.0,,0.0
21-398-03479,237187,0,0.0,0.0,,0.0
21-399-03480,509653,0,0.0,0.0,,0.0
21-399-03481,195799,0,0.0,0.0,,0.0
21-399-03482,425096,0,0.0,0.0,,0.0
21-399-03483,435005,0,0.0,0.0,,0.0
21-399-03484,253240,0,0.0,0.0,,0.0
21-399-03485,305050,0,0.0,0.0,,0.0
21-399-03486,325001,0,0.0,0.0,,0.0
21-376-03487,152439,5584,0.03663104586096734,0.01054192168670747,0.2877865329512894,1607.0
21-376-03488,116486,0,0.0,0.0,,0.0
21-376-03489,368613,52,0.00014106936000629386,3.5267340001573465e-05,0.25,13.0
21-376-03490,128148,22,0.00017167649904797577,4.291912476199394e-05,0.25,5.5
21-376-03491,136323,681,0.004995488655619375,0.001298386919301952,0.2599118942731278,177.0
21-376-03492,130563,0,0.0,0.0,,0.0
21-376-03493,148634,0,0.0,0.0,,0.0
21-376-03494,75105,1713,0.02280806870381466,0.005702017175953665,0.25,428.25
21-376-03495,100655,0,0.0,0.0,,0.0
21-376-03496,385746,0,0.0,0.0,,0.0
21-376-03497,235473,0,0.0,0.0,,0.0
21-376-03498,296827,87,0.00029310002122448427,7.327500530612107e-05,0.25,21.75
21-376-03499,102029,0,0.0,0.0,,0.0
21-376-03500,144725,14,9.673518742442563e-05,4.318535152876144e-05,0.44642857142857145,6.25
21-376-03501,140364,0,0.0,0.0,,0.0
21-376-03502,135587,0,0.0,0.0,,0.0
21-376-03503,116962,0,0.0,0.0,,0.0
21-376-03504,70193,0,0.0,0.0,,0.0
21-376-03505,102432,1008,0.009840674789128397,0.0028116213683223993,0.2857142857142857,288.0
21-376-03506,348162,4,1.1488904590391829e-05,2.8722261475979573e-06,0.25,1.0
21-376-03507,148063,274,0.0018505636114356727,0.00046264090285891816,0.25,68.5
21-376-03508,88894,56,0.0006299637770828178,0.00015749094427070445,0.25,14.0
21-376-03509,150792,0,0.0,0.0,,0.0
21-376-03510,417624,0,0.0,0.0,,0.0
21-376-03511,75428,0,0.0,0.0,,0.0
21-376-03512,193670,5,2.5817111581556254e-05,6.4542778953890636e-06,0.25,1.25
21-397-03513,102834,0,0.0,0.0,,0.0
21-397-03514,165173,0,0.0,0.0,,0.0
21-397-03515,391657,0,0.0,0.0,,0.0
21-397-03516,279229,0,0.0,0.0,,0.0
21-397-03517,123223,0,0.0,0.0,,0.0
21-397-03518,79737,0,0.0,0.0,,0.0
21-397-03519,238114,0,0.0,0.0,,0.0
21-397-03520,349766,0,0.0,0.0,,0.0
21-397-03521,155968,0,0.0,0.0,,0.0
21-397-03522,442156,0,0.0,0.0,,0.0
21-385-03523,97783,368,0.0037634353619749854,0.0013090209954695602,0.34782608695652173,128.0
21-385-03524,392102,0,0.0,0.0,,0.0
21-385-03525,173522,0,0.0,0.0,,0.0
21-385-03526,156704,0,0.0,0.0,,0.0
21-385-03527,127319,0,0.0,0.0,,0.0
21-385-03528,254512,0,0.0,0.0,,0.0
21-385-03529,212562,0,0.0,0.0,,0.0
21-385-03530,255418,482,0.0018871027100674188,0.0004717756775168547,0.25,120.5
21-394-03531,295163,0,0.0,0.0,,0.0
21-394-03532,176337,0,0.0,0.0,,0.0
21-394-03533,500849,0,0.0,0.0,,0.0
21-394-03534,388603,0,0.0,0.0,,0.0
21-394-03535,289627,0,0.0,0.0,,0.0
21-387-03536,66682,0,0.0,0.0,,0.0
21-387-03537,163775,2856,0.017438558998626164,0.004718363608609373,0.2705707282913165,772.75
21-387-03538,87078,4080,0.046854544201750156,0.012684030409517903,0.27071078431372547,1104.5
21-387-03539,120258,1544,0.012839062681900581,0.0032097656704751453,0.25,386.0
21-387-03540,92800,33,0.0003556034482758621,8.890086206896552e-05,0.25,8.25
21-387-03541,95100,26883,0.2826813880126183,0.09781282860147214,0.3460179295465536,9302.0
21-387-03542,429935,6475,0.015060416109411888,0.005124611859932316,0.3402702702702703,2203.25
21-387-03543,137622,3247,0.023593611486535583,0.005898402871633896,0.25,811.75
21-387-03544,89204,4493,0.05036769651585131,0.012597529258777633,0.25011128421989764,1123.75
21-387-03545,120804,11409,0.09444223701201947,0.03413380351643985,0.3614251906389692,4123.5
21-387-03546,81105,7187,0.08861352567659207,0.03128352136119845,0.3530332544872687,2537.25
21-396-03547,318365,0,0.0,0.0,,0.0
21-396-03548,355252,0,0.0,0.0,,0.0
21-396-03549,228177,0,0.0,0.0,,0.0
21-396-03550,255848,0,0.0,0.0,,0.0
21-396-03551,241173,0,0.0,0.0,,0.0
21-396-03552,593394,0,0.0,0.0,,0.0
21-396-03553,193631,0,0.0,0.0,,0.0
21-396-03554,253031,0,0.0,0.0,,0.0
21-396-03555,180936,0,0.0,0.0,,0.0
21-396-03556,158551,0,0.0,0.0,,0.0
21-396-03557,351017,0,0.0,0.0,,0.0
21-372-03558,284871,0,0.0,0.0,,0.0
21-372-03559,214551,0,0.0,0.0,,0.0
21-372-03560,427918,6,1.4021377927546866e-05,3.5053444818867165e-06,0.25,1.5
21-372-03561,308690,0,0.0,0.0,,0.0
21-372-03562,230285,0,0.0,0.0,,0.0
21-372-03563,191505,0,0.0,0.0,,0.0
21-372-03564,502517,16,3.183971885528251e-05,7.959929713820627e-06,0.25,4.0
21-372-03565,466582,0,0.0,0.0,,0.0
21-372-03566,215516,11,5.104029399209339e-05,1.2760073498023348e-05,0.25,2.75
21-392-03567,144403,0,0.0,0.0,,0.0
21-392-03568,178013,0,0.0,0.0,,0.0
21-392-03569,127140,0,0.0,0.0,,0.0
21-392-03570,162547,0,0.0,0.0,,0.0
21-392-03571,143171,0,0.0,0.0,,0.0
21-392-03572,261520,0,0.0,0.0,,0.0
21-374-03573,300625,0,0.0,0.0,,0.0
21-374-03574,181561,5,2.753895385022114e-05,6.884738462555285e-06,0.25,1.25
21-374-03575,152388,28,0.00018374150195553455,4.593537548888364e-05,0.25,7.0
21-374-03576,187373,15,8.005422339397886e-05,2.0013555848494714e-05,0.25,3.75
21-374-03577,526840,11,2.0879204312504745e-05,5.219801078126186e-06,0.25,2.75
21-374-03578,383404,0,0.0,0.0,,0.0
21-374-03579,345708,8,2.314091661170699e-05,5.785229152926747e-06,0.25,2.0
21-374-03580,255375,114,0.00044640234948604995,0.00011160058737151249,0.25,28.5
21-374-03581,160549,105,0.0006540059421111312,0.0001635014855277828,0.25,26.25
21-374-03582,374623,4,1.0677401013819226e-05,2.6693502534548064e-06,0.25,1.0
21-374-03583,201797,0,0.0,0.0,,0.0
21-374-03584,231927,0,0.0,0.0,,0.0
21-374-03585,188790,179,0.000948143439800837,0.00023703585995020924,0.25,44.75
21-374-03586,253014,26,0.00010276111203332622,2.5690278008331555e-05,0.25,6.5
21-374-03587,165444,0,0.0,0.0,,0.0
21-374-03588,164971,0,0.0,0.0,,0.0
21-374-03589,143708,0,0.0,0.0,,0.0
