EMD Amount in ₹,EMD Exemption Allowed,EMD Fee Type,EMD Percentage,EMD Payable To,EMD Payable At,Cover No,Cover,Document Type,Description,Name,Address,Organisation Chain,Tender Reference Number,Tender ID,Withdrawal Allowed,Tender Type,Form of contract,Tender Category,No. of Covers,General Technical Evaluation Allowed,ItemWise Technical Evaluation Allowed,Payment Mode,Is Multi Currency Allowed For BOQ,Is Multi Currency Allowed For Fee,Allow Two Stage Bidding,Tender Fee in ₹,VAT Charges in ₹,Fee Payable To,Fee Payable At,Tender Fee Exemption Allowed,Publish Date,Bid Opening Date,Document Download / Sale Start Date,Document Download / Sale End Date,Clarification Start Date,Clarification End Date,Bid Submission Start Date,Bid Submission End Date,S.No,Bank Name,Title,Work Description,Pre Qualification Details,Independent External Monitor/Remarks,Tender Value in ₹,Product Category,Sub category,Contract Type,Bid Validity(Days),Period Of Work(Days),Location,Pincode,Pre Bid Meeting Place,Pre Bid Meeting Address,Pre Bid Meeting Date,Bid Opening Place,Should Allow NDA Tender,Allow Preferential Bidder,Tender Stage,Organisation Chain :,Tender ID :,Tender Ref No :,Tender Title :,Committee Chairperson/Co-ordinator Name :,Committee Chairperson/Co-ordinator Type :,Committee Members :,Updated By :,Updated on :,Document :,Type :,Summary :,Updated By :.1,Updated On :,Document :.1,BOQ Comparative Chart :,S.No,Bid Number,Bidder Name,Awarded Currency,Awarded Value,Contract Date :,Total Contract Value :,Work Completion Period in days :,Updated By :.2,Updated on :.1,AOC document :,S.No.1,Bid Number.1,Bidder Name.1,Submitted Date,Status,Remarks,Status Updated On,Committee Chairperson/Co-ordinator Name :.1,Committee Chairperson/Co-ordinator Type :.1,Committee Members :.1,Updated By :.3,Updated On :.1,Document :.2,Tender Stage
"41,230",Yes,fixed,,Nil,Nil,1.0,Fee/PreQual/Technical/Finance,.pdf,"Tender Cost, Contractor RC,PAN,GSTIN,EMD,No Relation Certificate etc.","Executive Engineer, Tel Irr Division","O/o the EE, Tel Irr Division, Sonepur","CE-BM, Tel Basin,Bhawanipatna||SE Balangir Irr Circle Balangir||EE Tel Irr Divn. Sonepur","EE,TID,SNP-18/2025-26",2026_CEBMT_126345_2,Yes,Open Tender,Percentage,Works,1.0,No,No,Online,No,No,No,"6,000",0.0,Nil,Nil,No,20-Feb-2026 10:00 AM,07-Mar-2026 11:00 AM,20-Feb-2026 10:00 AM,06-Mar-2026 05:30 PM,20-Feb-2026 10:00 AM ,27-Feb-2026 05:30 PM ,20-Feb-2026 10:00 AM,06-Mar-2026 05:30 PM,1.0,ICICI BANK,Trough wall lining from RD 00 M to RD 840M Of Chandrapur Sub-Minor. 1R off-taking from Sonepur Distributary at RD 885m of Ong Irrigation Extension project.,Trough wall lining from RD 00 M to RD 840M Of Chandrapur Sub-Minor. 1R off-taking from Sonepur Distributary at RD 885m of Ong Irrigation Extension project.,Please refer Tender documents. ,NA ,"41,22,383",Civil Works - Others,NA ,Tender,90.0,180.0,Sonepur,767017.0,NA ,NA ,NA ,"O/o the EE, Tel Irr Division, Sonepur",No ,No,AOC,"CE-BM, Tel Basin,Bhawanipatna||SE Balangir Irr Circle Balangir||EE Tel Irr Divn. Sonepur",2026_CEBMT_126345_2,"EE,TID,SNP-18/2025-26",Trough wall lining from RD 00 M to RD 840M Of Chandrapur Sub-Minor. 1R off-taking from Sonepur Distributary at RD 885m of Ong Irrigation Extension project.,"Executive Engineer, Tel Irrigation Division, Sonepur",Internal,,BHABANI BARA,22-Apr-2026 10:18 AM,finsummary_582106.pdf (735.73 KB),Finance,Bid Opened on dt 07.03.2026 successfully,BHABANI BARA,07-Mar-2026 11:49 AM,,BOQ Comparative Chart,1.0,3418775.0,SANTANU KUMAR MISHRA,INR,"4,118,260.33",01-Aug-2026,"INR 4,118,260.33",180.0,BHABANI BARA,02-Aug-2026 11:58 AM,240.pdf (469.00 KB),1,3421460,AMIYA RANJAN DASH,06-Mar-2026 02:05 PM,Rejected-Finance,Not 1st Lowest Bidder in Transparent Lottery,22-Apr-2026 10:18 AM,"Executive Engineer,Tel irrigation Division",Internal,,BHABANI BARA,16-Apr-2026 04:46 PM,techsummary_582106.pdf (2443.71 KB),AOC
,,,,,,,,.xls,BoQ,,,,,,,,,,,,,,,,,,,,,,,,,,,,,,2.0,ICICI NEFT/RTGS,,,,,,,,,,,,,,,,,,,AOC,,,,,,,,,,,,,,,,,,,,,,,,,,,,2,3421426,Asit Prakash Samantara,06-Mar-2026 01:48 PM,Rejected-Finance,Not 1st Lowest Bidder in Transparent Lottery,22-Apr-2026 10:18 AM,,,,,,,AOC
,,,,,,,,,,,,,,,,,,,,,,,,,,,,,,,,,,,,,,,,,,,,,,,,,,,,,,,,,,,AOC,,,,,,,,,,,,,,,,,,,,,,,,,,,,3,3418965,BASUDEV HOTA,04-Mar-2026 10:37 PM,Rejected-Finance,Not 1st Lowest Bidder in Transparent Lottery,22-Apr-2026 10:18 AM,,,,,,,AOC
,,,,,,,,,,,,,,,,,,,,,,,,,,,,,,,,,,,,,,,,,,,,,,,,,,,,,,,,,,,AOC,,,,,,,,,,,,,,,,,,,,,,,,,,,,4,3419640,BISWA PRASANNA MISHRA,05-Mar-2026 12:19 PM,Rejected-Finance,Not 1st Lowest Bidder in Transparent Lottery,22-Apr-2026 10:18 AM,,,,,,,AOC
,,,,,,,,,,,,,,,,,,,,,,,,,,,,,,,,,,,,,,,,,,,,,,,,,,,,,,,,,,,AOC,,,,,,,,,,,,,,,,,,,,,,,,,,,,5,3419712,CHIRAG RANJAN SAHU,05-Mar-2026 08:18 PM,Rejected-Finance,Not 1st Lowest Bidder in Transparent Lottery,22-Apr-2026 10:18 AM,,,,,,,AOC
,,,,,,,,,,,,,,,,,,,,,,,,,,,,,,,,,,,,,,,,,,,,,,,,,,,,,,,,,,,AOC,,,,,,,,,,,,,,,,,,,,,,,,,,,,6,3421112,DEBASHISH SAHU,06-Mar-2026 11:43 AM,Rejected-Finance,Not 1st Lowest Bidder in Transparent Lottery,22-Apr-2026 10:18 AM,,,,,,,AOC
,,,,,,,,,,,,,,,,,,,,,,,,,,,,,,,,,,,,,,,,,,,,,,,,,,,,,,,,,,,AOC,,,,,,,,,,,,,,,,,,,,,,,,,,,,7,3420767,DEBASISH DASH,05-Mar-2026 06:46 PM,Rejected-Finance,Not 1st Lowest Bidder in Transparent Lottery,22-Apr-2026 10:18 AM,,,,,,,AOC
,,,,,,,,,,,,,,,,,,,,,,,,,,,,,,,,,,,,,,,,,,,,,,,,,,,,,,,,,,,AOC,,,,,,,,,,,,,,,,,,,,,,,,,,,,8,3420962,DIGAMBARA SAHU,06-Mar-2026 01:23 PM,Rejected-Finance,Not 1st Lowest Bidder in Transparent Lottery,22-Apr-2026 10:18 AM,,,,,,,AOC
,,,,,,,,,,,,,,,,,,,,,,,,,,,,,,,,,,,,,,,,,,,,,,,,,,,,,,,,,,,AOC,,,,,,,,,,,,,,,,,,,,,,,,,,,,9,3408116,GIRISH KUMAR DASH,06-Mar-2026 12:50 PM,Rejected-Finance,Not 1st Lowest Bidder in Transparent Lottery,22-Apr-2026 10:18 AM,,,,,,,AOC
,,,,,,,,,,,,,,,,,,,,,,,,,,,,,,,,,,,,,,,,,,,,,,,,,,,,,,,,,,,AOC,,,,,,,,,,,,,,,,,,,,,,,,,,,,10,3406559,INDRAJIT DANGA,23-Feb-2026 07:14 PM,Rejected-Finance,Not 1st Lowest Bidder in Transparent Lottery,22-Apr-2026 10:18 AM,,,,,,,AOC
,,,,,,,,,,,,,,,,,,,,,,,,,,,,,,,,,,,,,,,,,,,,,,,,,,,,,,,,,,,AOC,,,,,,,,,,,,,,,,,,,,,,,,,,,,11,3418274,JAGABANDHU DANDIA,04-Mar-2026 08:23 PM,Rejected-Finance,Not 1st Lowest Bidder in Transparent Lottery,22-Apr-2026 10:18 AM,,,,,,,AOC
,,,,,,,,,,,,,,,,,,,,,,,,,,,,,,,,,,,,,,,,,,,,,,,,,,,,,,,,,,,AOC,,,,,,,,,,,,,,,,,,,,,,,,,,,,12,3421215,JAGAT MOHAN MAHAPATRA,06-Mar-2026 01:17 PM,Rejected-Finance,Not 1st Lowest Bidder in Transparent Lottery,22-Apr-2026 10:18 AM,,,,,,,AOC
,,,,,,,,,,,,,,,,,,,,,,,,,,,,,,,,,,,,,,,,,,,,,,,,,,,,,,,,,,,AOC,,,,,,,,,,,,,,,,,,,,,,,,,,,,13,3421508,JAMBESWAR HARIPAL,06-Mar-2026 02:32 PM,Rejected-Finance,Not 1st Lowest Bidder in Transparent Lottery,22-Apr-2026 10:18 AM,,,,,,,AOC
,,,,,,,,,,,,,,,,,,,,,,,,,,,,,,,,,,,,,,,,,,,,,,,,,,,,,,,,,,,AOC,,,,,,,,,,,,,,,,,,,,,,,,,,,,14,3421181,JAYAKISHAN AGRAWALA,06-Mar-2026 12:01 PM,Rejected-Finance,Not 1st Lowest Bidder in Transparent Lottery,22-Apr-2026 10:18 AM,,,,,,,AOC
,,,,,,,,,,,,,,,,,,,,,,,,,,,,,,,,,,,,,,,,,,,,,,,,,,,,,,,,,,,AOC,,,,,,,,,,,,,,,,,,,,,,,,,,,,15,3419357,KISHOR KUMAR BEHERA,06-Mar-2026 04:07 PM,Rejected-Finance,Not 1st Lowest Bidder in Transparent Lottery,22-Apr-2026 10:18 AM,,,,,,,AOC
,,,,,,,,,,,,,,,,,,,,,,,,,,,,,,,,,,,,,,,,,,,,,,,,,,,,,,,,,,,AOC,,,,,,,,,,,,,,,,,,,,,,,,,,,,16,3418822,MANARANJAN NAYAK,04-Mar-2026 09:15 PM,Rejected-Finance,Not 1st Lowest Bidder in Transparent Lottery,22-Apr-2026 10:18 AM,,,,,,,AOC
,,,,,,,,,,,,,,,,,,,,,,,,,,,,,,,,,,,,,,,,,,,,,,,,,,,,,,,,,,,AOC,,,,,,,,,,,,,,,,,,,,,,,,,,,,17,3408824,MANOJ KUMAR PADHAN,23-Feb-2026 06:27 PM,Rejected-Finance,Not 1st Lowest Bidder in Transparent Lottery,22-Apr-2026 10:18 AM,,,,,,,AOC
,,,,,,,,,,,,,,,,,,,,,,,,,,,,,,,,,,,,,,,,,,,,,,,,,,,,,,,,,,,AOC,,,,,,,,,,,,,,,,,,,,,,,,,,,,18,3419815,Minakshi Mishra,06-Mar-2026 11:41 AM,Rejected-Finance,Not 1st Lowest Bidder in Transparent Lottery,22-Apr-2026 10:18 AM,,,,,,,AOC
,,,,,,,,,,,,,,,,,,,,,,,,,,,,,,,,,,,,,,,,,,,,,,,,,,,,,,,,,,,AOC,,,,,,,,,,,,,,,,,,,,,,,,,,,,19,3421359,NILARATNA MAHAPATRA,06-Mar-2026 01:26 PM,Rejected-Finance,Not 1st Lowest Bidder in Transparent Lottery,22-Apr-2026 10:18 AM,,,,,,,AOC
,,,,,,,,,,,,,,,,,,,,,,,,,,,,,,,,,,,,,,,,,,,,,,,,,,,,,,,,,,,AOC,,,,,,,,,,,,,,,,,,,,,,,,,,,,20,3419547,Raghunath Bedbak,05-Mar-2026 12:00 PM,Rejected-Finance,Not 1st Lowest Bidder in Transparent Lottery,22-Apr-2026 10:18 AM,,,,,,,AOC
,,,,,,,,,,,,,,,,,,,,,,,,,,,,,,,,,,,,,,,,,,,,,,,,,,,,,,,,,,,AOC,,,,,,,,,,,,,,,,,,,,,,,,,,,,21,3417480,RAJAT KUMAR AGRAWAL,05-Mar-2026 08:59 PM,Rejected-Finance,Not 1st Lowest Bidder in Transparent Lottery,22-Apr-2026 10:18 AM,,,,,,,AOC
,,,,,,,,,,,,,,,,,,,,,,,,,,,,,,,,,,,,,,,,,,,,,,,,,,,,,,,,,,,AOC,,,,,,,,,,,,,,,,,,,,,,,,,,,,22,3419879,RAMANANDA MAHAKUR,05-Mar-2026 01:28 PM,Rejected-Finance,Not 1st Lowest Bidder in Transparent Lottery,22-Apr-2026 10:18 AM,,,,,,,AOC
,,,,,,,,,,,,,,,,,,,,,,,,,,,,,,,,,,,,,,,,,,,,,,,,,,,,,,,,,,,AOC,,,,,,,,,,,,,,,,,,,,,,,,,,,,23,3421066,RANAJITA PADHI,06-Mar-2026 04:53 PM,Rejected-Finance,Not 1st Lowest Bidder in Transparent Lottery,22-Apr-2026 10:18 AM,,,,,,,AOC
,,,,,,,,,,,,,,,,,,,,,,,,,,,,,,,,,,,,,,,,,,,,,,,,,,,,,,,,,,,AOC,,,,,,,,,,,,,,,,,,,,,,,,,,,,24,3420929,Sagarika Mahapatra,05-Mar-2026 09:51 PM,Rejected-Finance,Not 1st Lowest Bidder in Transparent Lottery,22-Apr-2026 10:18 AM,,,,,,,AOC
,,,,,,,,,,,,,,,,,,,,,,,,,,,,,,,,,,,,,,,,,,,,,,,,,,,,,,,,,,,AOC,,,,,,,,,,,,,,,,,,,,,,,,,,,,25,3414628,SAMBHU PRASAD AGRAWALLA,05-Mar-2026 07:53 PM,Rejected-Finance,Not 1st Lowest Bidder in Transparent Lottery,22-Apr-2026 10:18 AM,,,,,,,AOC
,,,,,,,,,,,,,,,,,,,,,,,,,,,,,,,,,,,,,,,,,,,,,,,,,,,,,,,,,,,AOC,,,,,,,,,,,,,,,,,,,,,,,,,,,,26,3417280,SANATAN HOTA,02-Mar-2026 09:46 PM,Rejected-Finance,Not 1st Lowest Bidder in Transparent Lottery,22-Apr-2026 10:18 AM,,,,,,,AOC
,,,,,,,,,,,,,,,,,,,,,,,,,,,,,,,,,,,,,,,,,,,,,,,,,,,,,,,,,,,AOC,,,,,,,,,,,,,,,,,,,,,,,,,,,,27,3418775,SANTANU KUMAR MISHRA,04-Mar-2026 08:53 PM,Accepted-AOC,Winner in Transparent lottery,02-Aug-2026 11:58 AM,,,,,,,AOC
,,,,,,,,,,,,,,,,,,,,,,,,,,,,,,,,,,,,,,,,,,,,,,,,,,,,,,,,,,,AOC,,,,,,,,,,,,,,,,,,,,,,,,,,,,28,3407830,Santosh Kumar Mendili,25-Feb-2026 03:01 PM,Rejected-Finance,Not 1st Lowest Bidder in Transparent Lottery,22-Apr-2026 10:18 AM,,,,,,,AOC
,,,,,,,,,,,,,,,,,,,,,,,,,,,,,,,,,,,,,,,,,,,,,,,,,,,,,,,,,,,AOC,,,,,,,,,,,,,,,,,,,,,,,,,,,,29,3418847,SATYA NARAYAN MISHRA,04-Mar-2026 09:30 PM,Rejected-Finance,Not 1st Lowest Bidder in Transparent Lottery,22-Apr-2026 10:18 AM,,,,,,,AOC
,,,,,,,,,,,,,,,,,,,,,,,,,,,,,,,,,,,,,,,,,,,,,,,,,,,,,,,,,,,AOC,,,,,,,,,,,,,,,,,,,,,,,,,,,,30,3421177,SATYANARAYAN PADHI,06-Mar-2026 12:03 PM,Rejected-Finance,Not 1st Lowest Bidder in Transparent Lottery,22-Apr-2026 10:18 AM,,,,,,,AOC
,,,,,,,,,,,,,,,,,,,,,,,,,,,,,,,,,,,,,,,,,,,,,,,,,,,,,,,,,,,AOC,,,,,,,,,,,,,,,,,,,,,,,,,,,,31,3410683,Satyanarayan Pande,06-Mar-2026 12:40 PM,Rejected-Finance,Not 1st Lowest Bidder in Transparent Lottery,22-Apr-2026 10:18 AM,,,,,,,AOC
,,,,,,,,,,,,,,,,,,,,,,,,,,,,,,,,,,,,,,,,,,,,,,,,,,,,,,,,,,,AOC,,,,,,,,,,,,,,,,,,,,,,,,,,,,32,3421550,SAURABH KUMAR KALTA,06-Mar-2026 03:14 PM,Rejected-Finance,Not 1st Lowest Bidder in Transparent Lottery,22-Apr-2026 10:18 AM,,,,,,,AOC
,,,,,,,,,,,,,,,,,,,,,,,,,,,,,,,,,,,,,,,,,,,,,,,,,,,,,,,,,,,AOC,,,,,,,,,,,,,,,,,,,,,,,,,,,,33,3421102,SHYAM SUNDAR BISHI,06-Mar-2026 11:32 AM,Rejected-Finance,Not 1st Lowest Bidder in Transparent Lottery,22-Apr-2026 10:18 AM,,,,,,,AOC
,,,,,,,,,,,,,,,,,,,,,,,,,,,,,,,,,,,,,,,,,,,,,,,,,,,,,,,,,,,AOC,,,,,,,,,,,,,,,,,,,,,,,,,,,,34,3421229,SOUMYA RANJAN PADHAN,06-Mar-2026 12:27 PM,Rejected-Finance,Not 1st Lowest Bidder in Transparent Lottery,22-Apr-2026 10:18 AM,,,,,,,AOC
,,,,,,,,,,,,,,,,,,,,,,,,,,,,,,,,,,,,,,,,,,,,,,,,,,,,,,,,,,,AOC,,,,,,,,,,,,,,,,,,,,,,,,,,,,35,3421531,SOURAV KUMAR BEDBAK,06-Mar-2026 02:52 PM,Rejected-Finance,Not 1st Lowest Bidder in Transparent Lottery,22-Apr-2026 10:18 AM,,,,,,,AOC
,,,,,,,,,,,,,,,,,,,,,,,,,,,,,,,,,,,,,,,,,,,,,,,,,,,,,,,,,,,AOC,,,,,,,,,,,,,,,,,,,,,,,,,,,,36,3420968,SRIKANTA PRADHAN,06-Mar-2026 07:38 AM,Rejected-Finance,Not 1st Lowest Bidder in Transparent Lottery,22-Apr-2026 10:18 AM,,,,,,,AOC
,,,,,,,,,,,,,,,,,,,,,,,,,,,,,,,,,,,,,,,,,,,,,,,,,,,,,,,,,,,AOC,,,,,,,,,,,,,,,,,,,,,,,,,,,,37,3410462,SUBRAT KUMAR SAHU,04-Mar-2026 09:50 AM,Rejected-Finance,Not 1st Lowest Bidder in Transparent Lottery,22-Apr-2026 10:18 AM,,,,,,,AOC
,,,,,,,,,,,,,,,,,,,,,,,,,,,,,,,,,,,,,,,,,,,,,,,,,,,,,,,,,,,AOC,,,,,,,,,,,,,,,,,,,,,,,,,,,,38,3414247,TRAYANJIBA MISHRA,06-Mar-2026 12:59 PM,Rejected-Finance,Not 1st Lowest Bidder in Transparent Lottery,22-Apr-2026 10:18 AM,,,,,,,AOC
,,,,,,,,,,,,,,,,,,,,,,,,,,,,,,,,,,,,,,,,,,,,,,,,,,,,,,,,,,,AOC,,,,,,,,,,,,,,,,,,,,,,,,,,,,39,3421643,UJIT HARIPAL,06-Mar-2026 04:36 PM,Rejected-Finance,Not 1st Lowest Bidder in Transparent Lottery,22-Apr-2026 10:18 AM,,,,,,,AOC
