Title,Work Description,Pre Qualification Details,Independent External Monitor/Remarks,Tender Value in ₹,Product Category,Sub category,Contract Type,Bid Validity(Days),Period Of Work(Days),Location,Pincode,Pre Bid Meeting Place,Pre Bid Meeting Address,Pre Bid Meeting Date,Bid Opening Place,Should Allow NDA Tender,Allow Preferential Bidder,Name,Address,Tender Fee in ₹,Fee Payable To,Fee Payable At,Tender Fee Exemption Allowed,Publish Date,Bid Opening Date,Document Download / Sale Start Date,Document Download / Sale End Date,Clarification Start Date,Clarification End Date,Bid Submission Start Date,Bid Submission End Date,Cover No,Cover,Document Type,Description,EMD Amount in ₹,EMD Exemption Allowed,EMD Fee Type,EMD Percentage,EMD Payable To,EMD Payable At,Organisation Chain,Tender Reference Number,Tender ID,Withdrawal Allowed,Tender Type,Form of contract,Tender Category,No. of Covers,General Technical Evaluation Allowed,ItemWise Technical Evaluation Allowed,Payment Mode,Is Multi Currency Allowed For BOQ,Is Multi Currency Allowed For Fee,Allow Two Stage Bidding,S.No,Bank Name,Tender Stage,Contract Date :,Total Contract Value :,Work Completion Period in days :,Updated By :,Updated on :,AOC document :,S.No,Bid Number,Bidder Name,Submitted Date,Status,Remarks,Status Updated On,Committee Chairperson/Co-ordinator Name :,Committee Chairperson/Co-ordinator Type :,Committee Members :,Updated By :.1,Updated On :,Document :,Committee Chairperson/Co-ordinator Name :.1,Committee Chairperson/Co-ordinator Type :.1,Committee Members :.1,Updated By :.2,Updated on :.1,Document :.1,Organisation Chain :,Tender ID :,Tender Ref No :,Tender Title :,S.No.1,Bid Number.1,Bidder Name.1,Awarded Currency,Awarded Value,Type :,Summary :,Updated By :.3,Updated On :.1,Document :.2,BOQ Comparative Chart :,Tender Stage
"Development of Eco Tourism at Durgapadu Waterfall area, GP- Durgapadu",Civil Construction works,As per DTCN ,NA ,"32,35,587",Civil Works - Others,NA ,Tender,90.0,150.0,"Durgapadu, Block- Rayagada Sadar, Dist- Rayagada",765001.0,NA ,NA ,NA ,Panchayat Samiti Rayagada Sadar,No ,No,"BDO, Rayagada","Panchayat Samiti Rayagada Sadar, Dist.- Rayagada-765001","7,080",Nil,Nil,No,16-Jun-2026 11:00 AM,01-Jul-2026 11:00 AM,16-Jun-2026 11:00 AM,30-Jun-2026 05:00 PM,16-Jun-2026 11:00 AM ,23-Jun-2026 05:00 PM ,16-Jun-2026 11:00 AM,30-Jun-2026 05:00 PM,1.0,Fee/PreQual/Technical/Finance,.pdf,"Tender Papers, tender fee, EMD, GSTIN, PAN, Registration certificates etc.","32,400",Yes,fixed,,Nil,Nil,Panchayati Raj and Drinking Water Department Odisha||Zilla Parisad Rayagada||RAYAGADA Block,RGD 02/2026-27,2026_PZPRD_132079_3,Yes,Open Tender,Percentage,Works,1.0,No,No,Online,No,No,No,1.0,ICICI BANK,AOC,18-Aug-2026,"INR 3,235,587.262",150.0,Sujit Kumar Misra,18-Aug-2026 12:48 PM,durgapadUXYZ.pdf (319.00 KB),1,3556673,BINANTI BHATRA,30-Jun-2026 03:49 PM,Accepted-AOC,LESS VALUE QUOTED,18-Aug-2026 12:48 PM,"BDO, RAYAGADA",Internal,,Sujit Kumar Misra,13-Aug-2026 04:17 PM,techsummary_596535.pdf (253.90 KB),"BDO, RAYAGADA",Internal,,Sujit Kumar Misra,13-Aug-2026 04:51 PM,finsummary_596535.pdf (4114.46 KB),Panchayati Raj and Drinking Water Department Odisha||Zilla Parisad Rayagada||RAYAGADA Block,2026_PZPRD_132079_3,RGD 02/2026-27,"Development of Eco Tourism at Durgapadu Waterfall area, GP- Durgapadu",1.0,3556673.0,BINANTI BHATRA,INR,"3,235,587.262",Finance,Single Cover bids were opened on 01.07.2026,Sujit Kumar Misra,01-Aug-2026 06:19 PM,finance_596535.pdf,BOQ Comparative Chart,AOC
,,,,,,,,,,,,,,,,,,,,,,,,,,,,,,,,,,.xls,BOQ,,,,,,,,,,,,,,,,,,,,,2.0,ICICI NEFT/RTGS,AOC,,,,,,,2,3571160,DURJADHANA MAJHI,30-Jun-2026 03:55 PM,Rejected-Finance,QUOTED VALUE IS HIGHER THAN THE LESS VALUE,13-Aug-2026 04:51 PM,,,,,,,,,,,,,,,,,,,,,,,,,,,,AOC
,,,,,,,,,,,,,,,,,,,,,,,,,,,,,,,,,,,,,,,,,,,,,,,,,,,,,,,,,,AOC,,,,,,,3,3568469,JANAKI KHARA,30-Jun-2026 01:13 PM,Rejected-Finance,QUOTED VALUE IS HIGHER THAN THE LESS VALUE,13-Aug-2026 04:51 PM,,,,,,,,,,,,,,,,,,,,,,,,,,,,AOC
,,,,,,,,,,,,,,,,,,,,,,,,,,,,,,,,,,,,,,,,,,,,,,,,,,,,,,,,,,AOC,,,,,,,4,3567223,MELAKA MANIKA RAO,29-Jun-2026 12:29 PM,Rejected-Finance,QUOTED VALUE IS HIGHER THAN THE LESS VALUE,13-Aug-2026 04:51 PM,,,,,,,,,,,,,,,,,,,,,,,,,,,,AOC
,,,,,,,,,,,,,,,,,,,,,,,,,,,,,,,,,,,,,,,,,,,,,,,,,,,,,,,,,,AOC,,,,,,,5,3570095,NANDA KISHOR PRASAD CHOURASIA,30-Jun-2026 01:30 PM,Rejected-Finance,QUOTED VALUE IS HIGHER THAN THE LESS VALUE,13-Aug-2026 04:51 PM,,,,,,,,,,,,,,,,,,,,,,,,,,,,AOC
,,,,,,,,,,,,,,,,,,,,,,,,,,,,,,,,,,,,,,,,,,,,,,,,,,,,,,,,,,AOC,,,,,,,6,3569736,PITTALA YAMUNA,30-Jun-2026 10:06 AM,Rejected-Finance,QUOTED VALUE IS HIGHER THAN THE LESS VALUE,13-Aug-2026 04:51 PM,,,,,,,,,,,,,,,,,,,,,,,,,,,,AOC
,,,,,,,,,,,,,,,,,,,,,,,,,,,,,,,,,,,,,,,,,,,,,,,,,,,,,,,,,,AOC,,,,,,,7,3569574,RAHUL MISHRA,30-Jun-2026 03:33 PM,Rejected-Finance,QUOTED VALUE IS HIGHER THAN THE LESS VALUE,13-Aug-2026 04:51 PM,,,,,,,,,,,,,,,,,,,,,,,,,,,,AOC
,,,,,,,,,,,,,,,,,,,,,,,,,,,,,,,,,,,,,,,,,,,,,,,,,,,,,,,,,,AOC,,,,,,,8,3570012,RAINA KADRAKA,30-Jun-2026 01:47 PM,Rejected-Finance,QUOTED VALUE IS HIGHER THAN THE LESS VALUE,13-Aug-2026 04:51 PM,,,,,,,,,,,,,,,,,,,,,,,,,,,,AOC
,,,,,,,,,,,,,,,,,,,,,,,,,,,,,,,,,,,,,,,,,,,,,,,,,,,,,,,,,,AOC,,,,,,,9,3555808,RAMA MURTY KANTABANSHA,26-Jun-2026 11:14 AM,Rejected-Finance,QUOTED VALUE IS HIGHER THAN THE LESS VALUE,13-Aug-2026 04:51 PM,,,,,,,,,,,,,,,,,,,,,,,,,,,,AOC
,,,,,,,,,,,,,,,,,,,,,,,,,,,,,,,,,,,,,,,,,,,,,,,,,,,,,,,,,,AOC,,,,,,,10,3566721,SURENDRA BHATRA,29-Jun-2026 10:20 AM,Rejected-Finance,QUOTED VALUE IS HIGHER THAN THE LESS VALUE,13-Aug-2026 04:51 PM,,,,,,,,,,,,,,,,,,,,,,,,,,,,AOC
,,,,,,,,,,,,,,,,,,,,,,,,,,,,,,,,,,,,,,,,,,,,,,,,,,,,,,,,,,AOC,,,,,,,11,3567039,SWAGATIKA BHUYAN,29-Jun-2026 11:56 AM,Rejected-Finance,QUOTED VALUE IS HIGHER THAN THE LESS VALUE,13-Aug-2026 04:51 PM,,,,,,,,,,,,,,,,,,,,,,,,,,,,AOC
