Name,Address,Publish Date,Bid Opening Date,Document Download / Sale Start Date,Document Download / Sale End Date,Clarification Start Date,Clarification End Date,Bid Submission Start Date,Bid Submission End Date,Financial Bid Opening Date,Cover No,Cover,Document Type,Description,Organisation Chain,Tender Reference Number,Tender ID,Withdrawal Allowed,Tender Type,Form of contract,Tender Category,No. of Covers,General Technical Evaluation Allowed,ItemWise Technical Evaluation Allowed,Payment Mode,Is Multi Currency Allowed For BOQ,Is Multi Currency Allowed For Fee,Allow Two Stage Bidding,Title,Work Description,Pre Qualification Details,Independent External Monitor/Remarks,Tender Value in ₹,Product Category,Sub category,Contract Type,Bid Validity(Days),Period Of Work(Days),Location,Pincode,Pre Bid Meeting Place,Pre Bid Meeting Address,Pre Bid Meeting Date,Bid Opening Place,Should Allow NDA Tender,Allow Preferential Bidder,EMD Amount in ₹,EMD Exemption Allowed,EMD Fee Type,EMD Percentage,EMD Payable To,EMD Payable At,Tender Fee in ₹,Fee Payable To,Fee Payable At,Tender Fee Exemption Allowed,S.No,Bank Name,Tender Stage,S.No,Bid Number,Bidder Name,Submitted Date,Status,Remarks,Status Updated On,Contract Date :,Total Contract Value :,Work Completion Period in days :,Updated By :,Updated on :,AOC document :,AOC Description :,Committee Chairperson/Co-ordinator Name :,Committee Chairperson/Co-ordinator Type :,Committee Members :,Updated By :.1,Updated On :,Financial Bid Opening Date:,Document :,Type :,Summary :,Updated By :.2,Updated On :.1,Document :.1,BOQ Comparative Chart :,Type :.1,Summary :.1,Updated By :.3,Updated On :.2,Document :.2,Organisation Chain :,Tender ID :,Tender Ref No :,Tender Title :,Committee Chairperson/Co-ordinator Name :.1,Committee Chairperson/Co-ordinator Type :.1,Committee Members :.1,Updated By :.4,Updated on :.1,Document :.3,S.No.1,Bid Number.1,Bidder Name.1,Awarded Currency,Awarded Value,Tender Stage
Superintending Engineer,"O/o the SE, Hadua Irr. Division, Narasinghpur",11-Jun-2026 11:00 AM,29-Jun-2026 11:00 AM,11-Jun-2026 11:00 AM,29-Jun-2026 09:00 AM,11-Jun-2026 11:00 AM ,17-Jun-2026 05:00 PM ,11-Jun-2026 11:00 AM,29-Jun-2026 09:00 AM,04-Jul-2026 11:30 AM,1.0,Fee/PreQual/Technical,.pdf,"PAN, GSTIN, RC, Documents related to EMD exemption",CCE Brutang and Hadua Irrigation Project Dasapalla||SE Hadua Division Narasinghapur,e-Procurement Notice No.SE-HID(NSPR)-03/2026-27,2026_SEHDP_131795_5,Yes,National Competitive Bid,Percentage,Works,2.0,No,No,Online,No,No,No,"SEHID (NSPR)-03(05) Construction of R and R Colony Main approach road (Cement Concrete) from Kanseilo RD road to Office Building with drain at R and R Colony, near village Kanseilo of Hadua Irr.project, Narasinghpur, Dist-Cuttack.",Construction of CC road wit Drain,Please refer Tender documents. ,NA ,"63,05,751",Civil Works - Others,NA ,Tender,90.0,270.0,Narasinghpur,754032.0,NA ,NA ,NA ,"O/o the SE, Hadua Irr. Division, Narasinghpur",No ,No,"63,100",Yes,fixed,,Nil,Nil,"10,000",Nil,Nil,No,1.0,ICICI BANK,AOC,1,3566555,ABHAYA BHUSAN SAHOO,29-Jun-2026 08:21 AM,Rejected-AOC,Did not win the lottery,07-Aug-2026 01:19 PM,07-Aug-2026,"INR 6,305,750.58",270.0,Umesh Chandra Sethi,07-Aug-2026 01:19 PM,WO03_05.pdf (852.00 KB),Contract Awarded,"SE, Hadua Irrigation Dvision",Internal,"Estimator , AEE Hadua Irrigation Sub Division II and DAO Hadua Irrigation Division",Umesh Chandra Sethi,04-Jul-2026 10:14 AM,04-Jul-2026 11:30 AM,techsummary_595959.pdf (238.93 KB),Finance,Uploaded financial bids of all the bidders have been downloaded successfully.,Umesh Chandra Sethi,04-Jul-2026 12:33 PM,,BOQ Comparative Chart,Technical,Downloaded tender documents of all the bidders have been downloaded successfully.,Umesh Chandra Sethi,29-Jun-2026 12:04 PM,,CCE Brutang and Hadua Irrigation Project Dasapalla||SE Hadua Division Narasinghapur,2026_SEHDP_131795_5,e-Procurement Notice No.SE-HID(NSPR)-03/2026-27,"SEHID (NSPR)-03(05) Construction of R and R Colony Main approach road (Cement Concrete) from Kanseilo RD road to Office Building with drain at R and R Colony, near village Kanseilo of Hadua Irr.project, Narasinghpur, Dist-Cuttack.","SE, Hadua Irrigation Division",Internal,"Estimator and DAO, Hadua Irrigation Division",Umesh Chandra Sethi,11-Jul-2026 02:44 PM,finsummary_595959.pdf (1980.58 KB),1.0,3565386.0,DEBRAJ JENA,INR,"6,305,750.58",AOC
,,,,,,,,,,,,,.pdf,"Affidavit, No Relation Certificate, undertakings, any other document as per SBD/DTCN",,,,,,,,,,,,,,,,,,,,,,,,,,,,,,,,,,,,,,,,,,,2.0,ICICI NEFT/RTGS,AOC,2,3563014,ABHAYA KUMAR SAHOO,26-Jun-2026 03:52 PM,Rejected-AOC,Did not win the lottery,07-Aug-2026 01:19 PM,,,,,,,,,,,,,,,,,,,,,,,,,,,,,,,,,,,,,,,,,AOC
,,,,,,,,,,,2.0,Finance,.xls,Bill of Quantity,,,,,,,,,,,,,,,,,,,,,,,,,,,,,,,,,,,,,,,,,,,,,AOC,3,3562609,AJIT KUMAR NAYAK,26-Jun-2026 12:24 PM,Rejected-AOC,Did not win the lottery,07-Aug-2026 01:19 PM,,,,,,,,,,,,,,,,,,,,,,,,,,,,,,,,,,,,,,,,,AOC
,,,,,,,,,,,,,,,,,,,,,,,,,,,,,,,,,,,,,,,,,,,,,,,,,,,,,,,,,,,AOC,4,3563641,ALOKRANJAN BHOI,27-Jun-2026 11:37 AM,Rejected-AOC,Did not win the lottery,07-Aug-2026 01:19 PM,,,,,,,,,,,,,,,,,,,,,,,,,,,,,,,,,,,,,,,,,AOC
,,,,,,,,,,,,,,,,,,,,,,,,,,,,,,,,,,,,,,,,,,,,,,,,,,,,,,,,,,,AOC,5,3564447,ARCHANA ROUT,27-Jun-2026 07:56 PM,Rejected-AOC,Did not win the lottery,07-Aug-2026 01:19 PM,,,,,,,,,,,,,,,,,,,,,,,,,,,,,,,,,,,,,,,,,AOC
,,,,,,,,,,,,,,,,,,,,,,,,,,,,,,,,,,,,,,,,,,,,,,,,,,,,,,,,,,,AOC,6,3564485,BAPUJI KUMAR SAHOO,27-Jun-2026 08:53 PM,Rejected-AOC,Did not win the lottery,07-Aug-2026 01:19 PM,,,,,,,,,,,,,,,,,,,,,,,,,,,,,,,,,,,,,,,,,AOC
,,,,,,,,,,,,,,,,,,,,,,,,,,,,,,,,,,,,,,,,,,,,,,,,,,,,,,,,,,,AOC,7,3564019,BHARATI SETHI,27-Jun-2026 04:27 PM,Rejected-AOC,Did not win the lottery,07-Aug-2026 01:19 PM,,,,,,,,,,,,,,,,,,,,,,,,,,,,,,,,,,,,,,,,,AOC
,,,,,,,,,,,,,,,,,,,,,,,,,,,,,,,,,,,,,,,,,,,,,,,,,,,,,,,,,,,AOC,8,3565566,BIBHUTI BHUSAN NAYAK,28-Jun-2026 03:51 PM,Rejected-AOC,Did not win the lottery,07-Aug-2026 01:19 PM,,,,,,,,,,,,,,,,,,,,,,,,,,,,,,,,,,,,,,,,,AOC
,,,,,,,,,,,,,,,,,,,,,,,,,,,,,,,,,,,,,,,,,,,,,,,,,,,,,,,,,,,AOC,9,3563539,BIRANCHI SAHOO,27-Jun-2026 09:44 AM,Rejected-AOC,Did not win the lottery,07-Aug-2026 01:19 PM,,,,,,,,,,,,,,,,,,,,,,,,,,,,,,,,,,,,,,,,,AOC
,,,,,,,,,,,,,,,,,,,,,,,,,,,,,,,,,,,,,,,,,,,,,,,,,,,,,,,,,,,AOC,10,3563335,BISWAJIT PARIDA,28-Jun-2026 09:43 AM,Rejected-AOC,Did not win the lottery,07-Aug-2026 01:19 PM,,,,,,,,,,,,,,,,,,,,,,,,,,,,,,,,,,,,,,,,,AOC
,,,,,,,,,,,,,,,,,,,,,,,,,,,,,,,,,,,,,,,,,,,,,,,,,,,,,,,,,,,AOC,11,3564519,Chinmaya Tripathy,28-Jun-2026 11:50 AM,Rejected-AOC,Did not win the lottery,07-Aug-2026 01:19 PM,,,,,,,,,,,,,,,,,,,,,,,,,,,,,,,,,,,,,,,,,AOC
,,,,,,,,,,,,,,,,,,,,,,,,,,,,,,,,,,,,,,,,,,,,,,,,,,,,,,,,,,,AOC,12,3564456,DEBI PRASAD PARIDA,27-Jun-2026 07:40 PM,Rejected-AOC,Did not win the lottery,07-Aug-2026 01:19 PM,,,,,,,,,,,,,,,,,,,,,,,,,,,,,,,,,,,,,,,,,AOC
,,,,,,,,,,,,,,,,,,,,,,,,,,,,,,,,,,,,,,,,,,,,,,,,,,,,,,,,,,,AOC,13,3565386,DEBRAJ JENA,28-Jun-2026 01:38 PM,Accepted-AOC,Won the lottery,07-Aug-2026 01:19 PM,,,,,,,,,,,,,,,,,,,,,,,,,,,,,,,,,,,,,,,,,AOC
,,,,,,,,,,,,,,,,,,,,,,,,,,,,,,,,,,,,,,,,,,,,,,,,,,,,,,,,,,,AOC,14,3558663,DIPAK MALIK,24-Jun-2026 11:25 AM,Rejected-AOC,Did not win the lottery,07-Aug-2026 01:19 PM,,,,,,,,,,,,,,,,,,,,,,,,,,,,,,,,,,,,,,,,,AOC
,,,,,,,,,,,,,,,,,,,,,,,,,,,,,,,,,,,,,,,,,,,,,,,,,,,,,,,,,,,AOC,15,3564643,GNYANABIKASH BADJENA,28-Jun-2026 08:03 AM,Rejected-AOC,Did not win the lottery,07-Aug-2026 01:19 PM,,,,,,,,,,,,,,,,,,,,,,,,,,,,,,,,,,,,,,,,,AOC
,,,,,,,,,,,,,,,,,,,,,,,,,,,,,,,,,,,,,,,,,,,,,,,,,,,,,,,,,,,AOC,16,3563757,HRUDANANDA BARIK,27-Jun-2026 02:33 PM,Rejected-AOC,Did not win the lottery,07-Aug-2026 01:19 PM,,,,,,,,,,,,,,,,,,,,,,,,,,,,,,,,,,,,,,,,,AOC
,,,,,,,,,,,,,,,,,,,,,,,,,,,,,,,,,,,,,,,,,,,,,,,,,,,,,,,,,,,AOC,17,3564530,HRUDANANDA PARIDA,28-Jun-2026 10:23 AM,Rejected-AOC,Did not win the lottery,07-Aug-2026 01:19 PM,,,,,,,,,,,,,,,,,,,,,,,,,,,,,,,,,,,,,,,,,AOC
,,,,,,,,,,,,,,,,,,,,,,,,,,,,,,,,,,,,,,,,,,,,,,,,,,,,,,,,,,,AOC,18,3562177,JYOTI RANJAN DASH,25-Jun-2026 06:20 PM,Rejected-AOC,Did not win the lottery,07-Aug-2026 01:19 PM,,,,,,,,,,,,,,,,,,,,,,,,,,,,,,,,,,,,,,,,,AOC
,,,,,,,,,,,,,,,,,,,,,,,,,,,,,,,,,,,,,,,,,,,,,,,,,,,,,,,,,,,AOC,19,3562008,MAA CONSTRUCTION,27-Jun-2026 03:50 PM,Rejected-AOC,Did not win the lottery,07-Aug-2026 01:19 PM,,,,,,,,,,,,,,,,,,,,,,,,,,,,,,,,,,,,,,,,,AOC
,,,,,,,,,,,,,,,,,,,,,,,,,,,,,,,,,,,,,,,,,,,,,,,,,,,,,,,,,,,AOC,20,3534641,MANAS RANJAN MALIK,17-Jun-2026 11:38 AM,Rejected-AOC,Did not win the lottery,07-Aug-2026 01:19 PM,,,,,,,,,,,,,,,,,,,,,,,,,,,,,,,,,,,,,,,,,AOC
,,,,,,,,,,,,,,,,,,,,,,,,,,,,,,,,,,,,,,,,,,,,,,,,,,,,,,,,,,,AOC,21,3559689,OMPRASAD BALABANTARAY,24-Jun-2026 02:24 PM,Rejected-AOC,Did not win the lottery,07-Aug-2026 01:19 PM,,,,,,,,,,,,,,,,,,,,,,,,,,,,,,,,,,,,,,,,,AOC
,,,,,,,,,,,,,,,,,,,,,,,,,,,,,,,,,,,,,,,,,,,,,,,,,,,,,,,,,,,AOC,22,3565195,PADMA LOCHAN PATRA,28-Jun-2026 12:35 PM,Rejected-AOC,Did not win the lottery,07-Aug-2026 01:19 PM,,,,,,,,,,,,,,,,,,,,,,,,,,,,,,,,,,,,,,,,,AOC
,,,,,,,,,,,,,,,,,,,,,,,,,,,,,,,,,,,,,,,,,,,,,,,,,,,,,,,,,,,AOC,23,3562418,PAWANI PRASAD KUMAR BISWAJIT,26-Jun-2026 02:29 PM,Rejected-AOC,Did not win the lottery,07-Aug-2026 01:19 PM,,,,,,,,,,,,,,,,,,,,,,,,,,,,,,,,,,,,,,,,,AOC
,,,,,,,,,,,,,,,,,,,,,,,,,,,,,,,,,,,,,,,,,,,,,,,,,,,,,,,,,,,AOC,24,3565679,PRASANNA KUMAR RANA,28-Jun-2026 04:49 PM,Rejected-AOC,Did not win the lottery,07-Aug-2026 01:19 PM,,,,,,,,,,,,,,,,,,,,,,,,,,,,,,,,,,,,,,,,,AOC
,,,,,,,,,,,,,,,,,,,,,,,,,,,,,,,,,,,,,,,,,,,,,,,,,,,,,,,,,,,AOC,25,3562728,PRASANNA KUMAR SAHU,27-Jun-2026 07:06 PM,Rejected-AOC,Did not win the lottery,07-Aug-2026 01:19 PM,,,,,,,,,,,,,,,,,,,,,,,,,,,,,,,,,,,,,,,,,AOC
,,,,,,,,,,,,,,,,,,,,,,,,,,,,,,,,,,,,,,,,,,,,,,,,,,,,,,,,,,,AOC,26,3564663,PRASANT KUMAR GURU,28-Jun-2026 04:32 PM,Rejected-AOC,Did not win the lottery,07-Aug-2026 01:19 PM,,,,,,,,,,,,,,,,,,,,,,,,,,,,,,,,,,,,,,,,,AOC
,,,,,,,,,,,,,,,,,,,,,,,,,,,,,,,,,,,,,,,,,,,,,,,,,,,,,,,,,,,AOC,27,3562871,PRATISH RANJAN SAHOO,27-Jun-2026 07:15 PM,Rejected-AOC,Did not win the lottery,07-Aug-2026 01:19 PM,,,,,,,,,,,,,,,,,,,,,,,,,,,,,,,,,,,,,,,,,AOC
,,,,,,,,,,,,,,,,,,,,,,,,,,,,,,,,,,,,,,,,,,,,,,,,,,,,,,,,,,,AOC,28,3564696,RADHAKANTA DALAI,27-Jun-2026 10:43 PM,Rejected-AOC,Did not win the lottery,07-Aug-2026 01:19 PM,,,,,,,,,,,,,,,,,,,,,,,,,,,,,,,,,,,,,,,,,AOC
,,,,,,,,,,,,,,,,,,,,,,,,,,,,,,,,,,,,,,,,,,,,,,,,,,,,,,,,,,,AOC,29,3534638,RAJASHREE NAYAK,17-Jun-2026 12:21 PM,Rejected-AOC,Did not win the lottery,07-Aug-2026 01:19 PM,,,,,,,,,,,,,,,,,,,,,,,,,,,,,,,,,,,,,,,,,AOC
,,,,,,,,,,,,,,,,,,,,,,,,,,,,,,,,,,,,,,,,,,,,,,,,,,,,,,,,,,,AOC,30,3534772,RAJENDRA NARAYAN NAYAK,17-Jun-2026 12:47 PM,Rejected-AOC,Did not win the lottery,07-Aug-2026 01:19 PM,,,,,,,,,,,,,,,,,,,,,,,,,,,,,,,,,,,,,,,,,AOC
,,,,,,,,,,,,,,,,,,,,,,,,,,,,,,,,,,,,,,,,,,,,,,,,,,,,,,,,,,,AOC,31,3562152,RUDRANARAYAN RAY PRITAM,25-Jun-2026 05:34 PM,Rejected-AOC,Did not win the lottery,07-Aug-2026 01:19 PM,,,,,,,,,,,,,,,,,,,,,,,,,,,,,,,,,,,,,,,,,AOC
,,,,,,,,,,,,,,,,,,,,,,,,,,,,,,,,,,,,,,,,,,,,,,,,,,,,,,,,,,,AOC,32,3566382,SAHIL KHAN,29-Jun-2026 08:18 AM,Rejected-AOC,Did not win the lottery,07-Aug-2026 01:19 PM,,,,,,,,,,,,,,,,,,,,,,,,,,,,,,,,,,,,,,,,,AOC
,,,,,,,,,,,,,,,,,,,,,,,,,,,,,,,,,,,,,,,,,,,,,,,,,,,,,,,,,,,AOC,33,3564345,SANJAY KUMAR SWAIN,28-Jun-2026 07:32 AM,Rejected-AOC,Did not win the lottery,07-Aug-2026 01:19 PM,,,,,,,,,,,,,,,,,,,,,,,,,,,,,,,,,,,,,,,,,AOC
,,,,,,,,,,,,,,,,,,,,,,,,,,,,,,,,,,,,,,,,,,,,,,,,,,,,,,,,,,,AOC,34,3563182,SANTANU MAHALIK,26-Jun-2026 07:12 PM,Rejected-AOC,Did not win the lottery,07-Aug-2026 01:19 PM,,,,,,,,,,,,,,,,,,,,,,,,,,,,,,,,,,,,,,,,,AOC
,,,,,,,,,,,,,,,,,,,,,,,,,,,,,,,,,,,,,,,,,,,,,,,,,,,,,,,,,,,AOC,35,3562478,SARADA PRASAN NANDI,28-Jun-2026 09:15 AM,Rejected-AOC,Did not win the lottery,07-Aug-2026 01:19 PM,,,,,,,,,,,,,,,,,,,,,,,,,,,,,,,,,,,,,,,,,AOC
,,,,,,,,,,,,,,,,,,,,,,,,,,,,,,,,,,,,,,,,,,,,,,,,,,,,,,,,,,,AOC,36,3562969,SRI. SUBASH CHANDRA PANDA,26-Jun-2026 02:44 PM,Rejected-AOC,Did not win the lottery,07-Aug-2026 01:19 PM,,,,,,,,,,,,,,,,,,,,,,,,,,,,,,,,,,,,,,,,,AOC
,,,,,,,,,,,,,,,,,,,,,,,,,,,,,,,,,,,,,,,,,,,,,,,,,,,,,,,,,,,AOC,37,3550812,SUBASHA CHANDRA SAHOO,26-Jun-2026 06:50 PM,Rejected-AOC,Did not win the lottery,07-Aug-2026 01:19 PM,,,,,,,,,,,,,,,,,,,,,,,,,,,,,,,,,,,,,,,,,AOC
,,,,,,,,,,,,,,,,,,,,,,,,,,,,,,,,,,,,,,,,,,,,,,,,,,,,,,,,,,,AOC,38,3564223,SUSARYA KUMAR PRATIHARI,27-Jun-2026 05:36 PM,Rejected-AOC,Did not win the lottery,07-Aug-2026 01:19 PM,,,,,,,,,,,,,,,,,,,,,,,,,,,,,,,,,,,,,,,,,AOC
,,,,,,,,,,,,,,,,,,,,,,,,,,,,,,,,,,,,,,,,,,,,,,,,,,,,,,,,,,,AOC,39,3565054,SWARNAPRAVA MALLIK,28-Jun-2026 11:17 AM,Rejected-AOC,Did not win the lottery,07-Aug-2026 01:19 PM,,,,,,,,,,,,,,,,,,,,,,,,,,,,,,,,,,,,,,,,,AOC
,,,,,,,,,,,,,,,,,,,,,,,,,,,,,,,,,,,,,,,,,,,,,,,,,,,,,,,,,,,AOC,40,3565766,VIKASH ROUT,28-Jun-2026 05:43 PM,Rejected-AOC,Did not win the lottery,07-Aug-2026 01:19 PM,,,,,,,,,,,,,,,,,,,,,,,,,,,,,,,,,,,,,,,,,AOC
