Committee Chairperson/Co-ordinator Name :,Committee Chairperson/Co-ordinator Type :,Committee Members :,Updated By :,Updated On :,Document :,S.No,Bid Number,Bidder Name,Submitted Date,Status,Remarks,Status Updated On,Contract Date :,Total Contract Value :,Work Completion Period in days :,Updated By :.1,Updated on :,AOC document :,Type :,Summary :,Updated By :.2,Updated On :.1,Document :.1,BOQ Comparative Chart :,S.No.1,Bid Number.1,Bidder Name.1,Awarded Currency,Awarded Value,Organisation Chain :,Tender ID :,Tender Ref No :,Tender Title :,Committee Chairperson/Co-ordinator Name :.1,Committee Chairperson/Co-ordinator Type :.1,Committee Members :.1,Updated By :.3,Updated on :.1,Document :.2,Tender Stage,S.No,Bank Name,Organisation Chain,Tender Reference Number,Tender ID,Withdrawal Allowed,Tender Type,Form of contract,Tender Category,No. of Covers,General Technical Evaluation Allowed,ItemWise Technical Evaluation Allowed,Payment Mode,Is Multi Currency Allowed For BOQ,Is Multi Currency Allowed For Fee,Allow Two Stage Bidding,Tender Fee in ₹,Fee Payable To,Fee Payable At,Tender Fee Exemption Allowed,Cover No,Cover,Document Type,Description,Name,Address,Title,Work Description,Pre Qualification Details,Independent External Monitor/Remarks,Tender Value in ₹,Product Category,Sub category,Contract Type,Bid Validity(Days),Period Of Work(Days),Location,Pincode,Pre Bid Meeting Place,Pre Bid Meeting Address,Pre Bid Meeting Date,Bid Opening Place,Should Allow NDA Tender,Allow Preferential Bidder,EMD Amount in ₹,EMD Exemption Allowed,EMD Fee Type,EMD Percentage,EMD Payable To,EMD Payable At,Publish Date,Bid Opening Date,Document Download / Sale Start Date,Document Download / Sale End Date,Clarification Start Date,Clarification End Date,Bid Submission Start Date,Bid Submission End Date,Tender Stage
Block Development Officer,Internal,,DASARATHI JENA,02-Jul-2026 06:23 PM,techsummary_587870.pdf (1232.44 KB),1,3466513,ASHISH KUMAR PANDA,29-Apr-2026 02:13 PM,Rejected-Finance,Non-Responsive,06-Jul-2026 10:03 AM,09-Aug-2026,"INR 3,179,798",300.0,DASARATHI JENA,09-Aug-2026 03:41 PM,CCB.pdf (1232.00 KB),Finance,"On opening of the Technical and Financial Bid, it is found that all the 9 bidders have been participated in the tender",DASARATHI JENA,01-May-2026 11:39 AM,,BOQ Comparative Chart,1.0,3466072.0,SANJEEB KUMAR BISWAL,INR,"3,179,798",Panchayati Raj and Drinking Water Department Odisha||Zilla Parisad Jagatsinghpur||ERASAMA Block,2026_PRBES_128150_3,NOTICE NO.BDO-EPS-01 OF 2026-27,3. Construction of New Branch Building of Erasama Branch under Cuttack CCB at Erasama,Block Development Officer,Internal,,DASARATHI JENA,06-Jul-2026 10:03 AM,finsummary_587870.pdf (1232.44 KB),AOC,1.0,ICICI BANK,Panchayati Raj and Drinking Water Department Odisha||Zilla Parisad Jagatsinghpur||ERASAMA Block,NOTICE NO.BDO-EPS-01 OF 2026-27,2026_PRBES_128150_3,Yes,Open Tender,Percentage,Works,1.0,No,No,Online,No,No,No,"6,000",Nil,Nil,No,1.0,Fee/PreQual/Technical/Finance,.pdf,"Contractor R.C, Affidavit, NRC, undertakings, GSTIN, PAN and any other documents as per SBD/DTCN",Block Development Officer,"O/o the Panchayat Samiti, Erasama",3. Construction of New Branch Building of Erasama Branch under Cuttack CCB at Erasama,Construction of New Branch Building of Erasama Branch under Cuttack CCB at Erasama,Please refer Tender documents. ,NA ,"39,25,677",Civil Works - Buildings,NA ,Tender,90.0,300.0,Erasama,754139.0,NA ,NA ,NA ,"O/o the Panchayat Samiti, Erasama",No ,No,"39,300",Yes,fixed,,Nil,Nil,16-Apr-2026 10:00 AM,30-Apr-2026 11:00 AM,16-Apr-2026 10:00 AM,29-Apr-2026 05:30 PM,16-Apr-2026 10:00 AM ,27-Apr-2026 01:00 PM ,16-Apr-2026 10:00 AM,29-Apr-2026 05:30 PM,AOC
,,,,,,2,3464943,CHAKRADHAR ROUT,26-Apr-2026 07:03 PM,Rejected-Finance,Non-Responsive,06-Jul-2026 10:03 AM,,,,,,,,,,,,,,,,,,,,,,,,,,,,AOC,2.0,ICICI NEFT/RTGS,,,,,,,,,,,,,,,,,,,,,.xls,Bill of Quantity,,,,,,,,,,,,,,,,,,,,,,,,,,,,,,,,,,,AOC
,,,,,,3,3466515,MAHENDRA KUMAR SENAPATI,29-Apr-2026 10:55 AM,Rejected-Finance,Non-Responsive,06-Jul-2026 10:03 AM,,,,,,,,,,,,,,,,,,,,,,,,,,,,AOC,,,,,,,,,,,,,,,,,,,,,,,,,,,,,,,,,,,,,,,,,,,,,,,,,,,,,,,,,,,AOC
,,,,,,4,3467692,PRASANNAJIT KHATUA,29-Apr-2026 03:50 PM,Rejected-Finance,Non-Responsive,06-Jul-2026 10:03 AM,,,,,,,,,,,,,,,,,,,,,,,,,,,,AOC,,,,,,,,,,,,,,,,,,,,,,,,,,,,,,,,,,,,,,,,,,,,,,,,,,,,,,,,,,,AOC
,,,,,,5,3467621,RAJENDRA KUMAR NAYAK,29-Apr-2026 03:46 PM,Rejected-Finance,Non-Responsive,06-Jul-2026 10:03 AM,,,,,,,,,,,,,,,,,,,,,,,,,,,,AOC,,,,,,,,,,,,,,,,,,,,,,,,,,,,,,,,,,,,,,,,,,,,,,,,,,,,,,,,,,,AOC
,,,,,,6,3466072,SANJEEB KUMAR BISWAL,27-Apr-2026 08:46 PM,Accepted-AOC,Work order issued in his favour,09-Aug-2026 03:41 PM,,,,,,,,,,,,,,,,,,,,,,,,,,,,AOC,,,,,,,,,,,,,,,,,,,,,,,,,,,,,,,,,,,,,,,,,,,,,,,,,,,,,,,,,,,AOC
,,,,,,7,3462082,SASMITA MOHANTY,22-Apr-2026 07:00 PM,Rejected-Finance,Non-Responsive,06-Jul-2026 10:03 AM,,,,,,,,,,,,,,,,,,,,,,,,,,,,AOC,,,,,,,,,,,,,,,,,,,,,,,,,,,,,,,,,,,,,,,,,,,,,,,,,,,,,,,,,,,AOC
,,,,,,8,3465750,SHIBA PRASAD MALLA,27-Apr-2026 05:10 PM,Rejected-Finance,Non-Responsive,06-Jul-2026 10:03 AM,,,,,,,,,,,,,,,,,,,,,,,,,,,,AOC,,,,,,,,,,,,,,,,,,,,,,,,,,,,,,,,,,,,,,,,,,,,,,,,,,,,,,,,,,,AOC
,,,,,,9,3467555,SITARAM MALLA,29-Apr-2026 02:32 PM,Rejected-Finance,Non-Responsive,06-Jul-2026 10:03 AM,,,,,,,,,,,,,,,,,,,,,,,,,,,,AOC,,,,,,,,,,,,,,,,,,,,,,,,,,,,,,,,,,,,,,,,,,,,,,,,,,,,,,,,,,,AOC
