Committee Chairperson/Co-ordinator Name :,Committee Chairperson/Co-ordinator Type :,Committee Members :,Updated By :,Updated On :,Document :,Contract Date :,Total Contract Value :,Work Completion Period in days :,Updated By :.1,Updated on :,AOC document :,AOC Description :,S.No,Bid Number,Bidder Name,Submitted Date,Status,Remarks,Status Updated On,S.No.1,Bid Number.1,Bidder Name.1,Awarded Currency,Awarded Value,Type :,Summary :,Updated By :.2,Updated On :.1,Document :.1,BOQ Comparative Chart :,Committee Chairperson/Co-ordinator Name :.1,Committee Chairperson/Co-ordinator Type :.1,Committee Members :.1,Updated By :.3,Updated on :.1,Document :.2,Organisation Chain :,Tender ID :,Tender Ref No :,Tender Title :,Tender Stage,EMD Amount in ₹,EMD Exemption Allowed,EMD Fee Type,EMD Percentage,EMD Payable To,EMD Payable At,Tender Fee in ₹,Fee Payable To,Fee Payable At,Tender Fee Exemption Allowed,Cover No,Cover,Document Type,Description,Name,Address,Publish Date,Bid Opening Date,Document Download / Sale Start Date,Document Download / Sale End Date,Clarification Start Date,Clarification End Date,Bid Submission Start Date,Bid Submission End Date,Organisation Chain,Tender Reference Number,Tender ID,Withdrawal Allowed,Tender Type,Form of contract,Tender Category,No. of Covers,General Technical Evaluation Allowed,ItemWise Technical Evaluation Allowed,Payment Mode,Is Multi Currency Allowed For BOQ,Is Multi Currency Allowed For Fee,Allow Two Stage Bidding,S.No,Bank Name,Title,Work Description,Pre Qualification Details,Independent External Monitor/Remarks,Tender Value in ₹,Product Category,Sub category,Contract Type,Bid Validity(Days),Period Of Work(Days),Location,Pincode,Pre Bid Meeting Place,Pre Bid Meeting Address,Pre Bid Meeting Date,Bid Opening Place,Should Allow NDA Tender,Allow Preferential Bidder,Tender Stage
"SE, Akhuapada Irrigation Division",Internal,"Estimator and DAO, Akhuapada Irrigation Division",Keshab Chandra Behera,11-Feb-2026 03:29 PM,techsummary_565269.pdf (278.89 KB),01-Aug-2026,"INR 3,952,393.56",180.0,Sanjib Kumar Samal,01-Aug-2026 11:23 AM,WOAKP_19.pdf (141.00 KB),Contract Awarded,1,3275983,ABINASH BEURIA,04-Dec-2025 10:36 AM,Rejected-Technical,Does not satisfy as per DTCN,11-Feb-2026 03:29 PM,1.0,3266932.0,Rahash Bihari Maharana,INR,"3,952,393.56",Finance,Tender documents of all the bidders have been downloaded successfully,Sarat Chandra Ghadei,05-Dec-2025 05:12 PM,,BOQ Comparative Chart,"SE, Akhuapada Irrigation Division",Internal,"Estimator and DAO, Akhuapada Irrigation Division",Keshab Chandra Behera,11-Feb-2026 04:05 PM,finsummary_565269.pdf (278.89 KB),CE AND BM MBBS CHANDIKOLE||EASTERN CIRCLE II CHANDIKOLE||Akhuapada Irrigation Division,2025_CDAID_121497_3,e-Procurement Notice No.13/2025-26,AKP-C-19/25-26 Construction of protection wall on Distributary No-3Main near village Kulagadhia of HLC Range-III.,AOC,"46,500",Yes,fixed,,Nil,Nil,"6,000",Nil,Nil,No,1.0,Fee/PreQual/Technical/Finance,.pdf,"PAN, GSTIN, Registration Certificate, EMD exemption supporting documents if any as per DTCN",Superintending Engineer,"O/o S.E, Akhuapada Irrigation Division, Akhuapada",20-Nov-2025 10:00 AM,05-Dec-2025 11:30 AM,20-Nov-2025 10:00 AM,04-Dec-2025 05:00 PM,20-Nov-2025 10:00 AM ,26-Nov-2025 05:00 PM ,20-Nov-2025 10:00 AM,04-Dec-2025 05:00 PM,CE AND BM MBBS CHANDIKOLE||EASTERN CIRCLE II CHANDIKOLE||Akhuapada Irrigation Division,e-Procurement Notice No.13/2025-26,2025_CDAID_121497_3,Yes,Open Tender,Percentage,Works,1.0,No,No,Online,No,No,No,1.0,ICICI BANK,AKP-C-19/25-26 Construction of protection wall on Distributary No-3Main near village Kulagadhia of HLC Range-III.,Construction of protection wall,Please refer Tender documents. ,NA ,"46,49,328",Civil Works - Canal,NA ,Tender,90.0,180.0,Dhamnagar,756117.0,NA ,NA ,NA ,"O/o S.E, Akhuapada Irrigation Division, Akhuapada",No ,No,AOC
,,,,,,,,,,,,,2,3277692,ADARSHA PATTANAYAK,04-Dec-2025 11:52 AM,Rejected-Technical,Does not satisfy as per DTCN,11-Feb-2026 03:29 PM,,,,,,,,,,,,,,,,,,,,,,AOC,,,,,,,,,,,,,.pdf,"Affidavit, No Relation Certificate, Undertakings and any other documents as per SBD/DTCN",,,,,,,,,,,,,,,,,,,,,,,,,2.0,ICICI NEFT/RTGS,,,,,,,,,,,,,,,,,,,AOC
,,,,,,,,,,,,,3,3273204,AJAYA KUMAR MISHRA,02-Dec-2025 11:10 PM,Rejected-Technical,Does not satisfy as per DTCN,11-Feb-2026 03:29 PM,,,,,,,,,,,,,,,,,,,,,,AOC,,,,,,,,,,,,,.xls,Bill of Quantity,,,,,,,,,,,,,,,,,,,,,,,,,,,,,,,,,,,,,,,,,,,,,AOC
,,,,,,,,,,,,,4,3278025,AMAR KUMAR PATRA,04-Dec-2025 02:48 PM,Rejected-Technical,Does not satisfy as per DTCN,11-Feb-2026 03:29 PM,,,,,,,,,,,,,,,,,,,,,,AOC,,,,,,,,,,,,,,,,,,,,,,,,,,,,,,,,,,,,,,,,,,,,,,,,,,,,,,,,,,,AOC
,,,,,,,,,,,,,5,3278214,BANANI PADHIHARI,04-Dec-2025 01:15 PM,Rejected-Technical,Does not satisfy as per DTCN,11-Feb-2026 03:29 PM,,,,,,,,,,,,,,,,,,,,,,AOC,,,,,,,,,,,,,,,,,,,,,,,,,,,,,,,,,,,,,,,,,,,,,,,,,,,,,,,,,,,AOC
,,,,,,,,,,,,,6,3278616,BHAKTAHARI SAHOO,04-Dec-2025 04:02 PM,Rejected-Technical,Does not satisfy as per DTCN,11-Feb-2026 03:29 PM,,,,,,,,,,,,,,,,,,,,,,AOC,,,,,,,,,,,,,,,,,,,,,,,,,,,,,,,,,,,,,,,,,,,,,,,,,,,,,,,,,,,AOC
,,,,,,,,,,,,,7,3274559,BIKRAM KESHARI NANDA,03-Dec-2025 08:12 PM,Rejected-Technical,Does not satisfy as per DTCN,11-Feb-2026 03:29 PM,,,,,,,,,,,,,,,,,,,,,,AOC,,,,,,,,,,,,,,,,,,,,,,,,,,,,,,,,,,,,,,,,,,,,,,,,,,,,,,,,,,,AOC
,,,,,,,,,,,,,8,3273101,BIRENDRA KUMAR NAYAK,04-Dec-2025 11:34 AM,Rejected-Technical,Does not satisfy as per DTCN,11-Feb-2026 03:29 PM,,,,,,,,,,,,,,,,,,,,,,AOC,,,,,,,,,,,,,,,,,,,,,,,,,,,,,,,,,,,,,,,,,,,,,,,,,,,,,,,,,,,AOC
,,,,,,,,,,,,,9,3270392,DEBADUTTA PANDA,01-Dec-2025 05:56 PM,Rejected-Technical,Does not satisfy as per DTCN,11-Feb-2026 03:29 PM,,,,,,,,,,,,,,,,,,,,,,AOC,,,,,,,,,,,,,,,,,,,,,,,,,,,,,,,,,,,,,,,,,,,,,,,,,,,,,,,,,,,AOC
,,,,,,,,,,,,,10,3277965,DEEPTI RANJAN PANDA,04-Dec-2025 12:56 PM,Rejected-Technical,Does not satisfy as per DTCN,11-Feb-2026 03:29 PM,,,,,,,,,,,,,,,,,,,,,,AOC,,,,,,,,,,,,,,,,,,,,,,,,,,,,,,,,,,,,,,,,,,,,,,,,,,,,,,,,,,,AOC
,,,,,,,,,,,,,11,3276129,Dibyasingha Majhi,03-Dec-2025 10:40 PM,Rejected-Technical,Does not satisfy as per DTCN,11-Feb-2026 03:29 PM,,,,,,,,,,,,,,,,,,,,,,AOC,,,,,,,,,,,,,,,,,,,,,,,,,,,,,,,,,,,,,,,,,,,,,,,,,,,,,,,,,,,AOC
,,,,,,,,,,,,,12,3279095,DILLIP KUMAR MISHRA,04-Dec-2025 03:47 PM,Rejected-Technical,Does not satisfy as per DTCN,11-Feb-2026 03:29 PM,,,,,,,,,,,,,,,,,,,,,,AOC,,,,,,,,,,,,,,,,,,,,,,,,,,,,,,,,,,,,,,,,,,,,,,,,,,,,,,,,,,,AOC
,,,,,,,,,,,,,13,3277370,Gourahari Sahoo,04-Dec-2025 11:09 AM,Rejected-Technical,Does not satisfy as per DTCN,11-Feb-2026 03:29 PM,,,,,,,,,,,,,,,,,,,,,,AOC,,,,,,,,,,,,,,,,,,,,,,,,,,,,,,,,,,,,,,,,,,,,,,,,,,,,,,,,,,,AOC
,,,,,,,,,,,,,14,3279084,HARI PRASANNA KAR,04-Dec-2025 03:46 PM,Rejected-Technical,Does not satisfy as per DTCN,11-Feb-2026 03:29 PM,,,,,,,,,,,,,,,,,,,,,,AOC,,,,,,,,,,,,,,,,,,,,,,,,,,,,,,,,,,,,,,,,,,,,,,,,,,,,,,,,,,,AOC
,,,,,,,,,,,,,15,3276680,JYOTIRANJAN PANDA,04-Dec-2025 10:45 AM,Rejected-Technical,Does not satisfy as per DTCN,11-Feb-2026 03:29 PM,,,,,,,,,,,,,,,,,,,,,,AOC,,,,,,,,,,,,,,,,,,,,,,,,,,,,,,,,,,,,,,,,,,,,,,,,,,,,,,,,,,,AOC
,,,,,,,,,,,,,16,3272327,MITESH MOHANTY,02-Dec-2025 09:08 PM,Rejected-Technical,Does not satisfy as per DTCN,11-Feb-2026 03:29 PM,,,,,,,,,,,,,,,,,,,,,,AOC,,,,,,,,,,,,,,,,,,,,,,,,,,,,,,,,,,,,,,,,,,,,,,,,,,,,,,,,,,,AOC
,,,,,,,,,,,,,17,3273559,"M/S.BABA KASIBISWANATH ELECTRICALS,PROP.-BISWARANJAN NAYAK",03-Dec-2025 06:28 AM,Rejected-Technical,Does not satisfy as per DTCN,11-Feb-2026 03:29 PM,,,,,,,,,,,,,,,,,,,,,,AOC,,,,,,,,,,,,,,,,,,,,,,,,,,,,,,,,,,,,,,,,,,,,,,,,,,,,,,,,,,,AOC
,,,,,,,,,,,,,18,3276582,M/S MAA JOGESWARI ENTERPRISES,04-Dec-2025 01:23 PM,Rejected-Technical,Does not satisfy as per DTCN,11-Feb-2026 03:29 PM,,,,,,,,,,,,,,,,,,,,,,AOC,,,,,,,,,,,,,,,,,,,,,,,,,,,,,,,,,,,,,,,,,,,,,,,,,,,,,,,,,,,AOC
,,,,,,,,,,,,,19,3279112,NUPUR MOHANTY,04-Dec-2025 03:48 PM,Rejected-Technical,Does not satisfy as per DTCN,11-Feb-2026 03:29 PM,,,,,,,,,,,,,,,,,,,,,,AOC,,,,,,,,,,,,,,,,,,,,,,,,,,,,,,,,,,,,,,,,,,,,,,,,,,,,,,,,,,,AOC
,,,,,,,,,,,,,20,3271956,PRATIPARNA PARAKRANTA NAYAK,02-Dec-2025 07:20 PM,Rejected-Technical,Does not satisfy as per DTCN,11-Feb-2026 03:29 PM,,,,,,,,,,,,,,,,,,,,,,AOC,,,,,,,,,,,,,,,,,,,,,,,,,,,,,,,,,,,,,,,,,,,,,,,,,,,,,,,,,,,AOC
,,,,,,,,,,,,,21,3273359,PRAVATI ROUT,02-Dec-2025 11:36 PM,Rejected-Technical,Does not satisfy as per DTCN,11-Feb-2026 03:29 PM,,,,,,,,,,,,,,,,,,,,,,AOC,,,,,,,,,,,,,,,,,,,,,,,,,,,,,,,,,,,,,,,,,,,,,,,,,,,,,,,,,,,AOC
,,,,,,,,,,,,,22,3266932,Rahash Bihari Maharana,29-Nov-2025 05:35 PM,Accepted-AOC,Won the lottery,01-Aug-2026 11:23 AM,,,,,,,,,,,,,,,,,,,,,,AOC,,,,,,,,,,,,,,,,,,,,,,,,,,,,,,,,,,,,,,,,,,,,,,,,,,,,,,,,,,,AOC
,,,,,,,,,,,,,23,3277709,RAHUL DEV NAYAK,04-Dec-2025 04:02 PM,Rejected-Technical,Does not satisfy as per DTCN,11-Feb-2026 03:29 PM,,,,,,,,,,,,,,,,,,,,,,AOC,,,,,,,,,,,,,,,,,,,,,,,,,,,,,,,,,,,,,,,,,,,,,,,,,,,,,,,,,,,AOC
,,,,,,,,,,,,,24,3274995,RAKESH KUMAR SAHOO,04-Dec-2025 11:24 AM,Rejected-Technical,Does not satisfy as per DTCN,11-Feb-2026 03:29 PM,,,,,,,,,,,,,,,,,,,,,,AOC,,,,,,,,,,,,,,,,,,,,,,,,,,,,,,,,,,,,,,,,,,,,,,,,,,,,,,,,,,,AOC
,,,,,,,,,,,,,25,3269644,RAKESH KUMAR SAHOO,02-Dec-2025 09:05 PM,Rejected-Technical,Does not satisfy as per DTCN,11-Feb-2026 03:29 PM,,,,,,,,,,,,,,,,,,,,,,AOC,,,,,,,,,,,,,,,,,,,,,,,,,,,,,,,,,,,,,,,,,,,,,,,,,,,,,,,,,,,AOC
,,,,,,,,,,,,,26,3269452,RAKESH KUMAR SAMAL,01-Dec-2025 02:15 PM,Rejected-Technical,Does not satisfy as per DTCN,11-Feb-2026 03:29 PM,,,,,,,,,,,,,,,,,,,,,,AOC,,,,,,,,,,,,,,,,,,,,,,,,,,,,,,,,,,,,,,,,,,,,,,,,,,,,,,,,,,,AOC
,,,,,,,,,,,,,27,3270583,Ramesh Chandra Malik,01-Dec-2025 07:27 PM,Rejected-Technical,Does not satisfy as per DTCN,11-Feb-2026 03:29 PM,,,,,,,,,,,,,,,,,,,,,,AOC,,,,,,,,,,,,,,,,,,,,,,,,,,,,,,,,,,,,,,,,,,,,,,,,,,,,,,,,,,,AOC
,,,,,,,,,,,,,28,3267892,RITUPARNA GOSWAMI,30-Nov-2025 05:22 PM,Rejected-Technical,Does not satisfy as per DTCN,11-Feb-2026 03:29 PM,,,,,,,,,,,,,,,,,,,,,,AOC,,,,,,,,,,,,,,,,,,,,,,,,,,,,,,,,,,,,,,,,,,,,,,,,,,,,,,,,,,,AOC
,,,,,,,,,,,,,29,3274983,RUPAK KUMAR SAHOO,03-Dec-2025 02:29 PM,Rejected-Technical,Does not satisfy as per DTCN,11-Feb-2026 03:29 PM,,,,,,,,,,,,,,,,,,,,,,AOC,,,,,,,,,,,,,,,,,,,,,,,,,,,,,,,,,,,,,,,,,,,,,,,,,,,,,,,,,,,AOC
,,,,,,,,,,,,,30,3278023,SANJAYA KUMAR SAMAL,04-Dec-2025 12:42 PM,Rejected-Technical,Does not satisfy as per DTCN,11-Feb-2026 03:29 PM,,,,,,,,,,,,,,,,,,,,,,AOC,,,,,,,,,,,,,,,,,,,,,,,,,,,,,,,,,,,,,,,,,,,,,,,,,,,,,,,,,,,AOC
,,,,,,,,,,,,,31,3275752,SAROJ KUMAR PARHI,04-Dec-2025 03:00 PM,Rejected-Technical,Does not satisfy as per DTCN,11-Feb-2026 03:29 PM,,,,,,,,,,,,,,,,,,,,,,AOC,,,,,,,,,,,,,,,,,,,,,,,,,,,,,,,,,,,,,,,,,,,,,,,,,,,,,,,,,,,AOC
,,,,,,,,,,,,,32,3257480,Saumitra Ranjan Nayak,26-Nov-2025 03:00 PM,Rejected-Technical,Does not satisfy as per DTCN,11-Feb-2026 03:29 PM,,,,,,,,,,,,,,,,,,,,,,AOC,,,,,,,,,,,,,,,,,,,,,,,,,,,,,,,,,,,,,,,,,,,,,,,,,,,,,,,,,,,AOC
,,,,,,,,,,,,,33,3275714,SEK HAMID ALI,04-Dec-2025 12:54 PM,Rejected-Technical,Does not satisfy as per DTCN,11-Feb-2026 03:29 PM,,,,,,,,,,,,,,,,,,,,,,AOC,,,,,,,,,,,,,,,,,,,,,,,,,,,,,,,,,,,,,,,,,,,,,,,,,,,,,,,,,,,AOC
,,,,,,,,,,,,,34,3279307,SUSANTA KUMAR DAS,04-Dec-2025 04:37 PM,Rejected-Technical,Does not satisfy as per DTCN,11-Feb-2026 03:29 PM,,,,,,,,,,,,,,,,,,,,,,AOC,,,,,,,,,,,,,,,,,,,,,,,,,,,,,,,,,,,,,,,,,,,,,,,,,,,,,,,,,,,AOC
,,,,,,,,,,,,,35,3268336,TARAPRASANNA PATI,01-Dec-2025 09:26 PM,Rejected-Technical,Does not satisfy as per DTCN,11-Feb-2026 03:29 PM,,,,,,,,,,,,,,,,,,,,,,AOC,,,,,,,,,,,,,,,,,,,,,,,,,,,,,,,,,,,,,,,,,,,,,,,,,,,,,,,,,,,AOC
