Cover No,Cover,Document Type,Description,S.No,Bank Name,Publish Date,Bid Opening Date,Document Download / Sale Start Date,Document Download / Sale End Date,Clarification Start Date,Clarification End Date,Bid Submission Start Date,Bid Submission End Date,Financial Bid Opening Date,Organisation Chain,Tender Reference Number,Tender ID,Withdrawal Allowed,Tender Type,Form of contract,Tender Category,No. of Covers,General Technical Evaluation Allowed,ItemWise Technical Evaluation Allowed,Payment Mode,Is Multi Currency Allowed For BOQ,Is Multi Currency Allowed For Fee,Allow Two Stage Bidding,Tender Fee in ₹,VAT Charges in ₹,Fee Payable To,Fee Payable At,Tender Fee Exemption Allowed,EMD Amount in ₹,EMD Exemption Allowed,EMD Fee Type,EMD Percentage,EMD Payable To,EMD Payable At,Name,Address,Title,Work Description,Pre Qualification Details,Independent External Monitor/Remarks,Tender Value in ₹,Product Category,Sub category,Contract Type,Bid Validity(Days),Period Of Work(Days),Location,Pincode,Pre Bid Meeting Place,Pre Bid Meeting Address,Pre Bid Meeting Date,Bid Opening Place,Should Allow NDA Tender,Allow Preferential Bidder,Tender Stage,S.No,Bid Number,Bidder Name,Awarded Currency,Awarded Value,Organisation Chain :,Tender ID :,Tender Ref No :,Tender Title :,Committee Chairperson/Co-ordinator Name :,Committee Chairperson/Co-ordinator Type :,Committee Members :,Updated By :,Updated On :,Financial Bid Opening Date:,Document :,Contract Date :,Total Contract Value :,Work Completion Period in days :,Updated By :.1,Updated on :,AOC document :,Committee Chairperson/Co-ordinator Name :.1,Committee Chairperson/Co-ordinator Type :.1,Committee Members :.1,Updated By :.2,Updated on :.1,Document :.1,Type :,Summary :,Updated By :.3,Updated On :.1,Document :.2,BOQ Comparative Chart :,Type :.1,Summary :.1,Updated By :.4,Updated On :.2,Document :.3,S.No.1,Bid Number.1,Bidder Name.1,Submitted Date,Status,Remarks,Status Updated On,Tender Stage
1.0,Fee/PreQual/Technical,.pdf,"RC, GST, PAN, NRC, Affidavit, Paper Cost, EMD etc as per DTCN",1.0,ICICI BANK,21-May-2026 01:00 PM,01-Jun-2026 10:00 AM,21-May-2026 01:00 PM,30-May-2026 05:30 PM,21-May-2026 01:00 PM ,30-May-2026 05:30 PM ,21-May-2026 01:00 PM,30-May-2026 05:30 PM,09-Jun-2026 04:00 PM,"CE,Drainage,Cuttack||SE,Drainage,Cuttack",DDKPD-01 of 2026-27,2026_CEDC_129582_1,Yes,Open Tender,Percentage,Works,2.0,No,No,Online,No,No,No,"10,000",0.0,Nil,Nil,No,"84,500",Yes,fixed,,Nil,Nil,"SE, DD, Kendrapara","O/O SE, DD, Kendrapara",(Sl No 5) Improvement to Karanja (Gokhapada) Drainage Cut by Construction of Sluice cum Farm Land Bridge near village Gokhapada,Construction of Sluice cum FLB,Please refer Tender documents. ,NA ,"84,44,764",Civil Works - Others,NA ,Tender,90.0,330.0,Kendrapara,754211.0,NA ,NA ,NA ,"O/O SE, DD, Kendrapara",No ,No,AOC,1.0,3509545.0,SASMITA SAMAL,INR,"6,503,313","CE,Drainage,Cuttack||SE,Drainage,Cuttack",2026_CEDC_129582_1,DDKPD-01 of 2026-27,(Sl No 5) Improvement to Karanja (Gokhapada) Drainage Cut by Construction of Sluice cum Farm Land Bridge near village Gokhapada,"SE, DAO, Estiamtor",Internal,,Biplab Keshari Sahoo,09-Jun-2026 03:51 PM,09-Jun-2026 04:00 PM,techsummary_592085.pdf (1443.16 KB),01-Nov-2026,"INR 6,503,313",330.0,Biplab Keshari Sahoo,26-Aug-2026 10:09 PM,Karanja.pdf (1194.00 KB),"SE, DAO, AEE Estimator",Internal,,Biplab Keshari Sahoo,17-Aug-2026 05:35 PM,finsummary_592085.pdf (391.73 KB),Finance,Documents Downloaded successfully,Biplab Keshari Sahoo,09-Jun-2026 04:24 PM,,BOQ Comparative Chart,Technical,Documents downloaded successfully,Biplab Keshari Sahoo,01-Jun-2026 12:06 PM,,1,3510025,BIBHUTI BHUSAN NATH,29-May-2026 11:09 AM,Rejected-Finance,Looser,17-Aug-2026 05:35 PM,AOC
2.0,Finance,.xls,Bill of Quantity,2.0,ICICI NEFT/RTGS,,,,,,,,,,,,,,,,,,,,,,,,,,,,,,,,,,,,,,,,,,,,,,,,,,,,,,,AOC,,,,,,,,,,,,,,,,,,,,,,,,,,,,,,,,,,,,,,,,2,3506791,BIKASH RANJAN DAS,30-May-2026 03:43 PM,Rejected-Finance,Looser,17-Aug-2026 05:35 PM,AOC
,,,,,,,,,,,,,,,,,,,,,,,,,,,,,,,,,,,,,,,,,,,,,,,,,,,,,,,,,,,,AOC,,,,,,,,,,,,,,,,,,,,,,,,,,,,,,,,,,,,,,,,3,3510057,BINAYA KUMAR NATH,29-May-2026 11:23 AM,Rejected-Finance,Looser,17-Aug-2026 05:35 PM,AOC
,,,,,,,,,,,,,,,,,,,,,,,,,,,,,,,,,,,,,,,,,,,,,,,,,,,,,,,,,,,,AOC,,,,,,,,,,,,,,,,,,,,,,,,,,,,,,,,,,,,,,,,4,3512188,BISWAJIT SAHOO,30-May-2026 03:17 PM,Rejected-Finance,Looser,17-Aug-2026 05:35 PM,AOC
,,,,,,,,,,,,,,,,,,,,,,,,,,,,,,,,,,,,,,,,,,,,,,,,,,,,,,,,,,,,AOC,,,,,,,,,,,,,,,,,,,,,,,,,,,,,,,,,,,,,,,,5,3511842,BISWAJIT SWAIN PROP. BINODINI ENTERPRISES,30-May-2026 12:46 PM,Rejected-Finance,Looser,17-Aug-2026 05:35 PM,AOC
,,,,,,,,,,,,,,,,,,,,,,,,,,,,,,,,,,,,,,,,,,,,,,,,,,,,,,,,,,,,AOC,,,,,,,,,,,,,,,,,,,,,,,,,,,,,,,,,,,,,,,,6,3512158,LILIMA NAYAK,30-May-2026 03:12 PM,Rejected-Finance,Looser,17-Aug-2026 05:35 PM,AOC
,,,,,,,,,,,,,,,,,,,,,,,,,,,,,,,,,,,,,,,,,,,,,,,,,,,,,,,,,,,,AOC,,,,,,,,,,,,,,,,,,,,,,,,,,,,,,,,,,,,,,,,7,3511085,PRADYUMNA KUMAR MISHRA,30-May-2026 12:39 PM,Rejected-Finance,Looser,17-Aug-2026 05:35 PM,AOC
,,,,,,,,,,,,,,,,,,,,,,,,,,,,,,,,,,,,,,,,,,,,,,,,,,,,,,,,,,,,AOC,,,,,,,,,,,,,,,,,,,,,,,,,,,,,,,,,,,,,,,,8,3512204,Prakash Chandra Swain,30-May-2026 03:30 PM,Rejected-Finance,Looser,17-Aug-2026 05:35 PM,AOC
,,,,,,,,,,,,,,,,,,,,,,,,,,,,,,,,,,,,,,,,,,,,,,,,,,,,,,,,,,,,AOC,,,,,,,,,,,,,,,,,,,,,,,,,,,,,,,,,,,,,,,,9,3509545,SASMITA SAMAL,28-May-2026 08:27 PM,Accepted-AOC,Awarded,26-Aug-2026 10:09 PM,AOC
,,,,,,,,,,,,,,,,,,,,,,,,,,,,,,,,,,,,,,,,,,,,,,,,,,,,,,,,,,,,AOC,,,,,,,,,,,,,,,,,,,,,,,,,,,,,,,,,,,,,,,,10,3510137,SATYASHREE OMPRAKASH DASH,30-May-2026 06:53 AM,Rejected-Finance,Looser,17-Aug-2026 05:35 PM,AOC
,,,,,,,,,,,,,,,,,,,,,,,,,,,,,,,,,,,,,,,,,,,,,,,,,,,,,,,,,,,,AOC,,,,,,,,,,,,,,,,,,,,,,,,,,,,,,,,,,,,,,,,11,3512281,SUBHA PRAKASH MALLIK,30-May-2026 04:00 PM,Rejected-Finance,Looser,17-Aug-2026 05:35 PM,AOC
,,,,,,,,,,,,,,,,,,,,,,,,,,,,,,,,,,,,,,,,,,,,,,,,,,,,,,,,,,,,AOC,,,,,,,,,,,,,,,,,,,,,,,,,,,,,,,,,,,,,,,,12,3512226,SUBRAT KUMAR GAHAN,30-May-2026 03:36 PM,Rejected-Finance,Looser,17-Aug-2026 05:35 PM,AOC
