Contract Date :,Total Contract Value :,Work Completion Period in days :,Updated By :,Updated on :,AOC document :,S.No,Bid Number,Bidder Name,Submitted Date,Status,Remarks,Status Updated On,Organisation Chain :,Tender ID :,Tender Ref No :,Tender Title :,S.No.1,Bid Number.1,Bidder Name.1,Awarded Currency,Awarded Value,Type :,Summary :,Updated By :.1,Updated On :,Document :,Committee Chairperson/Co-ordinator Name :,Committee Chairperson/Co-ordinator Type :,Committee Members :,Updated By :.2,Updated on :.1,Document :.1,Type :.1,Summary :.1,Updated By :.3,Updated On :.1,Document :.2,BOQ Comparative Chart :,Committee Chairperson/Co-ordinator Name :.1,Committee Chairperson/Co-ordinator Type :.1,Committee Members :.1,Updated By :.4,Updated On :.2,Financial Bid Opening Date:,Document :.3,Tender Stage,Title,Work Description,Pre Qualification Details,Independent External Monitor/Remarks,Tender Value in ₹,Product Category,Sub category,Contract Type,Bid Validity(Days),Period Of Work(Days),Location,Pincode,Pre Bid Meeting Place,Pre Bid Meeting Address,Pre Bid Meeting Date,Bid Opening Place,Should Allow NDA Tender,Allow Preferential Bidder,Cover No,Cover,Document Type,Description,Tender Fee in ₹,VAT Charges in ₹,Fee Payable To,Fee Payable At,Tender Fee Exemption Allowed,Publish Date,Bid Opening Date,Document Download / Sale Start Date,Document Download / Sale End Date,Clarification Start Date,Clarification End Date,Bid Submission Start Date,Bid Submission End Date,Financial Bid Opening Date,EMD Amount in ₹,EMD Exemption Allowed,EMD Fee Type,EMD Percentage,EMD Payable To,EMD Payable At,Organisation Chain,Tender Reference Number,Tender ID,Withdrawal Allowed,Tender Type,Form of contract,Tender Category,No. of Covers,General Technical Evaluation Allowed,ItemWise Technical Evaluation Allowed,Payment Mode,Is Multi Currency Allowed For BOQ,Is Multi Currency Allowed For Fee,Allow Two Stage Bidding,Name,Address,S.No,Bank Name,Tender Stage
06-Aug-2026,"INR 5,080,590",180.0,PRASANJIT DAS,06-Aug-2026 12:37 PM,MND0920AOC.pdf (1777.00 KB),1,3146614,ABHILASH MOHANTY,23-Oct-2025 07:24 PM,Rejected-Finance,NOT SELECTED IN LOTTERRY,29-Jan-2026 01:32 PM,"CE-BM,LMB Basin,BBSR||SE, Eastern Circle,Cuttack||EE, Mahanadi North Division,Jagatpur",2025_CELBB_119432_20,MND-09 OF 2025-26,Improvement to service road on Sana Genguti right embankment from Saboo Bateswar temple to Gopalpur for the year 2025-26,1.0,3162563.0,RAJ KISHORE BAL,INR,"5,080,590",Technical,36 bidders participated,Sandeep Kumar,14-Nov-2025 10:06 PM,,Er. Sandeep Kumar,Internal,,Debendra Kumar Biswal,29-Jan-2026 01:32 PM,finsummary_555808.pdf (2168.28 KB),Finance,36 nos. bidders are participated.,Rosalin Mohanty,15-Nov-2025 04:08 PM,,BOQ Comparative Chart,ER. SANDEEP KUMAR,Internal,,Sandeep Kumar,14-Nov-2025 11:29 PM,15-Nov-2025 12:30 PM,techsummary_555808.pdf (677.83 KB),AOC,Improvement to service road on Sana Genguti right embankment from Saboo Bateswar temple to Gopalpur for the year 2025-26,Improvement to service road on Sana Genguti right embankment from Saboo Bateswar temple to Gopalpur for the year 2025-26,Please refer Tender documents. ,NA ,"59,76,461",Civil Works - Others,NA ,Tender,90.0,180.0,NURTANGA,754102.0,NA ,NA ,NA ,"O/O the Superintending Engineer, MND-I, Jagatpur",No ,No,1.0,Fee/PreQual/Technical,.pdf,"TENDER PAPER COST,EMD,PAN,GSTIN,AFFIDAVIT, NRC, VALID RC ETC. AND OTHER DOCUMENTS AS PER DTCN.","10,000",0.0,Nil,Nil,No,14-Oct-2025 10:40 AM,29-Oct-2025 11:30 AM,14-Oct-2025 10:40 AM,28-Oct-2025 05:30 PM,14-Oct-2025 10:40 AM ,20-Oct-2025 05:30 PM ,14-Oct-2025 10:40 AM,28-Oct-2025 05:30 PM,15-Nov-2025 12:30 PM,"59,800",Yes,fixed,,Nil,Nil,"CE-BM,LMB Basin,BBSR||SE, Eastern Circle,Cuttack||EE, Mahanadi North Division,Jagatpur",MND-09 OF 2025-26,2025_CELBB_119432_20,Yes,National Competitive Bid,Percentage,Works,2.0,No,No,Online,No,No,No,"O/O the Superintending Engineer, MND-I, Jagatpur","O/O the Superintending Engineer, MND-I, Jagatpur",1.0,ICICI BANK,AOC
,,,,,,2,3141490,AMITA MOHANTY,22-Oct-2025 03:16 PM,Rejected-Finance,NOT SELECTED IN LOTTERRY,29-Jan-2026 01:32 PM,,,,,,,,,,,,,,,,,,,,,,,,,,,,,,,,,,AOC,,,,,,,,,,,,,,,,,,,2.0,Finance,.xls,BILL OF QUANTITY,,,,,,,,,,,,,,,,,,,,,,,,,,,,,,,,,,,,,2.0,ICICI NEFT/RTGS,AOC
,,,,,,3,3162551,BIBEKANANDA PARIDA,28-Oct-2025 11:52 AM,Rejected-Finance,NOT SELECTED IN LOTTERRY,29-Jan-2026 01:32 PM,,,,,,,,,,,,,,,,,,,,,,,,,,,,,,,,,,AOC,,,,,,,,,,,,,,,,,,,,,,,,,,,,,,,,,,,,,,,,,,,,,,,,,,,,,,,,,,,,,AOC
,,,,,,4,3161736,BIKASH RANJAN PRADHAN,27-Oct-2025 11:53 PM,Rejected-Finance,NOT SELECTED IN LOTTERRY,29-Jan-2026 01:32 PM,,,,,,,,,,,,,,,,,,,,,,,,,,,,,,,,,,AOC,,,,,,,,,,,,,,,,,,,,,,,,,,,,,,,,,,,,,,,,,,,,,,,,,,,,,,,,,,,,,AOC
,,,,,,5,3153720,BINAYAK SAMAL,26-Oct-2025 11:59 AM,Rejected-Finance,NOT SELECTED IN LOTTERRY,29-Jan-2026 01:32 PM,,,,,,,,,,,,,,,,,,,,,,,,,,,,,,,,,,AOC,,,,,,,,,,,,,,,,,,,,,,,,,,,,,,,,,,,,,,,,,,,,,,,,,,,,,,,,,,,,,AOC
,,,,,,6,3162404,BISWAJIT BISWAL,28-Oct-2025 11:27 AM,Rejected-Finance,NOT SELECTED IN LOTTERRY,29-Jan-2026 01:32 PM,,,,,,,,,,,,,,,,,,,,,,,,,,,,,,,,,,AOC,,,,,,,,,,,,,,,,,,,,,,,,,,,,,,,,,,,,,,,,,,,,,,,,,,,,,,,,,,,,,AOC
,,,,,,7,3152686,BISWAJIT SWAIN PROP. BINODINI ENTERPRISES,26-Oct-2025 01:09 PM,Rejected-Finance,NOT SELECTED IN LOTTERRY,29-Jan-2026 01:32 PM,,,,,,,,,,,,,,,,,,,,,,,,,,,,,,,,,,AOC,,,,,,,,,,,,,,,,,,,,,,,,,,,,,,,,,,,,,,,,,,,,,,,,,,,,,,,,,,,,,AOC
,,,,,,8,3144232,CHINMAYA KUMAR DALAI,22-Oct-2025 09:48 PM,Rejected-Finance,NOT SELECTED IN LOTTERRY,29-Jan-2026 01:32 PM,,,,,,,,,,,,,,,,,,,,,,,,,,,,,,,,,,AOC,,,,,,,,,,,,,,,,,,,,,,,,,,,,,,,,,,,,,,,,,,,,,,,,,,,,,,,,,,,,,AOC
,,,,,,9,3163294,CHITRASEN DAS,28-Oct-2025 01:56 PM,Rejected-Finance,NOT SELECTED IN LOTTERRY,29-Jan-2026 01:32 PM,,,,,,,,,,,,,,,,,,,,,,,,,,,,,,,,,,AOC,,,,,,,,,,,,,,,,,,,,,,,,,,,,,,,,,,,,,,,,,,,,,,,,,,,,,,,,,,,,,AOC
,,,,,,10,3162779,"GANGADHAR PRADHAN,PROP.-PRADHAN GENERAL SUPPLIER",28-Oct-2025 12:34 PM,Rejected-Finance,NOT SELECTED IN LOTTERRY,29-Jan-2026 01:32 PM,,,,,,,,,,,,,,,,,,,,,,,,,,,,,,,,,,AOC,,,,,,,,,,,,,,,,,,,,,,,,,,,,,,,,,,,,,,,,,,,,,,,,,,,,,,,,,,,,,AOC
,,,,,,11,3161304,HEMANTA KUMAR BEHERA,28-Oct-2025 11:08 AM,Rejected-Finance,NOT SELECTED IN LOTTERRY,29-Jan-2026 01:32 PM,,,,,,,,,,,,,,,,,,,,,,,,,,,,,,,,,,AOC,,,,,,,,,,,,,,,,,,,,,,,,,,,,,,,,,,,,,,,,,,,,,,,,,,,,,,,,,,,,,AOC
,,,,,,12,3143169,JYOTI RANJAN ROUT,22-Oct-2025 04:40 PM,Rejected-Finance,NOT SELECTED IN LOTTERRY,29-Jan-2026 01:32 PM,,,,,,,,,,,,,,,,,,,,,,,,,,,,,,,,,,AOC,,,,,,,,,,,,,,,,,,,,,,,,,,,,,,,,,,,,,,,,,,,,,,,,,,,,,,,,,,,,,AOC
,,,,,,13,3161666,KEDAR MALLIK,27-Oct-2025 11:14 PM,Rejected-Finance,NOT SELECTED IN LOTTERRY,29-Jan-2026 01:32 PM,,,,,,,,,,,,,,,,,,,,,,,,,,,,,,,,,,AOC,,,,,,,,,,,,,,,,,,,,,,,,,,,,,,,,,,,,,,,,,,,,,,,,,,,,,,,,,,,,,AOC
,,,,,,14,3162618,"MANAS KUMAR PRADHAN,PROP.-MAA HINGULA STONE SUPPLIER",28-Oct-2025 12:03 PM,Rejected-Finance,NOT SELECTED IN LOTTERRY,29-Jan-2026 01:32 PM,,,,,,,,,,,,,,,,,,,,,,,,,,,,,,,,,,AOC,,,,,,,,,,,,,,,,,,,,,,,,,,,,,,,,,,,,,,,,,,,,,,,,,,,,,,,,,,,,,AOC
,,,,,,15,3160979,Nigamananda Sahoo,28-Oct-2025 01:03 PM,Rejected-Finance,NOT SELECTED IN LOTTERRY,29-Jan-2026 01:32 PM,,,,,,,,,,,,,,,,,,,,,,,,,,,,,,,,,,AOC,,,,,,,,,,,,,,,,,,,,,,,,,,,,,,,,,,,,,,,,,,,,,,,,,,,,,,,,,,,,,AOC
,,,,,,16,3161796,NIRANJAN SAHOO,28-Oct-2025 12:14 AM,Rejected-Finance,NOT SELECTED IN LOTTERRY,29-Jan-2026 01:32 PM,,,,,,,,,,,,,,,,,,,,,,,,,,,,,,,,,,AOC,,,,,,,,,,,,,,,,,,,,,,,,,,,,,,,,,,,,,,,,,,,,,,,,,,,,,,,,,,,,,AOC
,,,,,,17,3148814,PRADIPTA KUMAR SINGH,24-Oct-2025 04:13 PM,Rejected-Finance,NOT SELECTED IN LOTTERRY,29-Jan-2026 01:32 PM,,,,,,,,,,,,,,,,,,,,,,,,,,,,,,,,,,AOC,,,,,,,,,,,,,,,,,,,,,,,,,,,,,,,,,,,,,,,,,,,,,,,,,,,,,,,,,,,,,AOC
,,,,,,18,3145495,PRAJNA PRAGLAVA PAIKRAY,23-Oct-2025 05:42 PM,Rejected-Finance,NOT SELECTED IN LOTTERRY,29-Jan-2026 01:32 PM,,,,,,,,,,,,,,,,,,,,,,,,,,,,,,,,,,AOC,,,,,,,,,,,,,,,,,,,,,,,,,,,,,,,,,,,,,,,,,,,,,,,,,,,,,,,,,,,,,AOC
,,,,,,19,3163197,PRAJYOLITA NAYAK,28-Oct-2025 01:41 PM,Rejected-Finance,NOT SELECTED IN LOTTERRY,29-Jan-2026 01:32 PM,,,,,,,,,,,,,,,,,,,,,,,,,,,,,,,,,,AOC,,,,,,,,,,,,,,,,,,,,,,,,,,,,,,,,,,,,,,,,,,,,,,,,,,,,,,,,,,,,,AOC
,,,,,,20,3142569,PRASANNA KUMAR ROUT,22-Oct-2025 01:17 PM,Rejected-Finance,NOT SELECTED IN LOTTERRY,29-Jan-2026 01:32 PM,,,,,,,,,,,,,,,,,,,,,,,,,,,,,,,,,,AOC,,,,,,,,,,,,,,,,,,,,,,,,,,,,,,,,,,,,,,,,,,,,,,,,,,,,,,,,,,,,,AOC
,,,,,,21,3155418,PRASANNA KUMAR SAHU,26-Oct-2025 06:26 PM,Rejected-Finance,NOT SELECTED IN LOTTERRY,29-Jan-2026 01:32 PM,,,,,,,,,,,,,,,,,,,,,,,,,,,,,,,,,,AOC,,,,,,,,,,,,,,,,,,,,,,,,,,,,,,,,,,,,,,,,,,,,,,,,,,,,,,,,,,,,,AOC
,,,,,,22,3155599,PRATISH RANJAN SAHOO,26-Oct-2025 07:06 PM,Rejected-Finance,NOT SELECTED IN LOTTERRY,29-Jan-2026 01:32 PM,,,,,,,,,,,,,,,,,,,,,,,,,,,,,,,,,,AOC,,,,,,,,,,,,,,,,,,,,,,,,,,,,,,,,,,,,,,,,,,,,,,,,,,,,,,,,,,,,,AOC
,,,,,,23,3158349,Pulak Kumar Pati,27-Oct-2025 01:39 PM,Rejected-Finance,NOT SELECTED IN LOTTERRY,29-Jan-2026 01:32 PM,,,,,,,,,,,,,,,,,,,,,,,,,,,,,,,,,,AOC,,,,,,,,,,,,,,,,,,,,,,,,,,,,,,,,,,,,,,,,,,,,,,,,,,,,,,,,,,,,,AOC
,,,,,,24,3162563,RAJ KISHORE BAL,28-Oct-2025 11:51 AM,Accepted-AOC,Selected in lottery,06-Aug-2026 12:37 PM,,,,,,,,,,,,,,,,,,,,,,,,,,,,,,,,,,AOC,,,,,,,,,,,,,,,,,,,,,,,,,,,,,,,,,,,,,,,,,,,,,,,,,,,,,,,,,,,,,AOC
,,,,,,25,3163269,RATIKANTA KARAN,28-Oct-2025 01:57 PM,Rejected-Finance,NOT SELECTED IN LOTTERRY,29-Jan-2026 01:32 PM,,,,,,,,,,,,,,,,,,,,,,,,,,,,,,,,,,AOC,,,,,,,,,,,,,,,,,,,,,,,,,,,,,,,,,,,,,,,,,,,,,,,,,,,,,,,,,,,,,AOC
,,,,,,26,3143485,RUDRA PRASAD BAG,22-Oct-2025 05:17 PM,Rejected-Finance,NOT SELECTED IN LOTTERRY,29-Jan-2026 01:32 PM,,,,,,,,,,,,,,,,,,,,,,,,,,,,,,,,,,AOC,,,,,,,,,,,,,,,,,,,,,,,,,,,,,,,,,,,,,,,,,,,,,,,,,,,,,,,,,,,,,AOC
,,,,,,27,3154499,SAGARIKA BISWAL,27-Oct-2025 05:02 PM,Rejected-Finance,NOT SELECTED IN LOTTERRY,29-Jan-2026 01:32 PM,,,,,,,,,,,,,,,,,,,,,,,,,,,,,,,,,,AOC,,,,,,,,,,,,,,,,,,,,,,,,,,,,,,,,,,,,,,,,,,,,,,,,,,,,,,,,,,,,,AOC
,,,,,,28,3161168,SANJAYA KUMAR ROUTRAY,27-Oct-2025 08:04 PM,Rejected-Finance,NOT SELECTED IN LOTTERRY,29-Jan-2026 01:32 PM,,,,,,,,,,,,,,,,,,,,,,,,,,,,,,,,,,AOC,,,,,,,,,,,,,,,,,,,,,,,,,,,,,,,,,,,,,,,,,,,,,,,,,,,,,,,,,,,,,AOC
,,,,,,29,3160816,SARBSHREE ENGINEERING AND CONSTRUCTIONS PVT LTD,27-Oct-2025 07:03 PM,Rejected-Finance,NOT SELECTED IN LOTTERRY,29-Jan-2026 01:32 PM,,,,,,,,,,,,,,,,,,,,,,,,,,,,,,,,,,AOC,,,,,,,,,,,,,,,,,,,,,,,,,,,,,,,,,,,,,,,,,,,,,,,,,,,,,,,,,,,,,AOC
,,,,,,30,3150005,SASMITA SWAIN,24-Oct-2025 10:18 PM,Rejected-Finance,NOT SELECTED IN LOTTERRY,29-Jan-2026 01:32 PM,,,,,,,,,,,,,,,,,,,,,,,,,,,,,,,,,,AOC,,,,,,,,,,,,,,,,,,,,,,,,,,,,,,,,,,,,,,,,,,,,,,,,,,,,,,,,,,,,,AOC
,,,,,,31,3155051,SAURAV BISWAL,28-Oct-2025 03:11 PM,Rejected-Finance,NOT SELECTED IN LOTTERRY,29-Jan-2026 01:32 PM,,,,,,,,,,,,,,,,,,,,,,,,,,,,,,,,,,AOC,,,,,,,,,,,,,,,,,,,,,,,,,,,,,,,,,,,,,,,,,,,,,,,,,,,,,,,,,,,,,AOC
,,,,,,32,3157426,SIBASISH ROUT PROP. SIBASISH CONSTRUCTION,27-Oct-2025 09:59 AM,Rejected-Finance,NOT SELECTED IN LOTTERRY,29-Jan-2026 01:32 PM,,,,,,,,,,,,,,,,,,,,,,,,,,,,,,,,,,AOC,,,,,,,,,,,,,,,,,,,,,,,,,,,,,,,,,,,,,,,,,,,,,,,,,,,,,,,,,,,,,AOC
,,,,,,33,3163684,SK ABDUL WAZID,28-Oct-2025 03:04 PM,Rejected-Finance,NOT SELECTED IN LOTTERRY,29-Jan-2026 01:32 PM,,,,,,,,,,,,,,,,,,,,,,,,,,,,,,,,,,AOC,,,,,,,,,,,,,,,,,,,,,,,,,,,,,,,,,,,,,,,,,,,,,,,,,,,,,,,,,,,,,AOC
,,,,,,34,3163014,SOMAYA RANJAN SETHY,28-Oct-2025 01:08 PM,Rejected-Finance,NOT SELECTED IN LOTTERRY,29-Jan-2026 01:32 PM,,,,,,,,,,,,,,,,,,,,,,,,,,,,,,,,,,AOC,,,,,,,,,,,,,,,,,,,,,,,,,,,,,,,,,,,,,,,,,,,,,,,,,,,,,,,,,,,,,AOC
,,,,,,35,3163720,SUDHANSU SEKHAR SAMAL,28-Oct-2025 03:08 PM,Rejected-Finance,NOT SELECTED IN LOTTERRY,29-Jan-2026 01:32 PM,,,,,,,,,,,,,,,,,,,,,,,,,,,,,,,,,,AOC,,,,,,,,,,,,,,,,,,,,,,,,,,,,,,,,,,,,,,,,,,,,,,,,,,,,,,,,,,,,,AOC
,,,,,,36,3159588,TRUPTI RANJAN JENA,27-Oct-2025 03:01 PM,Rejected-Finance,NOT SELECTED IN LOTTERRY,29-Jan-2026 01:32 PM,,,,,,,,,,,,,,,,,,,,,,,,,,,,,,,,,,AOC,,,,,,,,,,,,,,,,,,,,,,,,,,,,,,,,,,,,,,,,,,,,,,,,,,,,,,,,,,,,,AOC
