Committee Chairperson/Co-ordinator Name :,Committee Chairperson/Co-ordinator Type :,Committee Members :,Updated By :,Updated On :,Document :,S.No,Bid Number,Bidder Name,Submitted Date,Status,Remarks,Status Updated On,Contract Date :,Total Contract Value :,Work Completion Period in days :,Updated By :.1,Updated on :,AOC document :,AOC Description :,Type :,Summary :,Updated By :.2,Updated On :.1,Document :.1,BOQ Comparative Chart :,S.No.1,Bid Number.1,Bidder Name.1,Awarded Currency,Awarded Value,Organisation Chain :,Tender ID :,Tender Ref No :,Tender Title :,Committee Chairperson/Co-ordinator Name :.1,Committee Chairperson/Co-ordinator Type :.1,Committee Members :.1,Updated By :.3,Updated on :.1,Document :.2,Tender Stage,Name,Address,Cover No,Cover,Document Type,Description,EMD Amount in ₹,EMD Exemption Allowed,EMD Fee Type,EMD Percentage,EMD Payable To,EMD Payable At,Publish Date,Bid Opening Date,Document Download / Sale Start Date,Document Download / Sale End Date,Clarification Start Date,Clarification End Date,Bid Submission Start Date,Bid Submission End Date,S.No,Bank Name,Tender Fee in ₹,Fee Payable To,Fee Payable At,Tender Fee Exemption Allowed,Title,Work Description,Pre Qualification Details,Independent External Monitor/Remarks,Tender Value in ₹,Product Category,Sub category,Contract Type,Bid Validity(Days),Period Of Work(Days),Location,Pincode,Pre Bid Meeting Place,Pre Bid Meeting Address,Pre Bid Meeting Date,Bid Opening Place,Should Allow NDA Tender,Allow Preferential Bidder,Organisation Chain,Tender Reference Number,Tender ID,Withdrawal Allowed,Tender Type,Form of contract,Tender Category,No. of Covers,General Technical Evaluation Allowed,ItemWise Technical Evaluation Allowed,Payment Mode,Is Multi Currency Allowed For BOQ,Is Multi Currency Allowed For Fee,Allow Two Stage Bidding,Tender Stage
"SE,UKID,Borigumma",Internal,"Divisional Accountant , Estimator",Narendra Kumar Sitha,19-May-2026 11:43 PM,techsummary_585758.pdf (151.71 KB),1,3442567,ANAND KUMAR HOTA,30-Mar-2026 01:21 PM,Rejected-AOC,Disqualified in transparent lottery system.,29-Aug-2026 11:55 AM,20-May-2026,"INR 1,033,148",60.0,Narendra Kumar Sitha,29-Aug-2026 11:55 AM,WO01.pdf (239.00 KB),Work Order,Finance,Bid Opening Summary,Narendra Kumar Sitha,19-May-2026 11:41 PM,finance_585758.pdf,BOQ Comparative Chart,1.0,3442560.0,Sunil Kumar Hota,INR,"1,033,148",CE AND BM IK BASIN BARINIPUT JEYPORE||Upper Kolab Project Bariniput||Upper Kolab Irrigation Division Borigumma,2026_UPIDB_127464_1,SEUKID-05/2025-26 (SL01),"Extension of Office building of U.K. Irrigation Division, Borigumma","SE,UKID,Borigumma",Internal,"Divisional Accountant , Estimator",Narendra Kumar Sitha,19-May-2026 11:47 PM,finsummary_585758.pdf (263.40 KB),AOC,"SE UKIDIVN, Borigumma,Dist-Koraput","Office of the Superintending Engineer, U.K.I.Division,Borigumma, Dist- Koraput, PIN 764056",1.0,Fee/PreQual/Technical/Finance,.pdf,"Affidavit, GST Registration Certificate, GSTIN, PAN and Contractor RC, No Relation Certificate, etc.","10,400",Yes,fixed,,Nil,Nil,20-Mar-2026 11:00 AM,31-Mar-2026 11:00 AM,20-Mar-2026 11:00 AM,30-Mar-2026 05:00 PM,NA ,NA ,20-Mar-2026 11:00 AM,30-Mar-2026 05:00 PM,1.0,ICICI BANK,"6,000",Nil,Nil,No,"Extension of Office building of U.K. Irrigation Division, Borigumma","Extension of Office building of U.K. Irrigation Division, Borigumma",AS PER DTCN ,NA ,"10,33,148",Civil Works - Buildings,NA ,Tender,90.0,60.0,BORIGUMMA,764056.0,NA ,NA ,NA ,"Office of the SE UKIDIVN, Borigumma,Dist-Koraput",No ,No,CE AND BM IK BASIN BARINIPUT JEYPORE||Upper Kolab Project Bariniput||Upper Kolab Irrigation Division Borigumma,SEUKID-05/2025-26 (SL01),2026_UPIDB_127464_1,Yes,Open Tender,Percentage,Works,1.0,No,No,Online,No,No,No,AOC
,,,,,,2,3442582,ANITA MAHAKHUDA,29-Mar-2026 07:33 PM,Rejected-AOC,Disqualified in transparent lottery system.,29-Aug-2026 11:55 AM,,,,,,,,,,,,,,,,,,,,,,,,,,,,,AOC,,,,,.pdf,"Tender cost, EMD, undertaking, Check list, and any other documents as per DTCN.",,,,,,,,,,,,,,,2.0,ICICI NEFT/RTGS,,,,,,,,,,,,,,,,,,,,,,,,,,,,,,,,,,,,,AOC
,,,,,,3,3442098,BIJAY KUMAR PANDA,30-Mar-2026 10:40 AM,Rejected-AOC,Disqualified in transparent lottery system.,29-Aug-2026 11:55 AM,,,,,,,,,,,,,,,,,,,,,,,,,,,,,AOC,,,,,.xls,BOQ,,,,,,,,,,,,,,,,,,,,,,,,,,,,,,,,,,,,,,,,,,,,,,,,,,,,,AOC
,,,,,,4,3443800,BISWAJEET BHUYAN,30-Mar-2026 02:30 PM,Rejected-AOC,Disqualified in transparent lottery system.,29-Aug-2026 11:55 AM,,,,,,,,,,,,,,,,,,,,,,,,,,,,,AOC,,,,,,,,,,,,,,,,,,,,,,,,,,,,,,,,,,,,,,,,,,,,,,,,,,,,,,,,,,,AOC
,,,,,,5,3443612,HEMANTA TRIPATHY,30-Mar-2026 01:21 PM,Rejected-AOC,Disqualified in transparent lottery system.,29-Aug-2026 11:55 AM,,,,,,,,,,,,,,,,,,,,,,,,,,,,,AOC,,,,,,,,,,,,,,,,,,,,,,,,,,,,,,,,,,,,,,,,,,,,,,,,,,,,,,,,,,,AOC
,,,,,,6,3443638,JEETENDRA KUMAR MOHAPATRA,30-Mar-2026 02:07 PM,Rejected-AOC,Disqualified in transparent lottery system.,29-Aug-2026 11:55 AM,,,,,,,,,,,,,,,,,,,,,,,,,,,,,AOC,,,,,,,,,,,,,,,,,,,,,,,,,,,,,,,,,,,,,,,,,,,,,,,,,,,,,,,,,,,AOC
,,,,,,7,3443298,KIRAN KUMAR PATNAIK,30-Mar-2026 11:08 AM,Rejected-AOC,Disqualified in transparent lottery system.,29-Aug-2026 11:55 AM,,,,,,,,,,,,,,,,,,,,,,,,,,,,,AOC,,,,,,,,,,,,,,,,,,,,,,,,,,,,,,,,,,,,,,,,,,,,,,,,,,,,,,,,,,,AOC
,,,,,,8,3443715,PRADEEP KUMAR BEHERA,30-Mar-2026 01:57 PM,Rejected-AOC,Disqualified in transparent lottery system.,29-Aug-2026 11:55 AM,,,,,,,,,,,,,,,,,,,,,,,,,,,,,AOC,,,,,,,,,,,,,,,,,,,,,,,,,,,,,,,,,,,,,,,,,,,,,,,,,,,,,,,,,,,AOC
,,,,,,9,3442560,Sunil Kumar Hota,30-Mar-2026 12:35 PM,Accepted-AOC,Qualified in transparent lottery system.,29-Aug-2026 11:55 AM,,,,,,,,,,,,,,,,,,,,,,,,,,,,,AOC,,,,,,,,,,,,,,,,,,,,,,,,,,,,,,,,,,,,,,,,,,,,,,,,,,,,,,,,,,,AOC
,,,,,,10,3443339,SWAPNA BISOI,30-Mar-2026 11:40 AM,Rejected-AOC,Disqualified in transparent lottery system.,29-Aug-2026 11:55 AM,,,,,,,,,,,,,,,,,,,,,,,,,,,,,AOC,,,,,,,,,,,,,,,,,,,,,,,,,,,,,,,,,,,,,,,,,,,,,,,,,,,,,,,,,,,AOC
,,,,,,11,3443850,ZAJNASENI HOTA,30-Mar-2026 02:34 PM,Rejected-AOC,Disqualified in transparent lottery system.,29-Aug-2026 11:55 AM,,,,,,,,,,,,,,,,,,,,,,,,,,,,,AOC,,,,,,,,,,,,,,,,,,,,,,,,,,,,,,,,,,,,,,,,,,,,,,,,,,,,,,,,,,,AOC
