Tender Fee in ₹,Fee Payable To,Fee Payable At,Tender Fee Exemption Allowed,Organisation Chain,Tender Reference Number,Tender ID,Withdrawal Allowed,Tender Type,Form of contract,Tender Category,No. of Covers,General Technical Evaluation Allowed,ItemWise Technical Evaluation Allowed,Payment Mode,Is Multi Currency Allowed For BOQ,Is Multi Currency Allowed For Fee,Allow Two Stage Bidding,Title,Work Description,Pre Qualification Details,Independent External Monitor/Remarks,Tender Value in ₹,Product Category,Sub category,Contract Type,Bid Validity(Days),Period Of Work(Days),Location,Pincode,Pre Bid Meeting Place,Pre Bid Meeting Address,Pre Bid Meeting Date,Bid Opening Place,Should Allow NDA Tender,Allow Preferential Bidder,S.No,Bank Name,Publish Date,Bid Opening Date,Document Download / Sale Start Date,Document Download / Sale End Date,Clarification Start Date,Clarification End Date,Bid Submission Start Date,Bid Submission End Date,Financial Bid Opening Date,Cover No,Cover,Document Type,Description,Name,Address,EMD Amount in ₹,EMD Exemption Allowed,EMD Fee Type,EMD Percentage,EMD Payable To,EMD Payable At,Tender Stage,Contract Date :,Total Contract Value :,Work Completion Period in days :,Updated By :,Updated on :,AOC document :,AOC Description :,Type :,Summary :,Updated By :.1,Updated On :,Document :,BOQ Comparative Chart :,S.No,Bid Number,Bidder Name,Awarded Currency,Awarded Value,Type :.1,Summary :.1,Updated By :.2,Updated On :.1,Document :.1,Committee Chairperson/Co-ordinator Name :,Committee Chairperson/Co-ordinator Type :,Committee Members :,Updated By :.3,Updated on :.1,Document :.2,Organisation Chain :,Tender ID :,Tender Ref No :,Tender Title :,S.No.1,Bid Number.1,Bidder Name.1,Submitted Date,Status,Remarks,Status Updated On,Committee Chairperson/Co-ordinator Name :.1,Committee Chairperson/Co-ordinator Type :.1,Committee Members :.1,Updated By :.4,Updated On :.2,Financial Bid Opening Date:,Document :.3,Tender Stage
"10,000",Nil,Nil,No,Rourkela Municipal Corporation,MC/RMC/36/2026,2026_RMC_128918_2,Yes,Open Tender,Percentage,Works,2.0,No,No,Online,No,No,No,Development of Government Primary School Hirakud Colony Uditnagar ward No 28 Under RMC ROURKELA,Works,Please refer Tender documents. ,NA ,"59,68,000",Civil Works - Others,NA ,Tender,90.0,NA ,Rourkela,769012.0,NA ,NA ,NA ,"Rourkela Municipal Corporation, Rourkela",No ,No,1.0,ICICI BANK,07-May-2026 06:00 PM,22-May-2026 09:00 AM,07-May-2026 06:00 PM,21-May-2026 05:00 PM,NA ,NA ,07-May-2026 06:00 PM,21-May-2026 05:00 PM,12-Jun-2026 02:25 PM,1.0,Fee/PreQual/Technical,.pdf,"Registration Certificate, Affidavit, PAN, GST, EMD, Paper Cost and other documents as per DTCN","Municipal Commissioner, RMC","Rourkela Municipal Corporation, Rourkela","59,680",Yes,fixed,,Nil,Nil,AOC,12-Aug-2026,"INR 5,968,464.01",180.0,Birendra Nanda,12-Aug-2026 11:37 AM,BID36.pdf (1925.00 KB),Awarded to Hema Minz,Finance,EMD refund,Birendra Nanda,12-Aug-2026 10:59 AM,finance_590070.pdf,BOQ Comparative Chart,1.0,3493388.0,HEMA MINZ,INR,"5,968,464.01",Technical,EMD refund,Birendra Nanda,12-Jun-2026 01:51 PM,technical_590070.pdf,Commissioner,External,"Audit Officer, Executive Engineer, Superintending Engineer, Joint Commissioner",Birendra Nanda,12-Aug-2026 11:17 AM,finsummary_590070.pdf (1925.31 KB),Rourkela Municipal Corporation,2026_RMC_128918_2,MC/RMC/36/2026,Development of Government Primary School Hirakud Colony Uditnagar ward No 28 Under RMC ROURKELA,1,3479913,BIBHU BUSAN BEURA,08-May-2026 11:16 PM,Rejected-Finance,By The Tender Committee,12-Aug-2026 11:17 AM,Commissioner,External,"Audit Officer, Executive Engineer, Superintending Engineer, Joint Commissioner",Birendra Nanda,12-Jun-2026 02:17 PM,12-Jun-2026 02:25 PM,techsummary_590070.pdf (1333.01 KB),AOC
,,,,,,,,,,,,,,,,,,,,,,,,,,,,,,,,,,,,2.0,ICICI NEFT/RTGS,,,,,,,,,,2.0,Finance,.xls,BOQ,,,,,,,,,AOC,,,,,,,,,,,,,,,,,,,,,,,,,,,,,,,,,,2,3493084,DEEPAK KUMAR ROUT,19-May-2026 11:33 AM,Rejected-Finance,By The Tender Committee,12-Aug-2026 11:17 AM,,,,,,,,AOC
,,,,,,,,,,,,,,,,,,,,,,,,,,,,,,,,,,,,,,,,,,,,,,,,,,,,,,,,,,,AOC,,,,,,,,,,,,,,,,,,,,,,,,,,,,,,,,,,3,3498637,GAYATRI INFRASTRUCTURE PROJECTS,21-May-2026 02:49 PM,Rejected-Finance,By The Tender Committee,12-Aug-2026 11:17 AM,,,,,,,,AOC
,,,,,,,,,,,,,,,,,,,,,,,,,,,,,,,,,,,,,,,,,,,,,,,,,,,,,,,,,,,AOC,,,,,,,,,,,,,,,,,,,,,,,,,,,,,,,,,,4,3493388,HEMA MINZ,19-May-2026 12:57 PM,Accepted-AOC,By The Tender Committee,12-Aug-2026 11:37 AM,,,,,,,,AOC
,,,,,,,,,,,,,,,,,,,,,,,,,,,,,,,,,,,,,,,,,,,,,,,,,,,,,,,,,,,AOC,,,,,,,,,,,,,,,,,,,,,,,,,,,,,,,,,,5,3493212,JITENDRA KUMAR RATH,19-May-2026 12:04 PM,Rejected-Finance,By The Tender Committee,12-Aug-2026 11:17 AM,,,,,,,,AOC
,,,,,,,,,,,,,,,,,,,,,,,,,,,,,,,,,,,,,,,,,,,,,,,,,,,,,,,,,,,AOC,,,,,,,,,,,,,,,,,,,,,,,,,,,,,,,,,,6,3495591,KAILASH CHANDRA SAMAL,20-May-2026 01:09 PM,Rejected-Finance,By The Tender Committee,12-Aug-2026 11:17 AM,,,,,,,,AOC
,,,,,,,,,,,,,,,,,,,,,,,,,,,,,,,,,,,,,,,,,,,,,,,,,,,,,,,,,,,AOC,,,,,,,,,,,,,,,,,,,,,,,,,,,,,,,,,,7,3479441,KALANDI CHARAN SWAIN,15-May-2026 11:23 AM,Rejected-Finance,By The Tender Committee,12-Aug-2026 11:17 AM,,,,,,,,AOC
,,,,,,,,,,,,,,,,,,,,,,,,,,,,,,,,,,,,,,,,,,,,,,,,,,,,,,,,,,,AOC,,,,,,,,,,,,,,,,,,,,,,,,,,,,,,,,,,8,3493616,MANOJ KUMAR NAYAK,19-May-2026 01:59 PM,Rejected-Finance,By The Tender Committee,12-Aug-2026 11:17 AM,,,,,,,,AOC
,,,,,,,,,,,,,,,,,,,,,,,,,,,,,,,,,,,,,,,,,,,,,,,,,,,,,,,,,,,AOC,,,,,,,,,,,,,,,,,,,,,,,,,,,,,,,,,,9,3499340,NALINI KANTA ROUT,21-May-2026 03:45 PM,Rejected-Finance,By The Tender Committee,12-Aug-2026 11:17 AM,,,,,,,,AOC
,,,,,,,,,,,,,,,,,,,,,,,,,,,,,,,,,,,,,,,,,,,,,,,,,,,,,,,,,,,AOC,,,,,,,,,,,,,,,,,,,,,,,,,,,,,,,,,,10,3497103,PRATIK BHUYAN,20-May-2026 11:42 PM,Rejected-Finance,By The Tender Committee,12-Aug-2026 11:17 AM,,,,,,,,AOC
,,,,,,,,,,,,,,,,,,,,,,,,,,,,,,,,,,,,,,,,,,,,,,,,,,,,,,,,,,,AOC,,,,,,,,,,,,,,,,,,,,,,,,,,,,,,,,,,11,3498574,PURNIMA ROUT,21-May-2026 01:26 PM,Rejected-Finance,By The Tender Committee,12-Aug-2026 11:17 AM,,,,,,,,AOC
,,,,,,,,,,,,,,,,,,,,,,,,,,,,,,,,,,,,,,,,,,,,,,,,,,,,,,,,,,,AOC,,,,,,,,,,,,,,,,,,,,,,,,,,,,,,,,,,12,3488159,SUBHALAGNA CONSTRUCTION,13-May-2026 09:40 PM,Rejected-Finance,By The Tender Committee,12-Aug-2026 11:17 AM,,,,,,,,AOC
,,,,,,,,,,,,,,,,,,,,,,,,,,,,,,,,,,,,,,,,,,,,,,,,,,,,,,,,,,,AOC,,,,,,,,,,,,,,,,,,,,,,,,,,,,,,,,,,13,3497844,SUSANTA KUMAR SETHI,21-May-2026 11:27 AM,Rejected-Finance,By The Tender Committee,12-Aug-2026 11:17 AM,,,,,,,,AOC
,,,,,,,,,,,,,,,,,,,,,,,,,,,,,,,,,,,,,,,,,,,,,,,,,,,,,,,,,,,AOC,,,,,,,,,,,,,,,,,,,,,,,,,,,,,,,,,,14,3499074,SUSHIL KUMAR SINGH,21-May-2026 03:02 PM,Rejected-Finance,By The Tender Committee,12-Aug-2026 11:17 AM,,,,,,,,AOC
,,,,,,,,,,,,,,,,,,,,,,,,,,,,,,,,,,,,,,,,,,,,,,,,,,,,,,,,,,,AOC,,,,,,,,,,,,,,,,,,,,,,,,,,,,,,,,,,15,3494092,SWASTIK CONSTRUCTION,20-May-2026 01:28 PM,Rejected-Finance,By The Tender Committee,12-Aug-2026 11:17 AM,,,,,,,,AOC
,,,,,,,,,,,,,,,,,,,,,,,,,,,,,,,,,,,,,,,,,,,,,,,,,,,,,,,,,,,AOC,,,,,,,,,,,,,,,,,,,,,,,,,,,,,,,,,,16,3498706,"TRILOK NATH CONSTRUCTION ,PROPRIETOR - ANAND CHANDEL",21-May-2026 02:15 PM,Rejected-Finance,By The Tender Committee,12-Aug-2026 11:17 AM,,,,,,,,AOC
