block_lgd,dtname,dtcode11,block_name,object_id,block_area,max,mean,count,sum
03276,Anugul,384,ANUGUL,21-384-03276,1116,0.3303593873977661,0.20706734162573992,964,199.6129173272133
03277,Anugul,384,ATHMALLIK,21-384-03277,1027,0.20290847444534302,0.11682681439970286,892,104.20951844453495
03278,Anugul,384,BANARPAL,21-384-03278,257,0.4152688517212868,0.31237438270436146,221,69.03473857766389
03279,Anugul,384,CHHENDIPADA,21-384-03279,954,0.23187184242010117,0.18208989282354998,832,151.49879082919358
03280,Anugul,384,KANIHA,21-384-03280,713,0.4152688517212868,0.19856168730197515,621,123.30680781452656
03281,Anugul,384,KISHORENAGAR,21-384-03281,844,0.19217234809398653,0.0769671145201583,731,56.26296071423572
03282,Anugul,384,PALALAHADA,21-384-03282,1175,0.4376000158905983,0.2304069683593324,1016,234.0934798530817
03283,Anugul,384,TALACHER,21-384-03283,287,0.4152688517212868,0.34737106771986803,251,87.19013799768688
03284,Balangir,393,AGALPUR,21-393-03284,323,0.14062117214202882,0.12556271031626634,280,35.157558888554576
03285,Balangir,393,BALANGIR,21-393-03285,450,0.12753173736333848,0.08636466568992546,386,33.336760956311224
03286,Balangir,393,BANGOMUNDA,21-393-03286,345,0.15728000030517578,0.13787393641939197,301,41.50005486223698
03287,Balangir,393,BELPARA,21-393-03287,563,0.11038320882320404,0.10818673870758932,488,52.79512848930359
03288,Balangir,393,DEOGAON,21-393-03288,489,0.12753173736333848,0.08346450179725957,427,35.63934226742984
03289,Balangir,393,GUDVELLA,21-393-03289,248,0.20426917278766632,0.09002804709065636,212,19.085945983219148
03290,Balangir,393,KHAPRAKHOL,21-393-03290,641,0.1792,0.10047345497733838,555,55.762767512422805
03291,Balangir,393,LOISINGA,21-393-03291,382,0.14062117214202882,0.09397148048426654,333,31.29250300126076
03292,Balangir,393,MURIBAHAL,21-393-03292,472,0.15728000030517578,0.12810299542802558,407,52.13791913920641
03293,Balangir,393,PATNAGARH,21-393-03293,645,0.14062117214202882,0.1203148623494491,562,67.6169526403904
03294,Balangir,393,PUINTALA,21-393-03294,343,0.17219179618358613,0.07274267356684715,297,21.6045740493536
03295,Balangir,393,SAINTALA,21-393-03295,627,0.16900351451635362,0.0941476392589164,539,50.74557756055594
03296,Balangir,393,TITLAGARH,21-393-03296,490,0.15728000030517578,0.14462436101818876,421,60.88685598865747
03297,Balangir,393,TUREKELA,21-393-03297,531,0.11038320882320404,0.10527936695380169,456,48.00739133093357
03298,Baleshwar,377,BAHANAGA,21-377-03298,238,0.2179105793476105,0.21729247347391573,208,45.196834482574474
03299,Baleshwar,377,BALESHWAR,21-377-03299,429,0.22405335574150087,0.2148106350233983,373,80.12436686372757
03300,Baleshwar,377,BALIAPAL,21-377-03300,301,0.3812764686107636,0.13832615212451368,263,36.3797780087471
03301,Baleshwar,377,BASTA,21-377-03301,266,0.3812764686107636,0.2960064828223371,235,69.56152346324922
03302,Baleshwar,377,BHOGRAI,21-377-03302,333,0.41002532191276553,0.30834336863654466,293,90.34460701050759
03303,Baleshwar,377,JALESWAR,21-377-03303,376,0.3995204079627991,0.37988647878578896,328,124.60276504173878
03304,Baleshwar,377,KHAIRA,21-377-03304,331,0.2735238560676575,0.2735007004282617,287,78.4947010229111
03305,Baleshwar,377,NILGIRI,21-377-03305,343,0.26607551099061966,0.22076292435854875,298,65.78735145884752
03306,Baleshwar,377,OUPADA,21-377-03306,332,0.2735238560676575,0.24761766822193734,289,71.5615061161399
03307,Baleshwar,377,REMUNA,21-377-03307,300,0.22134044857025148,0.19554214452252244,264,51.623126153945925
03308,Baleshwar,377,SIMULIA,21-377-03308,209,0.2735238560676575,0.2512484435035337,186,46.73221049165727
03309,Baleshwar,377,SORO,21-377-03309,258,0.2735238560676575,0.22641264012872653,226,51.16925666909219
03310,Bargarh,370,AMBABHONA,21-370-03310,645,0.19784941563010217,0.10895895727544186,569,61.997646689726416
03311,Bargarh,370,ATTABIRA,21-370-03311,628,0.1823688024662435,0.08297158585642335,543,45.05357112003788
03312,Bargarh,370,BARGARH,21-370-03312,286,0.15848787722587587,0.13449796295484223,251,33.7589887016654
03313,Bargarh,370,BARPALI,21-370-03313,384,0.15848787722587587,0.12062589212820204,334,40.28904797081948
03314,Bargarh,370,BHATLI,21-370-03314,390,0.19784941563010217,0.07677657695423185,339,26.027259587484597
03315,Bargarh,370,BHEDEN,21-370-03315,371,0.1352143011689186,0.09668158304132062,324,31.32483290538788
03316,Bargarh,370,BIJEPUR,21-370-03316,328,0.15848787722587587,0.1424438901927507,282,40.1691770343557
03317,Bargarh,370,GAISILET,21-370-03317,393,0.14062117214202882,0.13915910021018738,342,47.592412271884086
03318,Bargarh,370,JHARBANDH,21-370-03318,525,0.1792,0.14042057699685567,455,63.891362533569335
03319,Bargarh,370,PADAMPUR,21-370-03319,600,0.14062117214202882,0.13766369431487435,525,72.27343951530904
03320,Bargarh,370,PAIKMAL,21-370-03320,698,0.1792,0.149056801493434,607,90.47747850651444
03321,Bargarh,370,SOHELLA,21-370-03321,589,0.19784941563010217,0.13646023943268812,512,69.86764258953632
03322,Bhadrak,378,BASUDEVPUR,21-378-03322,500,0.2428066351890564,0.22713585442799702,431,97.89555325846672
03323,Bhadrak,378,BHADRAK,21-378-03323,351,0.2735238560676575,0.2526114822949795,302,76.2886676530838
03324,Bhadrak,378,BHANDARIPOKHARI,21-378-03324,248,0.26512116694450377,0.2512159080175085,218,54.76506794781685
03325,Bhadrak,378,BONTH,21-378-03325,255,0.2735238560676575,0.2635000805880342,224,59.024018051719665
03326,Bhadrak,378,CHANDABALI,21-378-03326,601,0.26512116694450377,0.2274946135804086,517,117.61471522107124
03327,Bhadrak,378,DHAMANAGAR,21-378-03327,241,0.26512116694450377,0.25263922544226264,211,53.30687656831741
03328,Bhadrak,378,TIHIDI,21-378-03328,310,0.2650151194572449,0.24530624242409568,271,66.47799169692993
03329,Boudh,391,BOUDH,21-391-03329,916,0.22439294771552087,0.09281343110858797,798,74.0651180246532
03330,Boudh,391,HARABHANGA,21-391-03330,1174,0.20290847444534302,0.08414305990200793,1019,85.74177804014609
03331,Boudh,391,KANTAMAL,21-391-03331,1012,0.22439294771552087,0.16927116520002214,872,147.6044560544193
03332,Cuttack,381,ATHAGAD,21-381-03332,424,0.3431836184978485,0.3109102495262107,370,115.03679232469797
03333,Cuttack,381,BADAMBA,21-381-03333,368,0.2477106139957905,0.21948032279408813,316,69.35578200293185
03334,Cuttack,381,BANKI,21-381-03334,200,0.3431836184978485,0.14824161741511765,172,25.497558195400238
03335,Cuttack,381,BANKI- DAMPARA,21-381-03335,319,0.3431836184978485,0.20328453390482518,278,56.513100425541396
03336,Cuttack,381,BARANGA,21-381-03336,68,0.3431836184978485,0.3431836184978485,57,19.561466254377365
03337,Cuttack,381,CUTTACKSADAR,21-381-03337,362,0.3431836184978485,0.20962091382627301,312,65.40172511379718
03338,Cuttack,381,KANTAPADA,21-381-03338,119,0.11724963514804841,0.11724963514804841,106,12.428461325693132
03339,Cuttack,381,MAHANGA,21-381-03339,203,0.2102453652381897,0.15571919033121925,172,26.78370073696971
03340,Cuttack,381,NARASINGHPUR,21-381-03340,637,0.2477106139957905,0.21289786091103827,556,118.37121066653728
03341,Cuttack,381,NIALI,21-381-03341,205,0.19206531649827957,0.13497484723788142,174,23.485623419391366
03342,Cuttack,381,NISCHINTA KOILI,21-381-03342,224,0.2102453652381897,0.15311212510624075,193,29.550640145504467
03343,Cuttack,381,SALEPUR,21-381-03343,242,0.2102453652381897,0.20171948877744517,212,42.764531620818374
03344,Cuttack,381,TANGI CHOUDWAR,21-381-03344,370,0.3431836184978485,0.21772814248066974,317,69.01982116637231
03345,Cuttack,381,TIGIRIA,21-381-03345,115,0.17907680708169937,0.17907680708169935,103,18.444911129415033
03346,Deogarh,373,BARKOTE,21-373-03346,943,0.24201080102920533,0.08728860769146767,822,71.75123552238642
03347,Deogarh,373,REAMAL,21-373-03347,1002,0.13693129566162826,0.08716676869781567,873,76.09658907319309
03348,Deogarh,373,TILEIBANI,21-373-03348,1011,0.13693129566162826,0.09723262529983408,882,85.75917551445366
03349,Dhenkanal,383,BHUBAN,21-383-03349,234,0.49650234813690186,0.4180610211873054,200,83.61220423746109
03350,Dhenkanal,383,DHENKANAL SADAR,21-383-03350,471,0.4811087519645691,0.2730273248698324,406,110.84909389715196
03351,Dhenkanal,383,GONDIA,21-383-03351,672,0.18015043802261355,0.1797693423186553,586,105.344834598732
03352,Dhenkanal,383,HINDOL,21-383-03352,766,0.4811087519645691,0.32072020124327866,665,213.2789338267803
03353,Dhenkanal,383,KAMAKHYANAGAR,21-383-03353,590,0.49650234813690186,0.43906808911908507,516,226.5591339854479
03354,Dhenkanal,383,KANKADA HAD,21-383-03354,872,0.49650234813690186,0.4292435184244615,753,323.2203693736195
03355,Dhenkanal,383,ODAPADA,21-383-03355,377,0.4811087519645691,0.35910173788203137,333,119.58087871471645
03356,Dhenkanal,383,PARJANG,21-383-03356,476,0.4811087519645691,0.4166438755081006,413,172.07392058484555
03357,Gajapati,389,GOSANI,21-389-03357,235,0.1394408203601837,0.11417579942336809,203,23.177687282943722
03358,Gajapati,389,GUMMA,21-389-03358,390,0.1394408203601837,0.10902208820283413,336,36.63142163615227
03359,Gajapati,389,KASINAGAR,21-389-03359,225,0.2010635928630829,0.12372951145740514,194,24.0035252227366
03360,Gajapati,389,MOHANA,21-389-03360,1442,0.2644987141609192,0.1880961270596074,1243,233.803485935092
03361,Gajapati,389,NUAGADA,21-389-03361,522,0.18137701840400697,0.11505087477306349,452,52.0029953974247
03362,Gajapati,389,R.UDAYAGIRI,21-389-03362,684,0.18137701840400697,0.14899273942565552,586,87.30974530343414
03363,Gajapati,389,RAYAGADA,21-389-03363,634,0.10535727996826172,0.08739958350785283,545,47.63277301177979
03364,Ganjam,388,ASKA,21-388-03364,175,0.23861389961242677,0.2123374124921466,152,32.27528669880628
03365,Ganjam,388,BEGUNIAPADA,21-388-03365,227,0.23861389961242677,0.1894289828690187,196,37.12808064232767
03366,Ganjam,388,BELLAGUNTHA,21-388-03366,234,0.3075211263448,0.19899009010225385,201,39.997008110553026
03367,Ganjam,388,BHANJANAGAR,21-388-03367,732,0.3075211263448,0.13242997243585364,634,83.96060252433121
03368,Ganjam,388,BUGUDA,21-388-03368,445,0.3075211263448,0.24143819104007538,381,91.98795078626873
03369,Ganjam,388,CHATRAPUR,21-388-03369,247,0.18424345951080323,0.08542159592774182,216,18.451064720392232
03370,Ganjam,388,CHIKITI,21-388-03370,311,0.13284069914817812,0.10710628525000562,263,28.168953020751477
03371,Ganjam,388,DHARAKOTE,21-388-03371,459,0.23861389961242677,0.21617133164613142,391,84.52299067363738
03372,Ganjam,388,DIGAPAHANDI,21-388-03372,465,0.22954171572923662,0.11671168073454022,405,47.26823069748879
03373,Ganjam,388,GANJAM,21-388-03373,289,0.18424345951080323,0.169503982749939,250,42.375995687484746
03374,Ganjam,388,HINJILICUT,21-388-03374,224,0.18424345951080323,0.18375763466734635,190,34.913950586795806
03375,Ganjam,388,JAGANNATHPRASAD,21-388-03375,813,0.3075211263448,0.28658158423511493,710,203.4729248069316
03376,Ganjam,388,KABISURYANAGAR,21-388-03376,163,0.23861389961242677,0.20043451083293862,138,27.65996249494553
03377,Ganjam,388,KHALLIKOTE,21-388-03377,366,0.1894298692137003,0.13484439004431892,316,42.610827254004775
03378,Ganjam,388,KUKUDAKHANDI,21-388-03378,287,0.18369072465896608,0.14098576280158542,247,34.8234834119916
03379,Ganjam,388,PATRAPUR,21-388-03379,514,0.18137701840400697,0.07761162010627715,440,34.149112846761945
03380,Ganjam,388,POLOSARA,21-388-03380,435,0.23861389961242677,0.21323283579704116,374,79.74908058809339
03381,Ganjam,388,PURUSHOTTAMPUR,21-388-03381,262,0.18424345951080323,0.18395358078850643,225,41.389555677413945
03382,Ganjam,388,RANGEILUNDA,21-388-03382,231,0.13284069914817812,0.11725224975834088,196,22.981440952634813
03383,Ganjam,388,SANAKHEMUNDI,21-388-03383,360,0.22954171572923662,0.2219493944467473,307,68.13846409515142
03384,Ganjam,388,SHERAGADA,21-388-03384,114,0.22954171572923662,0.19838084801157704,103,20.433227345192435
03385,Ganjam,388,SURADA,21-388-03385,1040,0.24152037684917452,0.18006406746693834,895,161.1573403829098
03386,Jagatsinghapur,380,BALIKUDA,21-380-03386,307,0.19206531649827957,0.15611355869734064,265,41.37009305479527
03387,Jagatsinghapur,380,BIRIDI,21-380-03387,115,0.2102453652381897,0.13050587905436448,97,12.659070268273354
03388,Jagatsinghapur,380,ERASAMA,21-380-03388,375,0.24007131989002228,0.18848504497313207,324,61.06915457129479
03389,Jagatsinghapur,380,JAGATSINGHPUR,21-380-03389,187,0.19206531649827957,0.17883571430829967,164,29.329057146561144
03390,Jagatsinghapur,380,KUJANG,21-380-03390,284,0.24007131989002228,0.18808900319140806,242,45.51753877232075
03391,Jagatsinghapur,380,NAUGAON,21-380-03391,123,0.19206531649827957,0.17856214118401212,108,19.284711247873307
03392,Jagatsinghapur,380,RAGHUNATHPUR,21-380-03392,115,0.19206531649827957,0.18901161521867826,98,18.52313829143047
03393,Jagatsinghapur,380,TIRTOL,21-380-03393,229,0.24007131989002228,0.19753134658743837,202,39.90133201066255
03394,Jajapur,382,BADCHANA,21-382-03394,380,0.2102453652381897,0.16993342563452316,331,56.24796388502716
03395,Jajapur,382,BARI,21-382-03395,193,0.26512116694450377,0.2072110141511323,169,35.01866139154136
03396,Jajapur,382,BINJHARPUR,21-382-03396,179,0.26512116694450377,0.2434254039791739,157,38.2177884247303
03397,Jajapur,382,DAHRMASALA,21-382-03397,321,0.2503121232748032,0.17225012758996178,276,47.54103521482945
03398,Jajapur,382,DANAGADI,21-382-03398,385,0.49650234813690186,0.2554175261401845,334,85.30945373082162
03399,Jajapur,382,DASARATHAPUR,21-382-03399,240,0.26512116694450377,0.25670941257362734,209,53.65226722788811
03400,Jajapur,382,JAJPUR,21-382-03400,212,0.2569294336795807,0.17237464207462644,184,31.716934141731265
03401,Jajapur,382,KOREI,21-382-03401,323,0.2569294336795807,0.2518553311893656,277,69.76392673945428
03402,Jajapur,382,RASULPUR,21-382-03402,162,0.2569294336795807,0.17176639782559705,142,24.39082849123478
03403,Jajapur,382,SUKINDA,21-382-03403,502,0.49650234813690186,0.38121152804082936,438,166.97064928188325
03404,Jharsuguda,371,JHARSUGUDA,21-371-03404,433,0.22150356311798097,0.1650805140872081,375,61.90519278270305
03405,Jharsuguda,371,KIRMIRA,21-371-03405,205,0.22150356311798097,0.17323731054761318,177,30.663003966927533
03406,Jharsuguda,371,KOLABIRA,21-371-03406,233,0.14796034433245658,0.1450785292848297,207,30.03125556195975
03407,Jharsuguda,371,LAIKERA,21-371-03407,302,0.1518144096136093,0.15077499964421487,262,39.5030499067843
03408,Jharsuguda,371,LAKHANPUR,21-371-03408,968,0.1823688024662435,0.15822588296032242,849,134.33377463331374
03409,Kalahandi,395,BHAWANIPATNA,21-395-03409,826,0.1392100153028965,0.09689713664280698,710,68.79696701639295
03410,Kalahandi,395,DHARAMAGARH,21-395-03410,391,0.10836672980785371,0.07314428004935516,337,24.649622376632692
03411,Kalahandi,395,GOLAMUNDA,21-395-03411,727,0.15728000030517578,0.08625281561675427,631,54.42552665417195
03412,Kalahandi,395,JAYAPATNA,21-395-03412,508,0.16125761345624925,0.13444529037380978,441,59.290373054850114
03413,Kalahandi,395,JUNAGARH,21-395-03413,638,0.1392100153028965,0.11794011556824267,549,64.74912344696523
03414,Kalahandi,395,KALAMPUR,21-395-03414,150,0.15101971650123597,0.12735676887373926,125,15.919596109217407
03415,Kalahandi,395,KARLAMUNDA,21-395-03415,199,0.16900351451635362,0.139632137799263,178,24.854520528268814
03416,Kalahandi,395,KESINGA,21-395-03416,587,0.16900351451635362,0.13839467474168,506,70.02770541929007
03417,Kalahandi,395,KOKASARA,21-395-03417,495,0.18043224240243436,0.11179254385849911,427,47.73541622757912
03418,Kalahandi,395,LANJIGARH,21-395-03418,998,0.1623920176172629,0.12122430062504612,864,104.73779574003984
03419,Kalahandi,395,MADANPUR RAMPUR,21-395-03419,863,0.2519611275076866,0.17538989287688925,740,129.78852072889805
03420,Kalahandi,395,NARALA,21-395-03420,406,0.16900351451635362,0.11743001634250368,350,41.10050571987629
03421,Kalahandi,395,THUAMUL RAM PUR,21-395-03421,1111,0.16317630577087402,0.1506356497221544,963,145.06213068243468
03422,Kandhamal,390,BALIGUDA,21-390-03422,852,0.2519611275076866,0.2057283387651971,741,152.44469902501106
03423,Kandhamal,390,CHAKAPAD,21-390-03423,427,0.20119841352701187,0.1377808999367736,374,51.53005657635332
03424,Kandhamal,390,DARINGIBADI,21-390-03424,1330,0.2644987141609192,0.214609030796115,1148,246.37116735394002
03425,Kandhamal,390,G.UDAYAGIRI,21-390-03425,209,0.20119841352701187,0.11464302398552442,179,20.521101293408872
03426,Kandhamal,390,K.NUAGAN,21-390-03426,636,0.21416135234832764,0.18762043479216817,547,102.62837783131599
03427,Kandhamal,390,KHAJURIPADA,21-390-03427,625,0.20119841352701187,0.09363674429797175,539,50.470205176606775
03428,Kandhamal,390,KOTAGARH,21-390-03428,853,0.2644987141609192,0.24685931459876062,736,181.68845554468783
03429,Kandhamal,390,PHIRINGIA,21-390-03429,1094,0.22439294771552087,0.20491189368117643,953,195.28103467816115
03430,Kandhamal,390,PHULBANI,21-390-03430,429,0.22439294771552087,0.15893076026024194,373,59.28117357707025
03431,Kandhamal,390,RAIKIA,21-390-03431,532,0.20119841352701187,0.11780551580352035,458,53.95492623801232
03432,Kandhamal,390,TIKABALI,21-390-03432,275,0.20119841352701187,0.18389825646663327,234,43.03219201319219
03433,Kandhamal,390,TUMUDIBANDH,21-390-03433,758,0.2519611275076866,0.20922352969737962,653,136.6229648923889
03434,Kendrapara,379,AUL,21-379-03434,226,0.26512116694450377,0.26183244202498884,196,51.31915863689781
03435,Kendrapara,379,DERABISH,21-379-03435,171,0.23722308119237423,0.15511148242739833,150,23.26672236410975
03436,Kendrapara,379,GARADAPUR,21-379-03436,137,0.24007131989002228,0.17340255152306008,114,19.76789087362885
03437,Kendrapara,379,KENDRAPADA,21-379-03437,247,0.23722308119237423,0.23022685161507625,217,49.95922680047155
03438,Kendrapara,379,MAHAKALAPADA,21-379-03438,523,0.2628773993611336,0.1975909774574867,455,89.90389474315644
03439,Kendrapara,379,MARSAGHAI,21-379-03439,148,0.24007131989002228,0.2298287358105183,129,29.64790691955686
03440,Kendrapara,379,PATTAMUNDAI,21-379-03440,282,0.26512116694450377,0.2476695063189177,236,58.45000349126458
03441,Kendrapara,379,RAJKANIKA,21-379-03441,262,0.26512116694450377,0.2650291845873197,225,59.631566532146934
03442,Kendrapara,379,RAJNAGAR,21-379-03442,537,0.2650151194572449,0.25752035578474186,473,121.80712828618289
03443,Kendujhar,375,ANANDAPUR,21-375-03443,568,0.27278544845581054,0.2359707303871894,489,115.38968715933562
03444,Kendujhar,375,BANSAPAL,21-375-03444,1285,0.4376000158905983,0.2603721840908296,1125,292.91870710218325
03445,Kendujhar,375,CHAMPUA,21-375-03445,449,0.20930996532440185,0.18309356217665548,390,71.40648924889564
03446,Kendujhar,375,GHASIPURA,21-375-03446,369,0.27278544845581054,0.2553099709235363,322,82.2098106373787
03447,Kendujhar,375,GHATGAON,21-375-03447,843,0.3755258049011231,0.17768517793020458,736,130.77629095663056
03448,Kendujhar,375,HARICHADANPUR,21-375-03448,1014,0.49650234813690186,0.3309989265565598,882,291.9410532228858
03449,Kendujhar,375,HATADIHI,21-375-03449,435,0.27278544845581054,0.2687234633233202,380,102.11491606286168
03450,Kendujhar,375,JHUMPURA,21-375-03450,463,0.22847999612987044,0.19865052051926535,410,81.44671341289879
03451,Kendujhar,375,JODA,21-375-03451,677,0.23720445305034518,0.2182496845733926,587,128.11256484458147
03452,Kendujhar,375,KENDUJHAR SADAR,21-375-03452,568,0.306024051515013,0.1941851971476041,491,95.34493179947361
03453,Kendujhar,375,PATANA,21-375-03453,426,0.2558630596160889,0.20027785525354722,373,74.7036400095731
03454,Kendujhar,375,SAHARAPADA,21-375-03454,322,0.2558630596160889,0.2423406532577773,281,68.09772356543542
03455,Kendujhar,375,TELKOI,21-375-03455,881,0.4376000158905983,0.39407020999546083,770,303.43406169650484
03456,Khordha,386,BALIANTA,21-386-03456,135,0.20227358564138415,0.12010758306379078,119,14.292802384591104
03457,Khordha,386,BALIPATNA,21-386-03457,142,0.11724963514804841,0.11583205494888128,120,13.899846593865753
03458,Khordha,386,BANAPUR,21-386-03458,490,0.20174034991264345,0.12588744020624787,423,53.250387207242845
03459,Khordha,386,BEGUNIA,21-386-03459,388,0.20227358564138415,0.12117758651734108,336,40.7156690698266
03460,Khordha,386,BHUBANESWAR,21-386-03460,455,0.3431836184978485,0.21929268937843802,392,85.9627342363477
03461,Khordha,386,BOLAGARH,21-386-03461,245,0.18597795653343202,0.16288327526893662,211,34.36837108174563
03462,Khordha,386,CHILIKA,21-386-03462,114,0.04312793205529451,0.04312793205529451,99,4.269665273474157
03463,Khordha,386,JATNI,21-386-03463,225,0.20227358564138415,0.18843519678329612,191,35.99112258560956
03464,Khordha,386,KHORDHA,21-386-03464,293,0.20227358564138415,0.12566358792702978,257,32.29554209724665
03465,Khordha,386,TANGI,21-386-03465,394,0.12440772461891175,0.11273801502933993,336,37.879973049858215
03466,Koraput,398,BANDHUGAON,21-398-03466,409,0.16884113969802858,0.10593959758508138,358,37.926375935459134
03467,Koraput,398,BOIPARIGUDA,21-398-03467,1074,0.2985254935026169,0.24546664875049523,916,224.84745025545362
03468,Koraput,398,BORIGUMMA,21-398-03468,640,0.2723178706288338,0.21936476583544584,547,119.99252691198888
03469,Koraput,398,DASAMANTAPUR,21-398-03469,939,0.24414076102972032,0.19465060122145258,805,156.69373398326934
03470,Koraput,398,JEYPORE,21-398-03470,481,0.2985254935026169,0.2714245891682366,408,110.74123238064053
03471,Koraput,398,KORAPUT,21-398-03471,541,0.2985254935026169,0.2307610688182412,467,107.76541913811865
03472,Koraput,398,KOTPAD,21-398-03472,474,0.2723178706288338,0.2253279278053307,410,92.38445040018559
03473,Koraput,398,KUNDURA,21-398-03473,376,0.2985254935026169,0.254227459286903,322,81.86124189038277
03474,Koraput,398,LAMTAPUT,21-398-03474,646,0.2985254935026169,0.20251391318937148,552,111.78768008053305
03475,Koraput,398,LAXMIPUR,21-398-03475,489,0.19787467825412752,0.16803011727937756,414,69.56446855366231
03476,Koraput,398,NANDAPUR,21-398-03476,694,0.24414076102972032,0.1887238804862105,592,111.72453724783661
03477,Koraput,398,NARAYAN PATANA,21-398-03477,544,0.19787467825412752,0.15907451757884383,467,74.28779970932007
03478,Koraput,398,POTTANGI,21-398-03478,523,0.22516137440204623,0.13005217403999358,446,58.003269621837134
03479,Koraput,398,SEMILIGUDA,21-398-03479,559,0.24414076102972032,0.20476623691774912,480,98.28779372051957
03480,Malkangiri,399,KALIMELA,21-399-03480,1205,0.18279122490882874,0.1228531294706969,1026,126.04731083693503
03481,Malkangiri,399,KHAIRAPUT,21-399-03481,462,0.14339055243730545,0.14251282588177258,396,56.43507904918194
03482,Malkangiri,399,KORUKONDA,21-399-03482,1004,0.13830548075437546,0.1062226040638818,857,91.0327716827467
03483,Malkangiri,399,CHITRAKONDA,21-399-03483,1027,0.14339055243730545,0.10766562539394456,877,94.42275347048938
03484,Malkangiri,399,MALKANGIRI,21-399-03484,597,0.12160237444788217,0.115933584403696,514,59.58986238349974
03485,Malkangiri,399,MATHILI,21-399-03485,719,0.23455948944091798,0.1429370534807613,616,88.04922494414896
03486,Malkangiri,399,PODIA,21-399-03486,768,0.18279122490882874,0.12744768348622432,656,83.60568036696316
03487,Mayurbhanj,376,BADASAHI,21-376-03487,352,0.28747364468574527,0.21392098449323046,303,64.81805830144883
03488,Mayurbhanj,376,BAHALDA,21-376-03488,268,0.36075683875083925,0.1494091048718531,231,34.51350322539807
03489,Mayurbhanj,376,BANGRIPOSI,21-376-03489,850,0.40774702334403995,0.37648891849195637,740,278.6017996840477
03490,Mayurbhanj,376,BARIPADA,21-376-03490,296,0.2988098595350981,0.21188323861105102,259,54.877758800262214
03491,Mayurbhanj,376,BETNOTI,21-376-03491,315,0.22405335574150087,0.22046773204083064,278,61.29002950735092
03492,Mayurbhanj,376,BIJATALA,21-376-03492,301,0.36075683875083925,0.35150262169810653,262,92.09368688490392
03493,Mayurbhanj,376,BISOI,21-376-03493,343,0.40774702334403995,0.3550099814045586,304,107.92303434698582
03494,Mayurbhanj,376,GOPABANDHUNAGAR,21-376-03494,174,0.28747364468574527,0.2139300046692421,154,32.945220719063286
03495,Mayurbhanj,376,JAMDA,21-376-03495,232,0.36075683875083925,0.10864834171384574,208,22.598855076479914
03496,Mayurbhanj,376,JOSHIPUR,21-376-03496,890,0.40774702334403995,0.29334918482632794,775,227.34561824040415
03497,Mayurbhanj,376,KAPTIPADA,21-376-03497,545,0.2735238560676575,0.2641805703370391,478,126.2783126211047
03498,Mayurbhanj,376,KARANJIA,21-376-03498,686,0.2558630596160889,0.23865167664839826,600,143.19100598903896
03499,Mayurbhanj,376,KHUNTA,21-376-03499,236,0.28747364468574527,0.2706346766766657,203,54.93883936536313
03500,Mayurbhanj,376,KULIANA,21-376-03500,334,0.40774702334403995,0.25238377781605964,293,73.94844690010548
03501,Mayurbhanj,376,KUSUMI,21-376-03501,323,0.38041954703330993,0.26519225902860666,283,75.04940930509568
03502,Mayurbhanj,376,MORADA,21-376-03502,313,0.2988098595350981,0.2470587589070256,271,66.95292366380394
03503,Mayurbhanj,376,RAIRANGPUR,21-376-03503,269,0.36075683875083925,0.3014939675580554,238,71.75556427881719
03504,Mayurbhanj,376,RARUAN,21-376-03504,162,0.15762868678569794,0.15762868678569794,145,22.8561595839262
03505,Mayurbhanj,376,RASGOVINDPUR,21-376-03505,237,0.3812764686107636,0.24292012928581236,200,48.58402585716247
03506,Mayurbhanj,376,SAMAKHUNTA,21-376-03506,804,0.40774702334403995,0.2969909369269328,702,208.48763772270684
03507,Mayurbhanj,376,SARASKANA,21-376-03507,341,0.3501461090683937,0.32183004777411683,301,96.87084438000916
03508,Mayurbhanj,376,SUKRULI,21-376-03508,205,0.2558630596160889,0.22339044608935882,178,39.76349940390587
03509,Mayurbhanj,376,SULIAPADA,21-376-03509,348,0.2988098595350981,0.2689016829365434,307,82.55281666151882
03510,Mayurbhanj,376,THAKURMUNDA,21-376-03510,966,0.27278544845581054,0.23974451888130796,843,202.1046294169426
03511,Mayurbhanj,376,TIRING,21-376-03511,173,0.056444884443283085,0.05644488444328309,151,8.523177550935747
03512,Mayurbhanj,376,UDALA,21-376-03512,448,0.28747364468574527,0.26821092734983204,391,104.87047259378433
03513,Nabarangpur,397,CHANDAHANDI,21-397-03513,241,0.10836672980785371,0.1053389084260638,205,21.59447622734308
03514,Nabarangpur,397,DABUGAM,21-397-03514,387,0.20192235755920412,0.15850802350524104,336,53.25869589776099
03515,Nabarangpur,397,JHARIGAM,21-397-03515,917,0.18043224240243436,0.12188239554020038,793,96.6527396633789
03516,Nabarangpur,397,KOSAGUMUDA,21-397-03516,655,0.21762280390262606,0.16634490133366314,571,94.98293866152166
03517,Nabarangpur,397,NABARANGPUR,21-397-03517,289,0.20504999972581864,0.20504999972581867,246,50.44229993255139
03518,Nabarangpur,397,NANDAHANDI,21-397-03518,187,0.20504999972581864,0.17049094791067657,166,28.30149735317231
03519,Nabarangpur,397,PAPADAHANDI,21-397-03519,558,0.20504999972581864,0.18373442305057058,479,88.0087886412233
03520,Nabarangpur,397,RAIGHAR,21-397-03520,818,0.2626020642280579,0.18419867161037481,706,130.04426215692462
03521,Nabarangpur,397,TENTULIKHUNTI,21-397-03521,366,0.20504999972581864,0.16064038308479223,314,50.44108028862476
03522,Nabarangpur,397,UMERKOTE,21-397-03522,1035,0.2626020642280579,0.14341748271981314,884,126.78105472431481
03523,Nayagarh,385,BHAPUR,21-385-03523,228,0.18597795653343202,0.18597795653343205,197,36.63765743708611
03524,Nayagarh,385,DASAPALLA,21-385-03524,914,0.29831662445068363,0.2084214403520003,785,163.61083067632023
03525,Nayagarh,385,GANIA,21-385-03525,404,0.29831662445068363,0.2001330757948485,352,70.44684267978667
03526,Nayagarh,385,KHANDAPARA,21-385-03526,366,0.29831662445068363,0.24014777282007282,310,74.44580957422258
03527,Nayagarh,385,NAYAGARH,21-385-03527,297,0.29831662445068363,0.1973883052262225,258,50.926182748365406
03528,Nayagarh,385,NUAGAON,21-385-03528,594,0.3075211263448,0.2855537246650111,515,147.06016820248072
03529,Nayagarh,385,ODAGAON,21-385-03529,497,0.3075211263448,0.19313120858232039,426,82.27389485606848
03530,Nayagarh,385,RANAPUR,21-385-03530,597,0.18597795653343202,0.1295742451675077,515,66.73073626126647
03531,Nuapada,394,BODEN,21-394-03531,689,0.16729037995338442,0.14895928300264316,593,88.33285482056739
03532,Nuapada,394,KHARIAR,21-394-03532,411,0.10436993255615234,0.08570425894967579,354,30.339307668185228
03533,Nuapada,394,KOMNA,21-394-03533,1166,0.16218272910118103,0.12724073239677725,1009,128.38589898834823
03534,Nuapada,394,NUAPADA,21-394-03534,903,0.1792,0.0977409778666146,783,76.53118566955924
03535,Nuapada,394,SINAPALI,21-394-03535,676,0.16729037995338442,0.09804128024005403,587,57.550231500911714
03536,Puri,387,ASTARANGA,21-387-03536,156,0.17181055352687838,0.1679925412262811,135,22.67899306554795
03537,Puri,387,BRAHMAGIRI,21-387-03537,383,0.10457533975839615,0.05165769795294267,332,17.150355720376968
03538,Puri,387,DELANGA,21-387-03538,203,0.20227358564138415,0.06147928488358855,180,11.066271279045939
03539,Puri,387,GOP,21-387-03539,281,0.17181055352687838,0.10903023343525155,243,26.494346724766125
03540,Puri,387,KAKAT PUR,21-387-03540,217,0.17181055352687838,0.13296523393680681,188,24.99746398011968
03541,Puri,387,KANAS,21-387-03541,222,0.12426284546256065,0.07566825989530036,191,14.45263764000237
03542,Puri,387,KRUSHNAPRASAD,21-387-03542,1007,0.12426284546256065,0.06081829363788116,867,52.72946058404297
03543,Puri,387,NIMAPADA,21-387-03543,322,0.17181055352687838,0.10923715528317497,276,30.149454858156293
03544,Puri,387,PIPILI,21-387-03544,208,0.20227358564138415,0.09851123754206963,178,17.535000282488394
03545,Puri,387,SADAR,21-387-03545,283,0.11016173415221274,0.03277069031661224,244,7.996048437253386
03546,Puri,387,SATYABADI,21-387-03546,190,0.11016173415221274,0.06065664239766775,160,9.70506278362684
03547,Rayagada,396,BISSAMCUTTACK,21-396-03547,746,0.18785704431533815,0.14489214520943916,649,94.03500224092602
03548,Rayagada,396,CHANDRAPUR,21-396-03548,832,0.2644987141609192,0.17612632089705724,719,126.63482472498416
03549,Rayagada,396,GUDARI,21-396-03549,535,0.18785704431533815,0.1692806396082239,458,77.53053294056654
03550,Rayagada,396,GUNUPUR,21-396-03550,601,0.18785704431533815,0.12084657034887825,516,62.35683030002117
03551,Rayagada,396,KALYANSINGPUR,21-396-03551,566,0.1925164316892624,0.1662205141764674,483,80.28450834723375
03552,Rayagada,396,KASIPUR,21-396-03552,1393,0.19787467825412752,0.16906193298916466,1194,201.85994798906262
03553,Rayagada,396,KOLNARA,21-396-03553,455,0.1925164316892624,0.14892757636100906,389,57.93282720443253
03554,Rayagada,396,MUNIGUDA,21-396-03554,592,0.24507150416374207,0.14116288598072999,505,71.28725742026865
03555,Rayagada,396,PADMAPUR,21-396-03555,425,0.18785704431533815,0.14914916708367867,364,54.29029681845904
03556,Rayagada,396,RAMANAGUDA,21-396-03556,372,0.18785704431533815,0.17355530830825136,315,54.669922117099176
03557,Rayagada,396,RAYAGADA,21-396-03557,825,0.1925164316892624,0.15061460865049242,703,105.88206988129618
03558,Sambalpur,372,BAMRA,21-372-03558,657,0.1524440569460392,0.1284965011008955,573,73.62849513081312
03559,Sambalpur,372,DHANKAUDA,21-372-03559,497,0.1823688024662435,0.16077249080458306,439,70.57912346321196
03560,Sambalpur,372,JAMANKIRA,21-372-03560,990,0.19873289076685907,0.16738580142219123,867,145.1234898330398
03561,Sambalpur,372,JUJOMURA,21-372-03561,715,0.19873289076685907,0.13442027313832955,621,83.47498961890265
03562,Sambalpur,372,KUCHINDA,21-372-03562,532,0.14796034433245658,0.11280711669108044,468,52.793730611425644
03563,Sambalpur,372,MANESWAR,21-372-03563,444,0.19873289076685907,0.14117891401946545,381,53.78916624141633
03564,Sambalpur,372,NAKTIDEUL,21-372-03564,1165,0.19873289076685907,0.10819529627451281,1013,109.60183512608148
03565,Sambalpur,372,RAIRAKHOL,21-372-03565,1083,0.12788198497891426,0.09724798964316414,935,90.92687031635847
03566,Sambalpur,372,RENGALI,21-372-03566,498,0.19873289076685907,0.1474808973447533,435,64.15419034496769
03567,Sonepur,392,BINIKA,21-392-03567,335,0.1352143011689186,0.13360247063368663,289,38.611114013135435
03568,Sonepur,392,BIRMAHARAJPUR,21-392-03568,414,0.11191331728696824,0.10478914931810625,359,37.61930460520014
03569,Sonepur,392,DUNGURIPALI,21-392-03569,295,0.1352143011689186,0.12691662480817284,258,32.744489200508596
03570,Sonepur,392,SONEPUR,21-392-03570,378,0.17219179618358613,0.15140168999462328,331,50.11395938822031
03571,Sonepur,392,TARBHA,21-392-03571,333,0.20426917278766632,0.16223471829291106,294,47.69700717811585
03572,Sonepur,392,ULLUNDA,21-392-03572,607,0.1352143011689186,0.11669147719475705,526,61.379717004442206
03573,Sundargarh,374,BALISANKARA,21-374-03573,692,0.19880392370224,0.14482804993672113,598,86.60717386215924
03574,Sundargarh,374,BARGAON,21-374-03574,418,0.1518144096136093,0.12444986503203054,363,45.17530100662709
03575,Sundargarh,374,BISRA,21-374-03575,351,0.20314891873300076,0.19064057966630374,308,58.71729853722155
03576,Sundargarh,374,BONAIGARH,21-374-03576,433,0.1339705790489912,0.09726378271748808,379,36.86297364992798
03577,Sundargarh,374,GURUNDIA,21-374-03577,1216,0.20381658660173418,0.09778502508694861,1066,104.23883674268723
03578,Sundargarh,374,HEMGIR,21-374-03578,885,0.22150356311798097,0.16584126352577408,778,129.02450302305223
03579,Sundargarh,374,KOIDA,21-374-03579,798,0.23720445305034518,0.22222267532669895,699,155.33365005336256
03580,Sundargarh,374,KUARMUNDA,21-374-03580,588,0.22659118800461292,0.16136377009414782,521,84.07052421905101
03581,Sundargarh,374,KUTRA,21-374-03581,370,0.22659118800461292,0.14739233548813985,326,48.04990136913359
03582,Sundargarh,374,LAHUNIPARA,21-374-03582,865,0.24201080102920533,0.16559694847268122,754,124.86009914840163
03583,Sundargarh,374,LATHIKATA,21-374-03583,465,0.20381658660173418,0.12907423535489349,408,52.66228802479654
03584,Sundargarh,374,LEPHRIPARA,21-374-03584,535,0.22150356311798097,0.1732855367459131,462,80.05791797661185
03585,Sundargarh,374,NUAGAON,21-374-03585,434,0.20314891873300076,0.1789387687249545,376,67.2809770405829
03586,Sundargarh,374,RAJGANGPUR,21-374-03586,583,0.1524440569460392,0.132846662775132,510,67.75179801531732
03587,Sundargarh,374,SUBDEGA,21-374-03587,381,0.22150356311798097,0.12280473059516335,338,41.50799894116521
03588,Sundargarh,374,SUNDARGARH,21-374-03588,380,0.22150356311798097,0.18489847144633986,329,60.831597105845816
03589,Sundargarh,374,TANGARPALI,21-374-03589,331,0.22150356311798097,0.1716594545402009,297,50.98285799843967
