S.No,Bank Name,Organisation Chain,Tender Reference Number,Tender ID,Withdrawal Allowed,Tender Type,Form of contract,Tender Category,No. of Covers,General Technical Evaluation Allowed,ItemWise Technical Evaluation Allowed,Payment Mode,Is Multi Currency Allowed For BOQ,Is Multi Currency Allowed For Fee,Allow Two Stage Bidding,Tender Fee in ₹,VAT Charges in ₹,Fee Payable To,Fee Payable At,Tender Fee Exemption Allowed,Cover No,Cover,Document Type,Description,S.No.1,Corrigendum Title,Corrigendum Type,View,Name,Address,Title,Work Description,Pre Qualification Details,Independent External Monitor/Remarks,Tender Value in ₹,Product Category,Sub category,Contract Type,Bid Validity(Days),Period Of Work(Days),Location,Pincode,Pre Bid Meeting Place,Pre Bid Meeting Address,Pre Bid Meeting Date,Bid Opening Place,Should Allow NDA Tender,Allow Preferential Bidder,EMD Amount in ₹,EMD Exemption Allowed,EMD Fee Type,EMD Percentage,EMD Payable To,EMD Payable At,Publish Date,Bid Opening Date,Document Download / Sale Start Date,Document Download / Sale End Date,Clarification Start Date,Clarification End Date,Bid Submission Start Date,Bid Submission End Date,Tender Stage,Committee Chairperson/Co-ordinator Name :,Committee Chairperson/Co-ordinator Type :,Committee Members :,Updated By :,Updated on :,Document :,Committee Chairperson/Co-ordinator Name :.1,Committee Chairperson/Co-ordinator Type :.1,Committee Members :.1,Updated By :.1,Updated On :,Document :.1,Organisation Chain :,Tender ID :,Tender Ref No :,Tender Title :,S.No,Bid Number,Bidder Name,Awarded Currency,Awarded Value,S.No.1,Bid Number.1,Bidder Name.1,Submitted Date,Status,Remarks,Status Updated On,Contract Date :,Total Contract Value :,Work Completion Period in days :,Updated By :.2,Updated on :.1,AOC document :,Type :,Summary :,Updated By :.3,Updated On :.1,Document :.2,BOQ Comparative Chart :,Tender Stage
1.0,ICICI BANK,CE RW I||RWCIRCLE-KENDRAPARA||RWDIVISION II-KENDRAPARA,E PROCUREMENT NOTICE NO.RWD-II/KPD-17/25-26,2026_CERWI_125151_25,Yes,Open Tender,Percentage,Works,1.0,No,No,Online,No,No,No,"6,000",0.0,Nil,Nil,No,1.0,Fee/PreQual/Technical/Finance,.pdf,"License, Pan, GST, Affidavit etc as per DTCN",1.0,2nd corrigendum,Date,,"S.E R.W Division-II, Kendrapara, near New Medical","S.E R.W Division-II, Kendrapara, near New Medical",S/R to Badagara to Sanagara via Anoli road for the year 2025-26,S/R to Badagara to Sanagara via Anoli road for the year 2025-26,Please refer Tender documents. ,NA ,"16,81,000",Civil Works - Roads,NA ,Tender,90.0,30.0,Kendrapda,754211.0,NA ,NA ,NA ,"S.E R.W Division-II, Kendrapara, near New Medical",No ,No,"16,810",Yes,fixed,,Nil,Nil,29-Jul-2026 04:28 PM,11-Feb-2026 11:00 AM,29-Jan-2026 01:00 PM,10-Feb-2026 05:00 PM,29-Jan-2026 01:00 PM ,09-Feb-2026 05:00 PM ,29-Jan-2026 01:00 PM,10-Feb-2026 05:00 PM,AOC,"SE RW Division-II, Kendrapara",Internal,,Suraj Biswal,08-Mar-2026 03:49 PM,finsummary_578140.pdf (225.55 KB),"SE RW Division-II, Kendrapara",Internal,,Suraj Biswal,08-Mar-2026 03:42 PM,techsummary_578140.pdf (225.55 KB),CE RW I||RWCIRCLE-KENDRAPARA||RWDIVISION II-KENDRAPARA,2026_CERWI_125151_25,E PROCUREMENT NOTICE NO.RWD-II/KPD-17/25-26,S/R to Badagara to Sanagara via Anoli road for the year 2025-26,1.0,3381104.0,MD SHAWEZ ZAMAN,INR,"1,680,687",1,3381700,A A CONSTRCTION,05-Feb-2026 12:21 PM,Rejected-Finance,Not Qualified,08-Mar-2026 03:49 PM,18-Jun-2026,"INR 1,680,687",30.0,Suraj Biswal,18-Jun-2026 07:28 AM,Badagara.pdf (109.00 KB),Finance,Admitted,Suraj Biswal,08-Mar-2026 03:38 PM,finance_578140.pdf,BOQ Comparative Chart,AOC
2.0,ICICI NEFT/RTGS,,,,,,,,,,,,,,,,,,,,,,.xls,BOQ,,,,,,,,,,,,,,,,,,,,,,,,,,,,,,,,,,,,,,,AOC,,,,,,,,,,,,,,,,,,,,,,2,3388894,ABHAYA KUMAR DAS,09-Feb-2026 08:27 PM,Rejected-Finance,Not Qualified,08-Mar-2026 03:49 PM,,,,,,,,,,,,,AOC
,,,,,,,,,,,,,,,,,,,,,,,,,,,,,,,,,,,,,,,,,,,,,,,,,,,,,,,,,,,,,,,AOC,,,,,,,,,,,,,,,,,,,,,,3,3380589,BIBEKANANDA SWAIN,06-Feb-2026 06:19 PM,Rejected-Finance,Not Qualified,08-Mar-2026 03:49 PM,,,,,,,,,,,,,AOC
,,,,,,,,,,,,,,,,,,,,,,,,,,,,,,,,,,,,,,,,,,,,,,,,,,,,,,,,,,,,,,,AOC,,,,,,,,,,,,,,,,,,,,,,4,3391240,BIJAYA KUMAR SAHOO,10-Feb-2026 04:29 PM,Rejected-Finance,Not Qualified,08-Mar-2026 03:49 PM,,,,,,,,,,,,,AOC
,,,,,,,,,,,,,,,,,,,,,,,,,,,,,,,,,,,,,,,,,,,,,,,,,,,,,,,,,,,,,,,AOC,,,,,,,,,,,,,,,,,,,,,,5,3386556,DAMAYANTEE PATRA,08-Feb-2026 09:49 PM,Rejected-Finance,Not Qualified,08-Mar-2026 03:49 PM,,,,,,,,,,,,,AOC
,,,,,,,,,,,,,,,,,,,,,,,,,,,,,,,,,,,,,,,,,,,,,,,,,,,,,,,,,,,,,,,AOC,,,,,,,,,,,,,,,,,,,,,,6,3384386,Kedarnath Dalai,07-Feb-2026 08:05 AM,Rejected-Finance,Not Qualified,08-Mar-2026 03:49 PM,,,,,,,,,,,,,AOC
,,,,,,,,,,,,,,,,,,,,,,,,,,,,,,,,,,,,,,,,,,,,,,,,,,,,,,,,,,,,,,,AOC,,,,,,,,,,,,,,,,,,,,,,7,3381104,MD SHAWEZ ZAMAN,04-Feb-2026 10:39 PM,Accepted-AOC,winner,18-Jun-2026 07:28 AM,,,,,,,,,,,,,AOC
,,,,,,,,,,,,,,,,,,,,,,,,,,,,,,,,,,,,,,,,,,,,,,,,,,,,,,,,,,,,,,,AOC,,,,,,,,,,,,,,,,,,,,,,8,3389695,MIR AETSAM UL HAQ,10-Feb-2026 10:13 AM,Rejected-Finance,Not Qualified,08-Mar-2026 03:49 PM,,,,,,,,,,,,,AOC
,,,,,,,,,,,,,,,,,,,,,,,,,,,,,,,,,,,,,,,,,,,,,,,,,,,,,,,,,,,,,,,AOC,,,,,,,,,,,,,,,,,,,,,,9,3389253,MIR MOHAMMED OBEDUR RAHEMAN,10-Feb-2026 08:37 AM,Rejected-Finance,Not Qualified,08-Mar-2026 03:49 PM,,,,,,,,,,,,,AOC
,,,,,,,,,,,,,,,,,,,,,,,,,,,,,,,,,,,,,,,,,,,,,,,,,,,,,,,,,,,,,,,AOC,,,,,,,,,,,,,,,,,,,,,,10,3376210,Mr Manmohan Rout,02-Feb-2026 09:54 AM,Rejected-Finance,Not Qualified,08-Mar-2026 03:49 PM,,,,,,,,,,,,,AOC
,,,,,,,,,,,,,,,,,,,,,,,,,,,,,,,,,,,,,,,,,,,,,,,,,,,,,,,,,,,,,,,AOC,,,,,,,,,,,,,,,,,,,,,,11,3390572,MURALIDHAR SAHOO,10-Feb-2026 02:02 PM,Rejected-Finance,Not Qualified,08-Mar-2026 03:49 PM,,,,,,,,,,,,,AOC
,,,,,,,,,,,,,,,,,,,,,,,,,,,,,,,,,,,,,,,,,,,,,,,,,,,,,,,,,,,,,,,AOC,,,,,,,,,,,,,,,,,,,,,,12,3390493,NIBEDITA NAYAK,10-Feb-2026 01:37 PM,Rejected-Finance,Not Qualified,08-Mar-2026 03:49 PM,,,,,,,,,,,,,AOC
,,,,,,,,,,,,,,,,,,,,,,,,,,,,,,,,,,,,,,,,,,,,,,,,,,,,,,,,,,,,,,,AOC,,,,,,,,,,,,,,,,,,,,,,13,3380526,PITAMBAR DHAL,04-Feb-2026 01:55 PM,Rejected-Finance,Not Qualified,08-Mar-2026 03:49 PM,,,,,,,,,,,,,AOC
,,,,,,,,,,,,,,,,,,,,,,,,,,,,,,,,,,,,,,,,,,,,,,,,,,,,,,,,,,,,,,,AOC,,,,,,,,,,,,,,,,,,,,,,14,3380774,Rajesh Kumar Das,04-Feb-2026 05:44 PM,Rejected-Finance,Not Qualified,08-Mar-2026 03:49 PM,,,,,,,,,,,,,AOC
,,,,,,,,,,,,,,,,,,,,,,,,,,,,,,,,,,,,,,,,,,,,,,,,,,,,,,,,,,,,,,,AOC,,,,,,,,,,,,,,,,,,,,,,15,3380028,SANGRAM SAMAL,04-Feb-2026 07:58 AM,Rejected-Finance,Not Qualified,08-Mar-2026 03:49 PM,,,,,,,,,,,,,AOC
,,,,,,,,,,,,,,,,,,,,,,,,,,,,,,,,,,,,,,,,,,,,,,,,,,,,,,,,,,,,,,,AOC,,,,,,,,,,,,,,,,,,,,,,16,3380112,SASMITA LENKA,06-Feb-2026 09:06 PM,Rejected-Finance,Not Qualified,08-Mar-2026 03:49 PM,,,,,,,,,,,,,AOC
,,,,,,,,,,,,,,,,,,,,,,,,,,,,,,,,,,,,,,,,,,,,,,,,,,,,,,,,,,,,,,,AOC,,,,,,,,,,,,,,,,,,,,,,17,3381177,SK SAIFULLAH,05-Feb-2026 11:13 PM,Rejected-Finance,Not Qualified,08-Mar-2026 03:49 PM,,,,,,,,,,,,,AOC
,,,,,,,,,,,,,,,,,,,,,,,,,,,,,,,,,,,,,,,,,,,,,,,,,,,,,,,,,,,,,,,AOC,,,,,,,,,,,,,,,,,,,,,,18,3389854,Smt. PUSPANJALI JENA Prop. M/s. SRIRAM TRADERS,10-Feb-2026 03:39 PM,Rejected-Finance,Not Qualified,08-Mar-2026 03:49 PM,,,,,,,,,,,,,AOC
,,,,,,,,,,,,,,,,,,,,,,,,,,,,,,,,,,,,,,,,,,,,,,,,,,,,,,,,,,,,,,,AOC,,,,,,,,,,,,,,,,,,,,,,19,3383728,SUSANTA KUMAR KUND,06-Feb-2026 05:06 PM,Rejected-Finance,Not Qualified,08-Mar-2026 03:49 PM,,,,,,,,,,,,,AOC
,,,,,,,,,,,,,,,,,,,,,,,,,,,,,,,,,,,,,,,,,,,,,,,,,,,,,,,,,,,,,,,AOC,,,,,,,,,,,,,,,,,,,,,,20,3389726,SUSANT KUMAR PARIDA,10-Feb-2026 11:04 AM,Rejected-Finance,Not Qualified,08-Mar-2026 03:49 PM,,,,,,,,,,,,,AOC
,,,,,,,,,,,,,,,,,,,,,,,,,,,,,,,,,,,,,,,,,,,,,,,,,,,,,,,,,,,,,,,AOC,,,,,,,,,,,,,,,,,,,,,,21,3387310,UTTAM KUMAR BISWAL,09-Feb-2026 12:23 PM,Rejected-Finance,Not Qualified,08-Mar-2026 03:49 PM,,,,,,,,,,,,,AOC
