S.No,Bid Number,Bidder Name,Awarded Currency,Awarded Value,Type :,Summary :,Updated By :,Updated On :,Document :,BOQ Comparative Chart :,Committee Chairperson/Co-ordinator Name :,Committee Chairperson/Co-ordinator Type :,Committee Members :,Updated By :.1,Updated on :,Document :.1,Organisation Chain :,Tender ID :,Tender Ref No :,Tender Title :,Committee Chairperson/Co-ordinator Name :.1,Committee Chairperson/Co-ordinator Type :.1,Committee Members :.1,Updated By :.2,Updated On :.1,Document :.2,S.No.1,Bid Number.1,Bidder Name.1,Submitted Date,Status,Remarks,Status Updated On,Contract Date :,Total Contract Value :,Work Completion Period in days :,Updated By :.3,Updated on :.1,AOC document :,Tender Stage,Name,Address,Publish Date,Bid Opening Date,Document Download / Sale Start Date,Document Download / Sale End Date,Clarification Start Date,Clarification End Date,Bid Submission Start Date,Bid Submission End Date,Cover No,Cover,Document Type,Description,S.No,Bank Name,Tender Fee in ₹,Fee Payable To,Fee Payable At,Tender Fee Exemption Allowed,Organisation Chain,Tender Reference Number,Tender ID,Withdrawal Allowed,Tender Type,Form of contract,Tender Category,No. of Covers,General Technical Evaluation Allowed,ItemWise Technical Evaluation Allowed,Payment Mode,Is Multi Currency Allowed For BOQ,Is Multi Currency Allowed For Fee,Allow Two Stage Bidding,EMD Amount in ₹,EMD Exemption Allowed,EMD Fee Type,EMD Percentage,EMD Payable To,EMD Payable At,Title,Work Description,Pre Qualification Details,Independent External Monitor/Remarks,Tender Value in ₹,Product Category,Sub category,Contract Type,Bid Validity(Days),Period Of Work(Days),Location,Pincode,Pre Bid Meeting Place,Pre Bid Meeting Address,Pre Bid Meeting Date,Bid Opening Place,Should Allow NDA Tender,Allow Preferential Bidder,Tender Stage
1.0,3445378.0,MAMITA MEHER,INR,"2,849,166",Finance,summary,SANTOSH BAGHSINGH,04-Jun-2026 11:38 AM,finance_585599.pdf,BOQ Comparative Chart,BDO,Internal,,SANTOSH BAGHSINGH,04-Jun-2026 09:40 PM,finsummary_585599.pdf (318.66 KB),Panchayati Raj and Drinking Water Department Odisha||Zilla Parisad Nuapada||KHARIAR Block,2026_PRKHR_127393_1,khr2/26,CONSTRUCTION OF MULTIPURPOSE HALL AT TUKLA OF TUKLA GP OF KHARIAR BLOCK,BDO,Internal,,SANTOSH BAGHSINGH,04-Jun-2026 09:36 PM,techsummary_585599.pdf (318.67 KB),1,3444841,ALOK RANJAN SINGHDEO,31-Mar-2026 07:44 PM,Rejected-AOC,LOTTERY,04-Jun-2026 10:00 PM,04-Jun-2026,"INR 2,849,166",180.0,SANTOSH BAGHSINGH,04-Jun-2026 10:00 PM,bidsummary.pdf (319.00 KB),AOC,BDO KHARIAR,BDO KHARIAR,18-Mar-2026 05:00 PM,06-Apr-2026 06:00 PM,18-Mar-2026 05:00 PM,06-Apr-2026 05:30 PM,NA ,NA ,18-Mar-2026 05:00 PM,06-Apr-2026 05:30 PM,1.0,Fee/PreQual/Technical/Finance,.pdf,NIT,1.0,ICICI BANK,"6,000",Nil,Nil,No,Panchayati Raj and Drinking Water Department Odisha||Zilla Parisad Nuapada||KHARIAR Block,khr2/26,2026_PRKHR_127393_1,Yes,Open Tender,Percentage,Works,1.0,No,No,Online,No,No,No,"28,000",Yes,fixed,,Nil,Nil,CONSTRUCTION OF MULTIPURPOSE HALL AT TUKLA OF TUKLA GP OF KHARIAR BLOCK,CONSTRUCTION OF MULTIPURPOSE HALL AT TUKLA OF TUKLA GP OF KHARIAR BLOCK,Please refer Tender documents. ,NA ,"28,52,019",Civil Works - Buildings,NA ,Tender,180.0,NA ,KHARIAR,766107.0,NA ,NA ,NA ,BDO,No ,No,AOC
,,,,,,,,,,,,,,,,,,,,,,,,,,,2,3442078,BHASKAR BEHERA,28-Mar-2026 06:36 PM,Rejected-AOC,LOTTERY,04-Jun-2026 10:00 PM,,,,,,,AOC,,,,,,,,,,,,,.xls,BOQ,2.0,ICICI NEFT/RTGS,,,,,,,,,,,,,,,,,,,,,,,,,,,,,,,,,,,,,,,,,,,AOC
,,,,,,,,,,,,,,,,,,,,,,,,,,,3,3446265,BIJAYA KUMAR BABU,03-Apr-2026 07:29 PM,Rejected-AOC,LOTTERY,04-Jun-2026 10:00 PM,,,,,,,AOC,,,,,,,,,,,,,.pdf,DTCN,,,,,,,,,,,,,,,,,,,,,,,,,,,,,,,,,,,,,,,,,,,,,AOC
,,,,,,,,,,,,,,,,,,,,,,,,,,,4,3444749,DEBADUTTA JOSHI,31-Mar-2026 04:48 PM,Rejected-AOC,LOTTERY,04-Jun-2026 10:00 PM,,,,,,,AOC,,,,,,,,,,,,,,,,,,,,,,,,,,,,,,,,,,,,,,,,,,,,,,,,,,,,,,,,,,,AOC
,,,,,,,,,,,,,,,,,,,,,,,,,,,5,3438008,DHARITRI BEHERA,29-Mar-2026 10:45 AM,Rejected-AOC,LOTTERY,04-Jun-2026 10:00 PM,,,,,,,AOC,,,,,,,,,,,,,,,,,,,,,,,,,,,,,,,,,,,,,,,,,,,,,,,,,,,,,,,,,,,AOC
,,,,,,,,,,,,,,,,,,,,,,,,,,,6,3446108,HARE KRUSHNASABAR,03-Apr-2026 04:58 PM,Rejected-AOC,LOTTERY,04-Jun-2026 10:00 PM,,,,,,,AOC,,,,,,,,,,,,,,,,,,,,,,,,,,,,,,,,,,,,,,,,,,,,,,,,,,,,,,,,,,,AOC
,,,,,,,,,,,,,,,,,,,,,,,,,,,7,3447617,Jayadeb Meher,05-Apr-2026 08:13 PM,Rejected-AOC,LOTTERY,04-Jun-2026 10:00 PM,,,,,,,AOC,,,,,,,,,,,,,,,,,,,,,,,,,,,,,,,,,,,,,,,,,,,,,,,,,,,,,,,,,,,AOC
,,,,,,,,,,,,,,,,,,,,,,,,,,,8,3441817,Karunakar Majhi,28-Mar-2026 06:30 PM,Rejected-AOC,LOTTERY,04-Jun-2026 10:00 PM,,,,,,,AOC,,,,,,,,,,,,,,,,,,,,,,,,,,,,,,,,,,,,,,,,,,,,,,,,,,,,,,,,,,,AOC
,,,,,,,,,,,,,,,,,,,,,,,,,,,9,3445378,MAMITA MEHER,02-Apr-2026 04:57 PM,Accepted-AOC,LOTTERY,04-Jun-2026 10:00 PM,,,,,,,AOC,,,,,,,,,,,,,,,,,,,,,,,,,,,,,,,,,,,,,,,,,,,,,,,,,,,,,,,,,,,AOC
,,,,,,,,,,,,,,,,,,,,,,,,,,,10,3446261,SANGEETA BABU,03-Apr-2026 07:08 PM,Rejected-AOC,LOTTERY,04-Jun-2026 10:00 PM,,,,,,,AOC,,,,,,,,,,,,,,,,,,,,,,,,,,,,,,,,,,,,,,,,,,,,,,,,,,,,,,,,,,,AOC
,,,,,,,,,,,,,,,,,,,,,,,,,,,11,3444537,SUKRU BAG,31-Mar-2026 04:14 PM,Rejected-AOC,LOTTERY,04-Jun-2026 10:00 PM,,,,,,,AOC,,,,,,,,,,,,,,,,,,,,,,,,,,,,,,,,,,,,,,,,,,,,,,,,,,,,,,,,,,,AOC
