Name,Address,Organisation Chain,Tender Reference Number,Tender ID,Withdrawal Allowed,Tender Type,Form of contract,Tender Category,No. of Covers,General Technical Evaluation Allowed,ItemWise Technical Evaluation Allowed,Payment Mode,Is Multi Currency Allowed For BOQ,Is Multi Currency Allowed For Fee,Allow Two Stage Bidding,Tender Fee in ₹,Fee Payable To,Fee Payable At,Tender Fee Exemption Allowed,S.No,Bank Name,Publish Date,Bid Opening Date,Document Download / Sale Start Date,Document Download / Sale End Date,Clarification Start Date,Clarification End Date,Bid Submission Start Date,Bid Submission End Date,Title,Work Description,Pre Qualification Details,Independent External Monitor/Remarks,Tender Value in ₹,Product Category,Sub category,Contract Type,Bid Validity(Days),Period Of Work(Days),Location,Pincode,Pre Bid Meeting Place,Pre Bid Meeting Address,Pre Bid Meeting Date,Bid Opening Place,Should Allow NDA Tender,Allow Preferential Bidder,Cover No,Cover,Document Type,Description,EMD Amount in ₹,EMD Exemption Allowed,EMD Fee Type,EMD Percentage,EMD Payable To,EMD Payable At,Tender Stage,Committee Chairperson/Co-ordinator Name :,Committee Chairperson/Co-ordinator Type :,Committee Members :,Updated By :,Updated On :,Document :,Committee Chairperson/Co-ordinator Name :.1,Committee Chairperson/Co-ordinator Type :.1,Committee Members :.1,Updated By :.1,Updated on :,Document :.1,Type :,Summary :,Updated By :.2,Updated On :.1,Document :.2,BOQ Comparative Chart :,S.No,Bid Number,Bidder Name,Submitted Date,Status,Remarks,Status Updated On,S.No.1,Bid Number.1,Bidder Name.1,Awarded Currency,Awarded Value,Organisation Chain :,Tender ID :,Tender Ref No :,Tender Title :,Contract Date :,Total Contract Value :,Work Completion Period in days :,Updated By :.3,Updated on :.1,AOC document :,AOC Description :,Tender Stage
"BDO,SADAR,DHENKANAL","Sadar Block Office, Dhenkanal",Panchayati Raj and Drinking Water Department Odisha||Zilla Parisad Dhenkanal||DHENKANAL (SADAR) Block,DSB-03/2025-26,2026_PRBDN_127333_15,Yes,Open Tender,Percentage,Works,1.0,No,No,Online,No,No,No,"6,000",Nil,Nil,No,1.0,ICICI BANK,17-Mar-2026 10:00 AM,31-Mar-2026 11:00 AM,17-Mar-2026 10:00 AM,30-Mar-2026 05:00 PM,17-Mar-2026 10:00 AM ,30-Mar-2026 03:00 PM ,17-Mar-2026 10:00 AM,30-Mar-2026 05:00 PM,CONSTRUCTION OF ADDITIONAL CLASSROOM AT MAHISAPAT ASHRAM SCHOOL,CONSTRUCTION OF ADDITIONAL CLASSROOM,Please refer Tender documents. ,NA ,"12,12,786",Civil Works - Buildings,NA ,Tender,120.0,180.0,"Sadar Block,Dhenkanal",759001.0,NA ,NA ,NA ,"Sadar Block Office,Dhenkanal",No ,No,1.0,Fee/PreQual/Technical/Finance,.pdf,"EMD,GST,RC,PAN,AFFIDAVIT etc. as per DTCN","12,128",Yes,percentage,1.0%,Nil,Nil,AOC,BDO,Internal,AEE BFO SO AE JE DA,RAHUL MANDAL,21-Apr-2026 05:30 PM,techsummary_585430.pdf (429.27 KB),BDO,Internal,AEEs BFO SO,RAHUL MANDAL,05-Jun-2026 03:54 PM,finsummary_585430.pdf (737.82 KB),Finance,"opened in presence of BDO, AEEs, BFO, SO, Concerned AE/JE, D.A Development.",RAHUL MANDAL,16-Apr-2026 09:22 AM,,BOQ Comparative Chart,1,3444149,Ahalya Rout,30-Mar-2026 04:55 PM,Rejected-AOC,Transparent Lottery,05-Jun-2026 03:59 PM,1.0,3440198.0,Jagadananda Rout,INR,"1,212,786.504",Panchayati Raj and Drinking Water Department Odisha||Zilla Parisad Dhenkanal||DHENKANAL (SADAR) Block,2026_PRBDN_127333_15,DSB-03/2025-26,CONSTRUCTION OF ADDITIONAL CLASSROOM AT MAHISAPAT ASHRAM SCHOOL,05-Jun-2026,"INR 1,212,786.504",180.0,RAHUL MANDAL,05-Jun-2026 03:59 PM,mahishapatworkorder.pdf (586.00 KB),Transparent Lottery,AOC
,,,,,,,,,,,,,,,,,,,,2.0,ICICI NEFT/RTGS,,,,,,,,,,,,,,,,,,,,,,,,,,,,,.xls,BOQ,,,,,,,AOC,,,,,,,,,,,,,,,,,,,2,3441676,ANGADA KUMAR NAYAK,27-Mar-2026 01:40 PM,Rejected-AOC,Transparent Lottery,05-Jun-2026 03:59 PM,,,,,,,,,,,,,,,,,AOC
,,,,,,,,,,,,,,,,,,,,,,,,,,,,,,,,,,,,,,,,,,,,,,,,,,,,,,,,,,AOC,,,,,,,,,,,,,,,,,,,3,3442597,AVAYA KUMAR ROUT,29-Mar-2026 11:29 PM,Rejected-AOC,Transparent Lottery,05-Jun-2026 03:59 PM,,,,,,,,,,,,,,,,,AOC
,,,,,,,,,,,,,,,,,,,,,,,,,,,,,,,,,,,,,,,,,,,,,,,,,,,,,,,,,,AOC,,,,,,,,,,,,,,,,,,,4,3442925,BICHITRANANDA MOHANTY,30-Mar-2026 07:10 AM,Rejected-AOC,Transparent Lottery,05-Jun-2026 03:59 PM,,,,,,,,,,,,,,,,,AOC
,,,,,,,,,,,,,,,,,,,,,,,,,,,,,,,,,,,,,,,,,,,,,,,,,,,,,,,,,,AOC,,,,,,,,,,,,,,,,,,,5,3442429,Chitaranjan Barik,28-Mar-2026 10:39 PM,Rejected-AOC,Transparent Lottery,05-Jun-2026 03:59 PM,,,,,,,,,,,,,,,,,AOC
,,,,,,,,,,,,,,,,,,,,,,,,,,,,,,,,,,,,,,,,,,,,,,,,,,,,,,,,,,AOC,,,,,,,,,,,,,,,,,,,6,3441821,DILLIP KUMAR JENA,28-Mar-2026 12:53 PM,Rejected-AOC,Transparent Lottery,05-Jun-2026 03:59 PM,,,,,,,,,,,,,,,,,AOC
,,,,,,,,,,,,,,,,,,,,,,,,,,,,,,,,,,,,,,,,,,,,,,,,,,,,,,,,,,AOC,,,,,,,,,,,,,,,,,,,7,3441348,HIMANSU BHUSAN MAHUNTA,27-Mar-2026 12:18 PM,Rejected-AOC,Transparent Lottery,05-Jun-2026 03:59 PM,,,,,,,,,,,,,,,,,AOC
,,,,,,,,,,,,,,,,,,,,,,,,,,,,,,,,,,,,,,,,,,,,,,,,,,,,,,,,,,AOC,,,,,,,,,,,,,,,,,,,8,3440198,Jagadananda Rout,25-Mar-2026 01:04 PM,Accepted-AOC,Transparent Lottery,05-Jun-2026 03:59 PM,,,,,,,,,,,,,,,,,AOC
,,,,,,,,,,,,,,,,,,,,,,,,,,,,,,,,,,,,,,,,,,,,,,,,,,,,,,,,,,AOC,,,,,,,,,,,,,,,,,,,9,3441484,Jyoti Ranjan Mohapatra,26-Mar-2026 07:45 PM,Rejected-AOC,Transparent Lottery,05-Jun-2026 03:59 PM,,,,,,,,,,,,,,,,,AOC
,,,,,,,,,,,,,,,,,,,,,,,,,,,,,,,,,,,,,,,,,,,,,,,,,,,,,,,,,,AOC,,,,,,,,,,,,,,,,,,,10,3443000,Kamala Kanta Mishra,30-Mar-2026 12:13 AM,Rejected-AOC,Transparent Lottery,05-Jun-2026 03:59 PM,,,,,,,,,,,,,,,,,AOC
,,,,,,,,,,,,,,,,,,,,,,,,,,,,,,,,,,,,,,,,,,,,,,,,,,,,,,,,,,AOC,,,,,,,,,,,,,,,,,,,11,3438977,Laxmipriya Kar,25-Mar-2026 07:42 PM,Rejected-AOC,Transparent Lottery,05-Jun-2026 03:59 PM,,,,,,,,,,,,,,,,,AOC
,,,,,,,,,,,,,,,,,,,,,,,,,,,,,,,,,,,,,,,,,,,,,,,,,,,,,,,,,,AOC,,,,,,,,,,,,,,,,,,,12,3443722,Manoj Kumar Hota,30-Mar-2026 01:54 PM,Rejected-AOC,Transparent Lottery,05-Jun-2026 03:59 PM,,,,,,,,,,,,,,,,,AOC
,,,,,,,,,,,,,,,,,,,,,,,,,,,,,,,,,,,,,,,,,,,,,,,,,,,,,,,,,,AOC,,,,,,,,,,,,,,,,,,,13,3443967,MITHUN KUMAR NAIK,30-Mar-2026 03:46 PM,Rejected-AOC,Transparent Lottery,05-Jun-2026 03:59 PM,,,,,,,,,,,,,,,,,AOC
,,,,,,,,,,,,,,,,,,,,,,,,,,,,,,,,,,,,,,,,,,,,,,,,,,,,,,,,,,AOC,,,,,,,,,,,,,,,,,,,14,3437466,M/S. RAJ RIYANSH CONSTRUCTIONS,20-Mar-2026 06:01 PM,Rejected-AOC,Transparent Lottery,05-Jun-2026 03:59 PM,,,,,,,,,,,,,,,,,AOC
,,,,,,,,,,,,,,,,,,,,,,,,,,,,,,,,,,,,,,,,,,,,,,,,,,,,,,,,,,AOC,,,,,,,,,,,,,,,,,,,15,3438571,"M/S SAI SHREE CONSTRUCTIONS, PROP. SANGYASENI ROUT",24-Mar-2026 12:22 PM,Rejected-AOC,Transparent Lottery,05-Jun-2026 03:59 PM,,,,,,,,,,,,,,,,,AOC
,,,,,,,,,,,,,,,,,,,,,,,,,,,,,,,,,,,,,,,,,,,,,,,,,,,,,,,,,,AOC,,,,,,,,,,,,,,,,,,,16,3442259,PADMINI DAS,28-Mar-2026 09:50 PM,Rejected-AOC,Transparent Lottery,05-Jun-2026 03:59 PM,,,,,,,,,,,,,,,,,AOC
,,,,,,,,,,,,,,,,,,,,,,,,,,,,,,,,,,,,,,,,,,,,,,,,,,,,,,,,,,AOC,,,,,,,,,,,,,,,,,,,17,3442981,Parag Mohanty,29-Mar-2026 08:47 PM,Rejected-AOC,Transparent Lottery,05-Jun-2026 03:59 PM,,,,,,,,,,,,,,,,,AOC
,,,,,,,,,,,,,,,,,,,,,,,,,,,,,,,,,,,,,,,,,,,,,,,,,,,,,,,,,,AOC,,,,,,,,,,,,,,,,,,,18,3441922,Prafulla Kumar Mohanty,28-Mar-2026 02:08 PM,Rejected-AOC,Transparent Lottery,05-Jun-2026 03:59 PM,,,,,,,,,,,,,,,,,AOC
,,,,,,,,,,,,,,,,,,,,,,,,,,,,,,,,,,,,,,,,,,,,,,,,,,,,,,,,,,AOC,,,,,,,,,,,,,,,,,,,19,3441525,PRASANNA KUMAR PRADHAN,27-Mar-2026 08:49 AM,Rejected-AOC,Transparent Lottery,05-Jun-2026 03:59 PM,,,,,,,,,,,,,,,,,AOC
,,,,,,,,,,,,,,,,,,,,,,,,,,,,,,,,,,,,,,,,,,,,,,,,,,,,,,,,,,AOC,,,,,,,,,,,,,,,,,,,20,3440839,Puspa Sethy,26-Mar-2026 11:51 AM,Rejected-AOC,Transparent Lottery,05-Jun-2026 03:59 PM,,,,,,,,,,,,,,,,,AOC
,,,,,,,,,,,,,,,,,,,,,,,,,,,,,,,,,,,,,,,,,,,,,,,,,,,,,,,,,,AOC,,,,,,,,,,,,,,,,,,,21,3442758,Rojalin Kabisatapathy,29-Mar-2026 02:30 PM,Rejected-AOC,Transparent Lottery,05-Jun-2026 03:59 PM,,,,,,,,,,,,,,,,,AOC
,,,,,,,,,,,,,,,,,,,,,,,,,,,,,,,,,,,,,,,,,,,,,,,,,,,,,,,,,,AOC,,,,,,,,,,,,,,,,,,,22,3442435,Sandip Kumar Pattanaik,29-Mar-2026 01:49 PM,Rejected-AOC,Transparent Lottery,05-Jun-2026 03:59 PM,,,,,,,,,,,,,,,,,AOC
,,,,,,,,,,,,,,,,,,,,,,,,,,,,,,,,,,,,,,,,,,,,,,,,,,,,,,,,,,AOC,,,,,,,,,,,,,,,,,,,23,3440830,Sarata Kumar Sahu,26-Mar-2026 06:02 PM,Rejected-AOC,Transparent Lottery,05-Jun-2026 03:59 PM,,,,,,,,,,,,,,,,,AOC
,,,,,,,,,,,,,,,,,,,,,,,,,,,,,,,,,,,,,,,,,,,,,,,,,,,,,,,,,,AOC,,,,,,,,,,,,,,,,,,,24,3442414,Suryamani Rout,28-Mar-2026 10:31 PM,Rejected-AOC,Transparent Lottery,05-Jun-2026 03:59 PM,,,,,,,,,,,,,,,,,AOC
,,,,,,,,,,,,,,,,,,,,,,,,,,,,,,,,,,,,,,,,,,,,,,,,,,,,,,,,,,AOC,,,,,,,,,,,,,,,,,,,25,3441319,Tapaswini Mohapatra,26-Mar-2026 12:36 PM,Rejected-AOC,Transparent Lottery,05-Jun-2026 03:59 PM,,,,,,,,,,,,,,,,,AOC
