EMD Amount in ₹,EMD Exemption Allowed,EMD Fee Type,EMD Percentage,EMD Payable To,EMD Payable At,Tender Fee in ₹,Fee Payable To,Fee Payable At,Tender Fee Exemption Allowed,Title,Work Description,Pre Qualification Details,Independent External Monitor/Remarks,Tender Value in ₹,Product Category,Sub category,Contract Type,Bid Validity(Days),Period Of Work(Days),Location,Pincode,Pre Bid Meeting Place,Pre Bid Meeting Address,Pre Bid Meeting Date,Bid Opening Place,Should Allow NDA Tender,Allow Preferential Bidder,Organisation Chain,Tender Reference Number,Tender ID,Withdrawal Allowed,Tender Type,Form of contract,Tender Category,No. of Covers,General Technical Evaluation Allowed,ItemWise Technical Evaluation Allowed,Payment Mode,Is Multi Currency Allowed For BOQ,Is Multi Currency Allowed For Fee,Allow Two Stage Bidding,S.No,Corrigendum Title,Corrigendum Type,View,S.No.1,Bank Name,Name,Address,Cover No,Cover,Document Type,Description,Publish Date,Bid Opening Date,Document Download / Sale Start Date,Document Download / Sale End Date,Clarification Start Date,Clarification End Date,Bid Submission Start Date,Bid Submission End Date,Financial Bid Opening Date,Tender Stage,Type :,Summary :,Updated By :,Updated On :,Document :,Organisation Chain :,Tender ID :,Tender Ref No :,Tender Title :,Committee Chairperson/Co-ordinator Name :,Committee Chairperson/Co-ordinator Type :,Committee Members :,Updated By :.1,Updated on :,Document :.1,S.No,Bid Number,Bidder Name,Awarded Currency,Awarded Value,S.No.1,Bid Number.1,Bidder Name.1,Submitted Date,Status,Remarks,Status Updated On,Contract Date :,Total Contract Value :,Work Completion Period in days :,Updated By :.2,Updated on :.1,AOC document :,AOC Description :,Committee Chairperson/Co-ordinator Name :.1,Committee Chairperson/Co-ordinator Type :.1,Committee Members :.1,Updated By :.3,Updated On :.1,Financial Bid Opening Date:,Document :.2,Type :.1,Summary :.1,Updated By :.4,Updated On :.2,Document :.3,BOQ Comparative Chart :,Tender Stage
"2,52,000",Yes,fixed,,Nil,Nil,"10,000",Nil,Nil,No,"ACE, EC-II JKID 31 of 2025-26 Lining of Disty No.12A from RD 0.00 Km to 0.383 Km and from RD 0.810 Km to 1.902 Km of HLC Range-I and Kantigadia Sub-Minor.",Canal lining,Please refer Tender documents. ,NA ,"2,51,94,384",Civil Works - Canal,NA ,Tender,90.0,180.0,Jaraka,755050.0,NA ,NA ,NA ,"O/o ACE, Eastern Circle II, Chandikhole",No ,No,CE AND BM MBBS CHANDIKOLE||EASTERN CIRCLE II CHANDIKOLE,"e-Procurement Notice No.ACE, EC-II 10 of 2025-26",2026_ECCHA_124250_4,Yes,National Competitive Bid,Percentage,Works,2.0,No,No,Online,No,No,No,1.0,1st Corrigendum,Technical Bid,,1.0,ICICI BANK,Additional Chief Engineer,"O/o ACE, Eastern Circle II, Chandikhole",1.0,Fee/PreQual/Technical,.pdf,"PAN, GSTIN, RC, Documents related to EMD exemption",06-Jan-2026 10:00 AM,21-Jan-2026 11:30 AM,06-Jan-2026 10:00 AM,20-Jan-2026 05:00 PM,06-Jan-2026 10:00 AM ,12-Jan-2026 05:00 PM ,06-Jan-2026 10:00 AM,20-Jan-2026 05:00 PM,20-Feb-2026 11:00 AM,AOC,Technical,Uploaded tender documents of all the bidders have been downloaded successfully.,PRANAB KUMAR NAYAK,21-Jan-2026 12:00 PM,,CE AND BM MBBS CHANDIKOLE||EASTERN CIRCLE II CHANDIKOLE,2026_ECCHA_124250_4,"e-Procurement Notice No.ACE, EC-II 10 of 2025-26","ACE, EC-II JKID 31 of 2025-26 Lining of Disty No.12A from RD 0.00 Km to 0.383 Km and from RD 0.810 Km to 1.902 Km of HLC Range-I and Kantigadia Sub-Minor.","Additional Chief Engineer, Eastern Circle II, Chandiikhole",Internal,"Asst to ACEECII Chandikhole, Superintending Engineer and DAO Jaraka Irrigation Division",PRANAB KUMAR NAYAK,22-May-2026 01:31 PM,finsummary_574654.pdf (485.65 KB),1.0,3361288.0,NIHAR RANJAN NAYAK,INR,"17,363,751",1,3361285,A S ADITYA SUBHRAJYOTI DHAL,20-Jan-2026 02:03 PM,Rejected-Finance,Due to L5,22-May-2026 01:31 PM,09-Jun-2026,"INR 17,363,751",180.0,PRANAB KUMAR NAYAK,09-Jun-2026 12:48 PM,WOJKID_31.pdf (637.00 KB),Contract Awarded,"Additional Chief Engineer, Eastern Circle II, Chandikhole",Internal,"SE and DAO, Jaraka Irrigation Division SE, Aul Embankment Division Assistant to ACE, Eastern Circle II, Chandikhole",PRANAB KUMAR NAYAK,19-Feb-2026 04:18 PM,20-Feb-2026 11:00 AM,techsummary_574654.pdf (779.53 KB),Finance,Financial bid documents of all the eligible bidders have been downloaded successfully.,PRANAB KUMAR NAYAK,20-Feb-2026 12:47 PM,,BOQ Comparative Chart,AOC
,,,,,,,,,,,,,,,,,,,,,,,,,,,,,,,,,,,,,,,,,,,,,,2.0,ICICI NEFT/RTGS,,,,,.pdf,"Affidavit, No Relation Certificate, undertakings, any other document as per SBD/DTCN",,,,,,,,,,AOC,,,,,,,,,,,,,,,,,,,,,2,3359225,ASISH KUMAR SWAIN,19-Jan-2026 11:13 AM,Rejected-Finance,Due to L8,22-May-2026 01:31 PM,,,,,,,,,,,,,,,,,,,,,AOC
,,,,,,,,,,,,,,,,,,,,,,,,,,,,,,,,,,,,,,,,,,,,,,,,,,2.0,Finance,.xls,Bill of Quantity,,,,,,,,,,AOC,,,,,,,,,,,,,,,,,,,,,3,3361453,chittaranjan sahoo,20-Jan-2026 03:27 PM,Rejected-Finance,Due to L3,22-May-2026 01:31 PM,,,,,,,,,,,,,,,,,,,,,AOC
,,,,,,,,,,,,,,,,,,,,,,,,,,,,,,,,,,,,,,,,,,,,,,,,,,,,,,,,,,,,,,,AOC,,,,,,,,,,,,,,,,,,,,,4,3361486,INDO ROOFTEC (OPC) PRIVATE LIMITED,20-Jan-2026 04:15 PM,Rejected-Finance,Due to L6,22-May-2026 01:31 PM,,,,,,,,,,,,,,,,,,,,,AOC
,,,,,,,,,,,,,,,,,,,,,,,,,,,,,,,,,,,,,,,,,,,,,,,,,,,,,,,,,,,,,,,AOC,,,,,,,,,,,,,,,,,,,,,5,3361329,JAYANTA KUMAR SETHY,20-Jan-2026 04:02 PM,Rejected-Finance,Due to L7,22-May-2026 01:31 PM,,,,,,,,,,,,,,,,,,,,,AOC
,,,,,,,,,,,,,,,,,,,,,,,,,,,,,,,,,,,,,,,,,,,,,,,,,,,,,,,,,,,,,,,AOC,,,,,,,,,,,,,,,,,,,,,6,3360787,JYOTI RANJAN ROUT,20-Jan-2026 11:11 AM,Rejected-Finance,Due to L4,22-May-2026 01:31 PM,,,,,,,,,,,,,,,,,,,,,AOC
,,,,,,,,,,,,,,,,,,,,,,,,,,,,,,,,,,,,,,,,,,,,,,,,,,,,,,,,,,,,,,,AOC,,,,,,,,,,,,,,,,,,,,,7,3358860,KALANDI SAHOO,20-Jan-2026 04:25 PM,Rejected-Finance,Due to L3,22-May-2026 01:31 PM,,,,,,,,,,,,,,,,,,,,,AOC
,,,,,,,,,,,,,,,,,,,,,,,,,,,,,,,,,,,,,,,,,,,,,,,,,,,,,,,,,,,,,,,AOC,,,,,,,,,,,,,,,,,,,,,8,3352251,MD LIYAQUAT ALI,12-Jan-2026 09:25 PM,Rejected-Finance,Due to L2,22-May-2026 01:31 PM,,,,,,,,,,,,,,,,,,,,,AOC
,,,,,,,,,,,,,,,,,,,,,,,,,,,,,,,,,,,,,,,,,,,,,,,,,,,,,,,,,,,,,,,AOC,,,,,,,,,,,,,,,,,,,,,9,3361288,NIHAR RANJAN NAYAK,20-Jan-2026 02:38 PM,Accepted-AOC,Due to L1,09-Jun-2026 12:48 PM,,,,,,,,,,,,,,,,,,,,,AOC
