Committee Chairperson/Co-ordinator Name :,Committee Chairperson/Co-ordinator Type :,Committee Members :,Updated By :,Updated On :,Document :,S.No,Bid Number,Bidder Name,Submitted Date,Status,Remarks,Status Updated On,Contract Date :,Total Contract Value :,Work Completion Period in days :,Updated By :.1,Updated on :,AOC document :,AOC Description :,S.No.1,Bid Number.1,Bidder Name.1,Awarded Currency,Awarded Value,Type :,Summary :,Updated By :.2,Updated On :.1,Document :.1,BOQ Comparative Chart :,Committee Chairperson/Co-ordinator Name :.1,Committee Chairperson/Co-ordinator Type :.1,Committee Members :.1,Updated By :.3,Updated on :.1,Document :.2,Organisation Chain :,Tender ID :,Tender Ref No :,Tender Title :,Tender Stage,Title,Work Description,Pre Qualification Details,Independent External Monitor/Remarks,Tender Value in ₹,Product Category,Sub category,Contract Type,Bid Validity(Days),Period Of Work(Days),Location,Pincode,Pre Bid Meeting Place,Pre Bid Meeting Address,Pre Bid Meeting Date,Bid Opening Place,Should Allow NDA Tender,Allow Preferential Bidder,Publish Date,Bid Opening Date,Document Download / Sale Start Date,Document Download / Sale End Date,Clarification Start Date,Clarification End Date,Bid Submission Start Date,Bid Submission End Date,Tender Fee in ₹,Fee Payable To,Fee Payable At,Tender Fee Exemption Allowed,Organisation Chain,Tender Reference Number,Tender ID,Withdrawal Allowed,Tender Type,Form of contract,Tender Category,No. of Covers,General Technical Evaluation Allowed,ItemWise Technical Evaluation Allowed,Payment Mode,Is Multi Currency Allowed For BOQ,Is Multi Currency Allowed For Fee,Allow Two Stage Bidding,S.No,Bank Name,Cover No,Cover,Document Type,Description,EMD Amount in ₹,EMD Exemption Allowed,EMD Fee Type,EMD Percentage,EMD Payable To,EMD Payable At,Name,Address,Tender Stage
"BDO, Bissamcuttak",Internal,"Asst. Executive Engineer, Junior Engineer, Section Officer, Dealing Clerk",Siva Prasad Patnaik,11-Jun-2026 12:57 PM,techsummary_587691.pdf (231.20 KB),1,3464091,ASHANTA BAGH,25-Apr-2026 06:48 PM,Rejected-Finance,Not qualify for Lottery Process,12-Jun-2026 08:53 AM,12-Jun-2026,"INR 2,180,564",90.0,Siva Prasad Patnaik,12-Jun-2026 10:51 AM,Bhatpur.pdf (510.00 KB),Qualified in the Lottery Process as 1st Lowest,1.0,3465105.0,SANTOSH KUMAR PATRA KINTALA,INR,"2,180,564",Finance,"BDO, Bissamcuttack Asst. Executive Engineer, Junior Engineer, Section Officer, Dealing Clerk",Siva Prasad Patnaik,11-Jun-2026 12:36 PM,finance_587691.pdf,BOQ Comparative Chart,"BDO, Bissamcuttak",Internal,"Asst. Executive Engineer, Junior Engineer, Section Officer, Dealing Clerk",Siva Prasad Patnaik,12-Jun-2026 08:53 AM,finsummary_587691.pdf (1979.85 KB),Panchayati Raj and Drinking Water Department Odisha||Zilla Parisad Rayagada||BISSAM CUTTACK Block,2026_PZPBC_128073_4,BMCK 01/2026-27,"Construction of G.S.S.K Building at Bhatpur, GP-Bhatpur",AOC,"Construction of G.S.S.K Building at Bhatpur, GP-Bhatpur","Construction of G.S.S.K Building at Bhatpur, GP-Bhatpur",Please refer Tender documents. ,NA ,"21,80,564",Civil Works - Buildings,NA ,Tender,90.0,90.0,Bhatpur,765025.0,NA ,NA ,NA ,"Office of the BDO, Bissamcuttak",No ,No,13-Apr-2026 11:00 AM,28-Apr-2026 11:00 AM,13-Apr-2026 11:00 AM,27-Apr-2026 05:00 PM,13-Apr-2026 11:00 AM ,27-Apr-2026 05:00 PM ,13-Apr-2026 11:00 AM,27-Apr-2026 05:00 PM,"6,000",Nil,Nil,No,Panchayati Raj and Drinking Water Department Odisha||Zilla Parisad Rayagada||BISSAM CUTTACK Block,BMCK 01/2026-27,2026_PZPBC_128073_4,Yes,Open Tender,Percentage,Works,1.0,No,No,Online,No,No,No,1.0,ICICI BANK,1.0,Fee/PreQual/Technical/Finance,.pdf,"License, PAN, GSTN, affidavit and other documents as per DTCN","21,806",Yes,percentage,1.0%,Nil,Nil,"Block Development Officer, Bissamcuttak","Block Development Officer, Bissamcuttak",AOC
,,,,,,2,3461877,CHANDAN KUMAR MANDIKA,27-Apr-2026 01:53 PM,Rejected-Finance,Not qualify for Lottery Process,12-Jun-2026 08:53 AM,,,,,,,,,,,,,,,,,,,,,,,,,,,,,AOC,,,,,,,,,,,,,,,,,,,,,,,,,,,,,,,,,,,,,,,,,,,,,2.0,ICICI NEFT/RTGS,,,.xls,BOQ,,,,,,,,,AOC
,,,,,,3,3465891,DAMBURUDHAR HIAL,27-Apr-2026 04:58 PM,Rejected-Finance,Not qualify for Lottery Process,12-Jun-2026 08:53 AM,,,,,,,,,,,,,,,,,,,,,,,,,,,,,AOC,,,,,,,,,,,,,,,,,,,,,,,,,,,,,,,,,,,,,,,,,,,,,,,,,,,,,,,,,,,AOC
,,,,,,4,3465648,DILIP KUMAR RATNALU,27-Apr-2026 02:33 PM,Rejected-Finance,Not qualify for Lottery Process,12-Jun-2026 08:53 AM,,,,,,,,,,,,,,,,,,,,,,,,,,,,,AOC,,,,,,,,,,,,,,,,,,,,,,,,,,,,,,,,,,,,,,,,,,,,,,,,,,,,,,,,,,,AOC
,,,,,,5,3464474,LAICHAN KARKARIA,25-Apr-2026 05:24 PM,Rejected-Finance,Not qualify for Lottery Process,12-Jun-2026 08:53 AM,,,,,,,,,,,,,,,,,,,,,,,,,,,,,AOC,,,,,,,,,,,,,,,,,,,,,,,,,,,,,,,,,,,,,,,,,,,,,,,,,,,,,,,,,,,AOC
,,,,,,6,3464694,NANDA KISHOR PRASAD CHOURASIA,27-Apr-2026 12:50 PM,Rejected-Finance,Not qualify for Lottery Process,12-Jun-2026 08:53 AM,,,,,,,,,,,,,,,,,,,,,,,,,,,,,AOC,,,,,,,,,,,,,,,,,,,,,,,,,,,,,,,,,,,,,,,,,,,,,,,,,,,,,,,,,,,AOC
,,,,,,7,3465103,NIRUPAMA GOUDA,27-Apr-2026 12:22 AM,Rejected-Finance,Not qualify for Lottery Process,12-Jun-2026 08:53 AM,,,,,,,,,,,,,,,,,,,,,,,,,,,,,AOC,,,,,,,,,,,,,,,,,,,,,,,,,,,,,,,,,,,,,,,,,,,,,,,,,,,,,,,,,,,AOC
,,,,,,8,3464965,PRIYANKA PANDA,26-Apr-2026 08:27 PM,Rejected-Finance,Not qualify for Lottery Process,12-Jun-2026 08:53 AM,,,,,,,,,,,,,,,,,,,,,,,,,,,,,AOC,,,,,,,,,,,,,,,,,,,,,,,,,,,,,,,,,,,,,,,,,,,,,,,,,,,,,,,,,,,AOC
,,,,,,9,3464720,RAINA KADRAKA,27-Apr-2026 11:56 AM,Rejected-Finance,Not qualify for Lottery Process,12-Jun-2026 08:53 AM,,,,,,,,,,,,,,,,,,,,,,,,,,,,,AOC,,,,,,,,,,,,,,,,,,,,,,,,,,,,,,,,,,,,,,,,,,,,,,,,,,,,,,,,,,,AOC
,,,,,,10,3465775,RAJESH PANDA,27-Apr-2026 03:50 PM,Rejected-Finance,Not qualify for Lottery Process,12-Jun-2026 08:53 AM,,,,,,,,,,,,,,,,,,,,,,,,,,,,,AOC,,,,,,,,,,,,,,,,,,,,,,,,,,,,,,,,,,,,,,,,,,,,,,,,,,,,,,,,,,,AOC
,,,,,,11,3464855,RAKESH KUMAR PATRO,26-Apr-2026 03:42 PM,Rejected-Finance,Not qualify for Lottery Process,12-Jun-2026 08:53 AM,,,,,,,,,,,,,,,,,,,,,,,,,,,,,AOC,,,,,,,,,,,,,,,,,,,,,,,,,,,,,,,,,,,,,,,,,,,,,,,,,,,,,,,,,,,AOC
,,,,,,12,3465562,RAMAKANTA PANDA,27-Apr-2026 04:45 PM,Rejected-Finance,Not qualify for Lottery Process,12-Jun-2026 08:53 AM,,,,,,,,,,,,,,,,,,,,,,,,,,,,,AOC,,,,,,,,,,,,,,,,,,,,,,,,,,,,,,,,,,,,,,,,,,,,,,,,,,,,,,,,,,,AOC
,,,,,,13,3465105,SANTOSH KUMAR PATRA KINTALA,27-Apr-2026 12:36 AM,Accepted-AOC,Qualified in the Lottery Process as 1st Lowest,12-Jun-2026 10:51 AM,,,,,,,,,,,,,,,,,,,,,,,,,,,,,AOC,,,,,,,,,,,,,,,,,,,,,,,,,,,,,,,,,,,,,,,,,,,,,,,,,,,,,,,,,,,AOC
