object_id,total_tender_awarded_value
21-370-03311,2992229.099
21-370-03312,354410805.09000003
21-370-03320,47974673.0
21-371-03404,211769817.01999998
21-371-03407,21493561.0
21-372-03559,21873065.0
21-372-03560,106345892.0
21-372-03562,83063635.0
21-372-03563,847454.0
21-372-03566,8241398.0
21-374-03577,4917523.0
21-374-03579,51122687.95
21-374-03586,757505.0
21-374-03588,105601443.042
21-375-03449,1006715.0
21-375-03453,7111598.0
21-376-03488,24790999.0
21-376-03490,3693074.0
21-377-03304,550846.78
21-377-03305,605169.0
21-377-03307,5124954.0
21-378-03323,640951.73
21-378-03328,42226703.0
21-379-03434,165970729.0
21-379-03436,39622424.0
21-379-03437,2656614.0
21-379-03438,6503313.0
21-379-03440,5644354.0
21-380-03388,4039040.0
21-381-03332,1956672.0
21-381-03334,1764503.0
21-381-03335,20020785.0
21-381-03340,51306212.879999995
21-381-03344,22836424.580000002
21-381-03345,11386282.0
21-382-03395,5544577.0
21-382-03400,87601144.0
21-385-03524,170741.0
21-385-03527,1961629468.55
21-385-03528,3317571.9699999997
21-386-03458,9823933.0
21-386-03459,72709570.0
21-386-03460,3345816.0
21-386-03462,1490514.0
21-386-03464,5121848.0
21-387-03536,3955806.57
21-387-03537,2714463.0
21-387-03543,20147129.0
21-388-03365,5080590.0
21-388-03366,4460265.0
21-388-03368,949297.0
21-388-03373,56182235.0
21-388-03374,7214527.06
21-388-03375,484221.0
21-388-03378,7885286.0
21-388-03380,484721.0
21-388-03383,4936370.69
21-388-03385,3403404.0
21-389-03360,3698102.0
21-391-03329,531293.0
21-392-03570,4118260.33
21-394-03534,63794772.0
21-395-03409,737445.02
21-396-03557,79298043.42
21-397-03517,177055499.667
21-397-03518,678042.0
21-398-03468,1033148.0
21-398-03471,51692026.53
21-399-03484,4090712.076
